step,day,k,p_load_fc_646_kw,p_pv_fc_646_kw,p_load_646_kw,p_pv_646_kw,baseline_grid_646_kw,battery_646_kw,battery_action,grid_646_kw,grid_646_forecast_kw,soc_predicted_pct,soc_measured_pct,feeder_baseline_grid_kw,feeder_grid_with_cil_kw,mpc_status
1,1,1,49.248,0.024,49.248,0.024,49.224,-19.715,Charge,68.939,68.939,50.9664,50.0,770.206,789.921,optimal
2,1,2,45.32,0.0,45.32,0.0,45.32,-23.7292,Charge,69.0492,69.0492,51.1632,50.0,727.468,751.1972,optimal
3,1,3,41.396,0.0,41.396,0.0,41.396,-27.7563,Charge,69.1523,69.1523,51.3606,50.0,628.38,656.1363,optimal
4,1,4,43.692,0.012,43.692,0.012,43.68,-25.4515,Charge,69.1315,69.1315,51.2476,50.0,587.572,613.0235,optimal
5,1,5,35.162,0.012,35.162,0.012,35.15,-33.8384,Charge,68.9884,68.9884,51.6587,50.0,548.196,582.0344,optimal
6,1,6,36.362,0.002,36.362,0.002,36.36,-32.7619,Charge,69.1219,69.1219,51.606,50.0,546.016,578.7779,optimal
7,1,7,35.708,0.0,35.708,0.0,35.708,-33.4735,Charge,69.1815,69.1815,51.6409,50.0,536.282,569.7555,optimal
8,1,8,37.79,0.0,37.79,0.0,37.79,-31.462,Charge,69.252,69.252,51.5423,50.0,531.506,562.968,optimal
9,1,9,36.592,0.0,36.592,0.0,36.592,-32.6788,Charge,69.2708,69.2708,51.6019,50.0,529.184,561.8628,optimal
10,1,10,36.644,0.012,36.644,0.012,36.632,-32.7476,Charge,69.3796,69.3796,51.6053,50.0,525.534,558.2816,optimal
11,1,11,42.512,0.0,42.512,0.0,42.512,-26.9075,Charge,69.4195,69.4195,51.319,50.0,564.806,591.7135,optimal
12,1,12,46.514,0.012,46.514,0.012,46.502,-22.826,Charge,69.328,69.328,51.1189,50.0,582.732,605.558,optimal
13,1,13,45.304,0.324,45.304,0.324,44.98,-24.3188,Charge,69.2988,69.2988,51.1921,50.0,580.33,604.6488,optimal
14,1,14,47.144,3.512,47.144,3.512,43.632,-25.8013,Charge,69.4333,69.4333,51.2648,50.0,588.626,614.4273,optimal
15,1,15,48.242,9.32,48.242,9.32,38.922,16.6242,Discharge,22.2978,22.2978,49.1851,50.0,538.794,522.1698,optimal
16,1,16,47.072,17.264,47.072,17.264,29.808,7.4166,Discharge,22.3914,22.3914,49.6364,50.0,398.868,391.4514,optimal
17,1,17,49.756,26.836,49.756,26.836,22.92,0.4089,Idle,22.5111,22.5111,49.98,50.0,309.164,308.7551,optimal
18,1,18,56.742,35.87,56.742,35.87,20.872,-1.8157,Charge,22.6877,22.6877,50.089,50.0,224.496,226.3117,optimal
19,1,19,52.412,46.048,52.412,46.048,6.364,-16.3934,Charge,22.7574,22.7574,50.8036,50.0,21.464,37.8574,optimal
20,1,20,53.512,59.616,53.512,59.616,-6.104,-28.9844,Charge,22.8804,22.8804,51.4208,50.0,-146.786,-117.8016,optimal
21,1,21,54.998,70.178,54.998,70.178,-15.18,-38.3362,Charge,23.1562,23.1562,51.8792,50.0,-260.024,-221.6878,optimal
22,1,22,60.802,85.684,60.802,85.684,-24.882,-48.8947,Charge,24.0127,24.0127,52.3968,50.0,-414.324,-365.4293,optimal
23,1,23,57.856,94.466,57.856,94.466,-36.61,-61.6662,Charge,25.0562,25.0562,53.0229,50.0,-554.01,-492.3438,optimal
24,1,24,60.714,100.496,60.714,100.496,-39.782,-66.2476,Charge,26.4656,26.4656,53.2474,50.0,-555.218,-488.9704,optimal
25,1,25,65.298,110.726,65.298,110.726,-45.428,-73.21,Charge,27.782,27.782,53.5887,50.0,-576.48,-503.27,optimal
26,1,26,68.302,114.912,68.302,114.912,-46.61,-75.9936,Charge,29.3836,29.3836,53.7252,50.0,-599.418,-523.4244,optimal
27,1,27,66.218,115.398,66.218,115.398,-49.18,-80.3921,Charge,31.2121,31.2121,53.9408,50.0,-636.43,-556.0379,optimal
28,1,28,71.34,120.906,71.34,120.906,-49.566,-82.6981,Charge,33.1321,33.1321,54.0538,50.0,-672.31,-589.6119,optimal
29,1,29,73.608,121.092,73.608,121.092,-47.484,-34.5255,Charge,-12.9585,-12.9585,51.6924,50.0,-570.814,-536.2885,optimal
30,1,30,73.3,116.338,73.3,116.338,-43.038,-30.5331,Charge,-12.5049,-12.5049,51.4967,50.0,-481.86,-451.3269,optimal
31,1,31,79.654,108.952,79.654,108.952,-29.298,-17.2871,Charge,-12.0109,-12.0109,50.8474,50.0,-273.328,-256.0409,optimal
32,1,32,87.28,99.974,87.28,99.974,-12.694,-1.175,Charge,-11.519,-11.519,50.0576,50.0,-64.514,-63.339,optimal
33,1,33,88.974,85.626,88.974,85.626,3.348,14.3927,Discharge,-11.0447,-11.0447,49.2945,50.0,70.638,56.2453,optimal
34,1,34,91.22,71.08,91.22,71.08,20.14,30.6998,Discharge,-10.5598,-10.5598,48.4951,50.0,276.038,245.3382,optimal
35,1,35,96.882,57.722,96.882,57.722,39.16,49.2443,Discharge,-10.0843,-10.0843,47.5861,50.0,554.818,505.5737,optimal
36,1,36,109.798,42.846,109.798,42.846,66.952,76.5325,Discharge,-9.5805,-9.5805,46.2484,50.0,937.924,861.3915,optimal
37,1,37,110.95,26.944,110.95,26.944,84.006,93.7145,Discharge,-9.7085,-9.7085,45.4062,50.0,1150.222,1056.5075,optimal
38,1,38,101.054,12.92,101.054,12.92,88.134,98.2057,Discharge,-10.0717,-10.0717,45.186,50.0,1281.556,1183.3503,optimal
39,1,39,88.364,4.61,88.364,4.61,83.754,94.2078,Discharge,-10.4538,-10.4538,45.382,50.0,1274.304,1180.0962,optimal
40,1,40,85.14,0.808,85.14,0.808,84.332,95.1538,Discharge,-10.8218,-10.8218,45.3356,50.0,1284.292,1189.1382,optimal
41,1,41,95.846,0.012,95.846,0.012,95.834,51.8264,Discharge,44.0076,44.0076,47.4595,50.0,1239.842,1188.0156,optimal
42,1,42,106.914,0.024,106.914,0.024,106.89,63.9401,Discharge,42.9499,42.9499,46.8657,50.0,1251.722,1187.7819,optimal
43,1,43,100.72,0.024,100.72,0.024,100.696,59.0782,Discharge,41.6178,41.6178,47.104,50.0,1204.924,1145.8458,optimal
44,1,44,111.68,0.0,111.68,0.0,111.68,71.3192,Discharge,40.3608,40.3608,46.504,50.0,1250.378,1179.0588,optimal
45,1,45,104.822,0.002,104.822,0.002,104.82,2.1992,Discharge,102.6208,102.6208,49.8922,50.0,1158.552,1156.3528,optimal
46,1,46,82.278,0.05,82.278,0.05,82.228,-20.2928,Charge,102.5208,102.5208,50.9947,50.0,1020.98,1041.2728,optimal
47,1,47,69.702,0.012,69.702,0.012,69.69,-33.7971,Charge,103.4871,103.4871,51.6567,50.0,883.94,917.7371,optimal
48,1,48,58.92,0.012,58.92,0.012,58.908,-46.269,Charge,105.177,105.177,52.2681,50.0,787.042,833.311,optimal
49,2,1,52.356,0.024,52.356,0.024,52.332,-55.2802,Charge,107.6122,107.6122,52.7098,50.0,757.41,812.6902,optimal
50,2,2,48.228,0.0,48.228,0.0,48.228,-62.4553,Charge,110.6833,110.6833,53.0615,50.0,684.528,746.9833,optimal
51,2,3,40.82,0.012,40.82,0.012,40.808,-73.5492,Charge,114.3572,114.3572,53.6054,50.0,600.958,674.5072,optimal
52,2,4,39.656,0.012,39.656,0.012,39.644,-79.1841,Charge,118.8281,118.8281,53.8816,50.0,559.808,638.9921,optimal
53,2,5,38.952,0.036,38.952,0.036,38.916,-85.0208,Charge,123.9368,123.9368,54.1677,50.0,585.64,670.6608,optimal
54,2,6,38.04,0.0,38.04,0.0,38.04,-91.7603,Charge,129.8003,129.8003,54.4981,50.0,558.49,650.2503,optimal
55,2,7,37.696,0.0,37.696,0.0,37.696,-98.9013,Charge,136.5973,136.5973,54.8481,50.0,575.054,673.9553,optimal
56,2,8,38.332,0.012,38.332,0.012,38.32,-105.9016,Charge,144.2216,144.2216,55.1913,50.0,567.972,673.8736,optimal
57,2,9,39.672,0.012,39.672,0.012,39.66,-113.0338,Charge,152.6938,152.6938,55.5409,50.0,571.208,684.2418,optimal
58,2,10,37.782,0.024,37.782,0.024,37.758,-124.6597,Charge,162.4177,162.4177,56.1108,50.0,559.776,684.4357,optimal
59,2,11,39.956,0.024,39.956,0.024,39.932,-133.8184,Charge,173.7504,173.7504,56.5597,50.0,559.69,693.5084,optimal
60,2,12,45.702,0.024,45.702,0.024,45.678,-141.4542,Charge,187.1322,187.1322,56.934,50.0,587.296,728.7502,optimal
61,2,13,49.374,0.602,49.374,0.602,48.772,-154.0773,Charge,202.8493,202.8493,57.5528,50.0,595.704,749.7813,optimal
62,2,14,52.26,4.052,52.26,4.052,48.208,-173.901,Charge,222.109,222.109,58.5246,50.0,597.454,771.355,optimal
63,2,15,55.674,11.47,55.674,11.47,44.204,-66.772,Charge,110.976,110.976,53.2731,50.0,513.146,579.918,optimal
64,2,16,58.14,21.582,58.14,21.582,36.558,-79.5543,Charge,116.1123,116.1123,53.8997,50.0,428.29,507.8443,optimal
65,2,17,64.788,31.906,64.788,31.906,32.882,-89.8598,Charge,122.7418,122.7418,54.4049,50.0,380.052,469.9118,optimal
66,2,18,67.456,42.654,67.456,42.654,24.802,-106.1089,Charge,130.9109,130.9109,55.2014,50.0,255.708,361.8169,optimal
67,2,19,70.248,56.946,70.248,56.946,13.302,-128.2198,Charge,141.5218,141.5218,56.2853,50.0,99.066,227.2858,optimal
68,2,20,79.892,70.44,79.892,70.44,9.452,-146.3164,Charge,155.7684,155.7684,57.1724,50.0,10.152,156.4684,optimal
69,2,21,111.054,77.928,111.054,77.928,33.126,-140.932,Charge,174.058,174.058,56.9084,50.0,181.118,322.05,optimal
70,2,22,117.822,83.854,117.822,83.854,33.968,-151.151,Charge,185.119,185.119,57.4094,50.0,192.278,343.429,optimal
71,2,23,135.28,92.4,135.28,92.4,42.88,-154.4285,Charge,197.3085,197.3085,57.57,50.0,268.152,422.5805,optimal
72,2,24,140.456,105.99,140.456,105.99,34.466,-176.3889,Charge,210.8549,210.8549,58.6465,50.0,223.266,399.6549,optimal
73,2,25,161.566,116.666,161.566,116.666,44.9,-184.3,Charge,229.2,229.2,59.0343,50.0,341.366,525.666,optimal
74,2,26,175.42,118.9,175.42,118.9,56.52,-201.4526,Charge,257.9726,257.9726,59.8751,50.0,457.456,658.9086,optimal
75,2,27,182.322,123.218,182.322,123.218,59.104,-244.6533,Charge,303.7573,303.7573,61.9928,50.0,492.308,736.9613,optimal
76,2,28,188.338,120.838,188.338,120.838,67.5,-308.2141,Charge,375.7141,375.7141,65.1085,50.0,702.56,1010.7741,optimal
77,2,29,188.414,107.988,188.414,107.988,80.426,-0.4013,Idle,80.8273,80.8273,50.0197,50.0,993.278,993.6793,optimal
78,2,30,192.822,96.568,192.822,96.568,96.254,15.3902,Discharge,80.8638,80.8638,49.2456,50.0,1230.294,1214.9038,optimal
79,2,31,199.29,89.876,199.29,89.876,109.414,30.0892,Discharge,79.3248,79.3248,48.525,50.0,1365.496,1335.4068,optimal
80,2,32,207.96,86.9,207.96,86.9,121.06,45.0784,Discharge,75.9816,75.9816,47.7903,50.0,1481.14,1436.0616,optimal
81,2,33,217.66,77.554,217.66,77.554,140.106,69.7593,Discharge,70.3467,70.3467,46.5804,50.0,1684.588,1614.8287,optimal
82,2,34,216.77,62.55,216.77,62.55,154.22,93.8389,Discharge,60.3811,60.3811,45.4001,50.0,2066.436,1972.5971,optimal
83,2,35,228.026,46.774,228.026,46.774,181.252,136.5107,Discharge,44.7413,44.7413,43.3083,50.0,2387.786,2251.2753,optimal
84,2,36,233.714,30.648,233.714,30.648,203.066,177.8798,Discharge,25.1862,25.1862,41.2804,50.0,2735.888,2558.0082,optimal
85,2,37,232.5,20.264,232.5,20.264,212.236,194.9253,Discharge,17.3107,17.3107,40.4448,50.0,3017.874,2822.9488,optimal
86,2,38,227.104,13.12,227.104,13.12,213.984,205.1483,Discharge,8.8357,8.8357,39.9437,50.0,3089.434,2884.2857,optimal
87,2,39,234.898,4.792,234.898,4.792,230.106,230.5952,Discharge,-0.4892,-0.4892,38.6963,50.0,3224.332,2993.7368,optimal
88,2,40,248.834,1.03,248.834,1.03,247.804,255.4405,Discharge,-7.6365,-7.6365,37.4784,50.0,3275.426,3019.9855,optimal
89,2,41,245.968,0.0,245.968,0.0,245.968,197.3902,Discharge,48.5778,48.5778,40.324,50.0,3251.296,3053.9058,optimal
90,2,42,237.94,0.012,237.94,0.012,237.928,192.4688,Discharge,45.4592,45.4592,40.5653,50.0,3191.742,2999.2732,optimal
91,2,43,232.632,0.0,232.632,0.0,232.632,190.1263,Discharge,42.5057,42.5057,40.6801,50.0,2980.294,2790.1677,optimal
92,2,44,214.814,0.014,214.814,0.014,214.8,175.1289,Discharge,39.6711,39.6711,41.4152,50.0,2861.122,2685.9931,optimal
93,2,45,198.362,0.026,198.362,0.026,198.336,99.2686,Discharge,99.0674,99.0674,45.1339,50.0,2487.716,2388.4474,optimal
94,2,46,178.398,0.012,178.398,0.012,178.386,83.9251,Discharge,94.4609,94.4609,45.886,50.0,2227.098,2143.1729,optimal
95,2,47,149.682,0.0,149.682,0.0,149.682,59.3059,Discharge,90.3761,90.3761,47.0928,50.0,1848.164,1788.8581,optimal
96,2,48,129.88,0.002,129.88,0.002,129.878,42.7734,Discharge,87.1046,87.1046,47.9033,50.0,1702.77,1659.9966,optimal
97,3,1,102.93,0.012,102.93,0.012,102.918,18.6327,Discharge,84.2853,84.2853,49.0866,50.0,1505.51,1486.8773,optimal
98,3,2,97.436,0.014,97.436,0.014,97.422,15.2746,Discharge,82.1474,82.1474,49.2512,50.0,1455.458,1440.1834,optimal
99,3,3,91.564,0.0,91.564,0.0,91.564,11.3782,Discharge,80.1858,80.1858,49.4422,50.0,1345.314,1333.9358,optimal
100,3,4,81.062,0.036,81.062,0.036,81.026,2.7288,Discharge,78.2972,78.2972,49.8662,50.0,1233.78,1231.0512,optimal
101,3,5,72.71,0.012,72.71,0.012,72.698,-4.0687,Charge,76.7667,76.7667,50.1994,50.0,1231.574,1235.6427,optimal
102,3,6,83.71,0.038,83.71,0.038,83.672,8.0724,Discharge,75.5996,75.5996,49.6043,50.0,1217.484,1209.4116,optimal
103,3,7,78.624,0.0,78.624,0.0,78.624,4.82,Discharge,73.804,73.804,49.7637,50.0,1142.534,1137.714,optimal
104,3,8,75.408,0.024,75.408,0.024,75.384,3.1733,Discharge,72.2107,72.2107,49.8444,50.0,1067.822,1064.6487,optimal
105,3,9,64.512,0.002,64.512,0.002,64.51,-6.2087,Charge,70.7187,70.7187,50.3043,50.0,1022.042,1028.2507,optimal
106,3,10,58.81,0.024,58.81,0.024,58.786,-10.7608,Charge,69.5468,69.5468,50.5275,50.0,987.948,998.7088,optimal
107,3,11,58.518,0.0,58.518,0.0,58.518,-10.0475,Charge,68.5655,68.5655,50.4925,50.0,936.454,946.5015,optimal
108,3,12,54.544,0.036,54.544,0.036,54.508,-13.3492,Charge,67.8572,67.8572,50.6544,50.0,856.102,869.4512,optimal
109,3,13,50.982,0.462,50.982,0.462,50.52,-16.9489,Charge,67.4689,67.4689,50.8308,50.0,780.494,797.4429,optimal
110,3,14,64.394,4.476,64.394,4.476,59.918,-7.4944,Charge,67.4124,67.4124,50.3674,50.0,789.852,797.3464,optimal
111,3,15,57.26,10.37,57.26,10.37,46.89,25.9199,Discharge,20.9701,20.9701,48.7294,50.0,685.814,659.8941,optimal
112,3,16,50.038,18.964,50.038,18.964,31.074,10.1279,Discharge,20.9461,20.9461,49.5035,50.0,494.84,484.7121,optimal
113,3,17,49.946,26.06,49.946,26.06,23.886,2.8115,Discharge,21.0745,21.0745,49.8622,50.0,417.11,414.2985,optimal
114,3,18,55.696,33.396,55.696,33.396,22.3,1.0435,Discharge,21.2565,21.2565,49.9488,50.0,329.758,328.7145,optimal
115,3,19,54.702,41.616,54.702,41.616,13.086,-8.3666,Charge,21.4526,21.4526,50.4101,50.0,194.694,203.0606,optimal
116,3,20,50.598,48.544,50.598,48.544,2.054,-19.7976,Charge,21.8516,21.8516,50.9705,50.0,57.722,77.5196,optimal
117,3,21,55.604,53.854,55.604,53.854,1.75,-20.501,Charge,22.251,22.251,51.005,50.0,3.076,23.577,optimal
118,3,22,50.682,62.71,50.682,62.71,-12.028,-34.4888,Charge,22.4608,22.4608,51.6906,50.0,-107.056,-72.5672,optimal
119,3,23,52.282,69.704,52.282,69.704,-17.422,-40.4106,Charge,22.9886,22.9886,51.9809,50.0,-174.588,-134.1774,optimal
120,3,24,52.246,73.666,52.246,73.666,-21.42,-44.8432,Charge,23.4232,23.4232,52.1982,50.0,-176.106,-131.2628,optimal
121,3,25,51.748,80.726,51.748,80.726,-28.978,-52.9773,Charge,23.9993,23.9993,52.5969,50.0,-222.222,-169.2447,optimal
122,3,26,55.802,86.01,55.802,86.01,-30.208,-54.7814,Charge,24.5734,24.5734,52.6854,50.0,-309.912,-255.1306,optimal
123,3,27,57.176,86.452,57.176,86.452,-29.276,-54.4865,Charge,25.2105,25.2105,52.6709,50.0,-369.226,-314.7395,optimal
124,3,28,62.906,71.62,62.906,71.62,-8.714,-34.6012,Charge,25.8872,25.8872,51.6961,50.0,-206.798,-172.1968,optimal
125,3,29,57.164,75.24,57.164,75.24,-18.076,-3.3294,Charge,-14.7466,-14.7466,50.1632,50.0,-253.342,-250.0126,optimal
126,3,30,61.304,80.216,61.304,80.216,-18.912,-4.2523,Charge,-14.6597,-14.6597,50.2084,50.0,-241.804,-237.5517,optimal
127,3,31,57.908,72.004,57.908,72.004,-14.096,0.48,Idle,-14.576,-14.576,49.9765,50.0,-136.364,-136.844,optimal
128,3,32,60.684,58.44,60.684,58.44,2.244,16.7547,Discharge,-14.5107,-14.5107,49.1787,50.0,73.86,57.1053,optimal
129,3,33,58.102,48.31,58.102,48.31,9.792,24.2685,Discharge,-14.4765,-14.4765,48.8104,50.0,145.324,121.0555,optimal
130,3,34,58.586,44.514,58.586,44.514,14.072,28.5393,Discharge,-14.4673,-14.4673,48.601,50.0,252.51,223.9707,optimal
131,3,35,63.92,37.29,63.92,37.29,26.63,41.0838,Discharge,-14.4538,-14.4538,47.9861,50.0,388.206,347.1222,optimal
132,3,36,72.56,23.516,72.56,23.516,49.044,63.4704,Discharge,-14.4264,-14.4264,46.8887,50.0,644.844,581.3736,optimal
133,3,37,81.732,10.058,81.732,10.058,71.674,86.1057,Discharge,-14.4317,-14.4317,45.7791,50.0,902.056,815.9503,optimal
134,3,38,79.416,4.06,79.416,4.06,75.356,89.8481,Discharge,-14.4921,-14.4921,45.5957,50.0,969.048,879.1999,optimal
135,3,39,73.79,0.878,73.79,0.878,72.912,87.4649,Discharge,-14.5529,-14.5529,45.7125,50.0,936.456,848.9911,optimal
136,3,40,68.494,0.016,68.494,0.016,68.478,83.0476,Discharge,-14.5696,-14.5696,45.929,50.0,912.022,828.9744,optimal
137,3,41,70.138,0.06,70.138,0.06,70.078,42.8551,Discharge,27.2229,27.2229,47.8993,50.0,952.314,909.4589,optimal
138,3,42,71.396,0.048,71.396,0.048,71.348,44.0103,Discharge,27.3377,27.3377,47.8426,50.0,956.63,912.6197,optimal
139,3,43,72.798,0.036,72.798,0.036,72.762,45.3316,Discharge,27.4304,27.4304,47.7779,50.0,930.162,884.8304,optimal
140,3,44,66.064,0.012,66.064,0.012,66.052,38.5927,Discharge,27.4593,27.4593,48.1082,50.0,862.448,823.8553,optimal
141,3,45,68.444,0.012,68.444,0.012,68.432,-11.5312,Charge,79.9632,79.9632,50.5653,50.0,869.28,880.8112,optimal
142,3,46,63.194,0.0,63.194,0.0,63.194,-16.7703,Charge,79.9643,79.9643,50.8221,50.0,839.112,855.8823,optimal
143,3,47,57.438,0.012,57.438,0.012,57.426,-22.5378,Charge,79.9638,79.9638,51.1048,50.0,763.076,785.6138,optimal
144,3,48,50.374,0.0,50.374,0.0,50.374,-29.6949,Charge,80.0689,80.0689,51.4556,50.0,706.88,736.5749,optimal
145,4,1,42.642,0.012,42.642,0.012,42.63,-37.5216,Charge,80.1516,80.1516,51.8393,50.0,655.95,693.4716,optimal
146,4,2,42.104,0.0,42.104,0.0,42.104,-38.0707,Charge,80.1747,80.1747,51.8662,50.0,616.928,654.9987,optimal
147,4,3,38.33,0.024,38.33,0.024,38.306,-41.9053,Charge,80.2113,80.2113,52.0542,50.0,542.806,584.7113,optimal
148,4,4,37.88,0.014,37.88,0.014,37.866,-42.3796,Charge,80.2456,80.2456,52.0774,50.0,523.816,566.1956,optimal
149,4,5,39.796,0.012,39.796,0.012,39.784,-40.4309,Charge,80.2149,80.2149,51.9819,50.0,533.86,574.2909,optimal
150,4,6,33.048,0.012,33.048,0.012,33.036,-46.9637,Charge,79.9997,79.9997,52.3021,50.0,491.186,538.1497,optimal
151,4,7,33.718,0.024,33.718,0.024,33.694,-46.3263,Charge,80.0203,80.0203,52.2709,50.0,496.004,542.3303,optimal
152,4,8,33.322,0.012,33.322,0.012,33.31,-46.8099,Charge,80.1199,80.1199,52.2946,50.0,476.358,523.1679,optimal
153,4,9,31.474,0.012,31.474,0.012,31.462,-48.7053,Charge,80.1673,80.1673,52.3875,50.0,477.988,526.6933,optimal
154,4,10,31.138,0.024,31.138,0.024,31.114,-49.0859,Charge,80.1999,80.1999,52.4062,50.0,452.886,501.9719,optimal
155,4,11,38.556,0.012,38.556,0.012,38.544,-41.7678,Charge,80.3118,80.3118,52.0474,50.0,505.694,547.4618,optimal
156,4,12,43.568,0.012,43.568,0.012,43.556,-36.779,Charge,80.335,80.335,51.8029,50.0,527.694,564.473,optimal
157,4,13,48.98,0.052,48.98,0.052,48.928,-31.3375,Charge,80.2655,80.2655,51.5362,50.0,588.39,619.7275,optimal
158,4,14,47.452,0.85,47.452,0.85,46.602,-33.4541,Charge,80.0561,80.0561,51.6399,50.0,605.654,639.1081,optimal
159,4,15,49.302,3.768,49.302,3.768,45.534,18.053,Discharge,27.481,27.481,49.115,50.0,617.76,599.707,optimal
160,4,16,46.69,8.37,46.69,8.37,38.32,11.0141,Discharge,27.3059,27.3059,49.4601,50.0,539.178,528.1639,optimal
161,4,17,48.828,14.678,48.828,14.678,34.15,7.0179,Discharge,27.1321,27.1321,49.656,50.0,473.132,466.1141,optimal
162,4,18,53.878,20.52,53.878,20.52,33.358,6.5725,Discharge,26.7855,26.7855,49.6778,50.0,433.32,426.7475,optimal
163,4,19,58.102,22.514,58.102,22.514,35.588,9.2302,Discharge,26.3578,26.3578,49.5475,50.0,433.04,423.8098,optimal
164,4,20,52.474,27.892,52.474,27.892,24.582,-1.128,Charge,25.71,25.71,50.0553,50.0,333.816,334.944,optimal
165,4,21,49.95,36.368,49.95,36.368,13.582,-11.3239,Charge,24.9059,24.9059,50.5551,50.0,198.798,210.1219,optimal
166,4,22,55.142,37.402,55.142,37.402,17.74,-6.3011,Charge,24.0411,24.0411,50.3089,50.0,234.24,240.5411,optimal
167,4,23,48.73,41.642,48.73,41.642,7.088,-15.8402,Charge,22.9282,22.9282,50.7765,50.0,165.496,181.3362,optimal
168,4,24,56.0,44.924,56.0,44.924,11.076,-10.9641,Charge,22.0401,22.0401,50.5375,50.0,133.83,144.7941,optimal
169,4,25,54.482,51.084,54.482,51.084,3.398,-17.6782,Charge,21.0762,21.0762,50.8666,50.0,27.446,45.1242,optimal
170,4,26,54.618,48.89,54.618,48.89,5.728,-14.6698,Charge,20.3978,20.3978,50.7191,50.0,61.666,76.3358,optimal
171,4,27,54.212,45.324,54.212,45.324,8.888,-10.7994,Charge,19.6874,19.6874,50.5294,50.0,110.432,121.2314,optimal
172,4,28,56.946,44.232,56.946,44.232,12.714,-6.184,Charge,18.898,18.898,50.3031,50.0,127.956,134.14,optimal
173,4,29,53.42,46.998,53.42,46.998,6.422,22.7856,Discharge,-16.3636,-16.3636,48.8831,50.0,49.752,26.9664,optimal
174,4,30,53.892,49.192,53.892,49.192,4.7,21.1516,Discharge,-16.4516,-16.4516,48.9632,50.0,32.424,11.2724,optimal
175,4,31,51.078,46.76,51.078,46.76,4.318,20.797,Discharge,-16.479,-16.479,48.9805,50.0,26.744,5.947,optimal
176,4,32,54.178,42.304,54.178,42.304,11.874,28.3105,Discharge,-16.4365,-16.4365,48.6122,50.0,81.668,53.3575,optimal
177,4,33,53.766,41.386,53.766,41.386,12.38,28.7977,Discharge,-16.4177,-16.4177,48.5883,50.0,117.148,88.3503,optimal
178,4,34,56.864,38.964,56.864,38.964,17.9,34.2911,Discharge,-16.3911,-16.3911,48.3191,50.0,196.69,162.3989,optimal
179,4,35,64.162,29.814,64.162,29.814,34.348,50.6502,Discharge,-16.3022,-16.3022,47.5171,50.0,424.474,373.8238,optimal
180,4,36,68.954,21.416,68.954,21.416,47.538,63.7306,Discharge,-16.1926,-16.1926,46.876,50.0,651.41,587.6794,optimal
181,4,37,70.538,15.888,70.538,15.888,54.65,70.7458,Discharge,-16.0958,-16.0958,46.5321,50.0,739.912,669.1662,optimal
182,4,38,69.53,11.322,69.53,11.322,58.208,74.1445,Discharge,-15.9365,-15.9365,46.3655,50.0,789.97,715.8255,optimal
183,4,39,73.532,5.328,73.532,5.328,68.204,83.9096,Discharge,-15.7056,-15.7056,45.8868,50.0,866.69,782.7804,optimal
184,4,40,73.316,0.832,73.316,0.832,72.484,87.9541,Discharge,-15.4701,-15.4701,45.6885,50.0,919.816,831.8619,optimal
185,4,41,76.562,0.014,76.562,0.014,76.548,52.7511,Discharge,23.7969,23.7969,47.4142,50.0,988.748,935.9969,optimal
186,4,42,76.604,0.024,76.604,0.024,76.58,51.6498,Discharge,24.9302,24.9302,47.4681,50.0,984.498,932.8482,optimal
187,4,43,74.404,0.012,74.404,0.012,74.392,50.2366,Discharge,24.1554,24.1554,47.5374,50.0,957.594,907.3574,optimal
188,4,44,67.32,0.012,67.32,0.012,67.308,44.1338,Discharge,23.1742,23.1742,47.8366,50.0,881.896,837.7622,optimal
189,4,45,68.498,0.036,68.498,0.036,68.462,-1.1281,Charge,69.5901,69.5901,50.0553,50.0,882.214,883.3421,optimal
190,4,46,63.194,0.014,63.194,0.014,63.18,-6.4569,Charge,69.6369,69.6369,50.3165,50.0,860.48,866.9369,optimal
191,4,47,60.404,0.012,60.404,0.012,60.392,-9.5245,Charge,69.9165,69.9165,50.4669,50.0,761.696,771.2205,optimal
192,4,48,52.704,0.0,52.704,0.0,52.704,-17.6434,Charge,70.3474,70.3474,50.8649,50.0,695.052,712.6954,optimal
