date,gc_kwh,cl_kwh,gc_plus_cl_kwh,gg_kwh,gc_minus_gg_kwh,gc_rows,gg_rows,cl_rows,flagged_rows,missing_halfhours
2012-07-01,6262.663,989.3819999999996,7252.044999999999,951.6440000000006,5311.018999999999,300,300,138,2,0
2012-07-02,6236.857000000004,906.0190000000001,7142.876000000004,1385.4080000000006,4851.449000000003,300,300,138,2,0
2012-07-03,6286.010000000006,1007.864,7293.874000000005,1535.6110000000006,4750.399000000005,300,300,138,2,0
2012-07-04,6608.5679999999975,979.6060000000001,7588.173999999997,1248.486,5360.081999999998,300,300,138,2,0
2012-07-05,6304.081999999996,968.1679999999999,7272.249999999995,1163.0800000000002,5141.001999999996,300,300,138,2,0
2012-07-06,6632.566000000004,945.7929999999994,7578.359000000004,914.0009999999997,5718.565000000004,300,300,138,2,0
2012-07-07,6399.9839999999995,1072.3869999999997,7472.370999999999,1065.7309999999998,5334.253,300,300,138,2,0
2012-07-08,6004.379999999999,1024.8279999999997,7029.207999999999,1407.221,4597.159,300,300,138,2,0
2012-07-09,5894.818999999998,903.3880000000004,6798.2069999999985,1517.7919999999988,4377.026999999999,300,300,138,2,0
2012-07-10,5640.269000000004,936.9100000000003,6577.179000000004,1030.2949999999994,4609.974000000005,300,300,138,2,0
2012-07-11,5101.028999999998,936.7529999999996,6037.781999999997,1314.4300000000007,3786.598999999997,300,300,138,2,0
2012-07-12,5503.394000000001,920.3299999999997,6423.724000000001,309.2009999999996,5194.193000000001,300,300,138,2,0
2012-07-13,5024.885999999999,952.068,5976.953999999999,780.4929999999999,4244.392999999998,300,300,138,5,0
2012-07-14,5266.980000000001,987.2690000000001,6254.249000000002,1492.3029999999992,3774.6770000000024,300,300,138,5,0
2012-07-15,5863.650999999997,922.9079999999998,6786.558999999997,1684.675,4178.975999999997,300,300,138,4,0
2012-07-16,5727.4479999999985,953.0320000000002,6680.479999999999,1657.7659999999996,4069.681999999999,300,300,138,4,0
2012-07-17,5542.325999999999,900.5630000000002,6442.888999999999,1689.2179999999992,3853.108,300,300,138,4,0
2012-07-18,5333.208999999996,965.4999999999997,6298.708999999996,1458.2640000000004,3874.944999999996,300,300,138,4,0
2012-07-19,6047.735,977.9699999999996,7025.704999999999,1198.3490000000006,4849.385999999999,300,300,138,4,0
2012-07-20,5841.455999999997,1002.1210000000003,6843.5769999999975,1567.9060000000004,4273.549999999997,300,300,138,4,0
2012-07-21,6332.097000000002,1064.568,7396.665000000002,670.4930000000004,5661.604000000001,300,300,138,4,0
2012-07-22,6463.965,1092.3939999999998,7556.359,875.9919999999997,5587.973,300,300,138,4,0
2012-07-23,5791.885000000002,979.7610000000001,6771.6460000000025,1041.0630000000006,4750.822000000002,300,300,138,4,0
2012-07-24,5674.785000000005,985.7050000000003,6660.490000000005,683.7810000000003,4991.004000000005,300,300,138,4,0
2012-07-25,5290.160000000004,977.4420000000001,6267.602000000004,1679.267999999999,3610.8920000000053,300,300,138,4,0
2012-07-26,5330.733000000006,919.0199999999999,6249.753000000005,836.7970000000004,4493.936000000005,300,300,138,4,0
2012-07-27,5536.594999999998,934.8210000000001,6471.415999999998,1710.982,3825.6129999999985,300,300,138,4,0
2012-07-28,5957.760999999995,973.5520000000002,6931.312999999996,1723.5960000000005,4234.1649999999945,300,300,138,5,0
2012-07-29,6140.692000000002,954.8160000000004,7095.5080000000025,1433.4810000000004,4707.211000000001,300,300,138,5,0
2012-07-30,6042.724000000001,946.4320000000004,6989.156000000002,1789.2819999999997,4253.442000000001,300,300,138,5,0
2012-07-31,6292.982999999998,917.9699999999997,7210.952999999998,1250.4060000000015,5042.576999999997,300,300,138,5,0
2012-08-01,6279.866000000001,1032.331,7312.197000000001,1715.408,4564.4580000000005,300,300,138,5,0
2012-08-02,6094.9240000000045,1021.7349999999999,7116.659000000004,1871.8500000000004,4223.074000000004,300,300,138,5,0
2012-08-03,6090.699,900.2730000000001,6990.972,1589.5699999999988,4501.129000000001,300,300,138,5,0
2012-08-04,5821.824000000001,1024.035,6845.859000000001,1880.294999999999,3941.5290000000023,300,300,138,5,0
2012-08-05,5627.407000000002,966.7469999999998,6594.154000000002,1781.420000000001,3845.987000000001,300,300,138,5,0
2012-08-06,5388.616,879.8689999999997,6268.485,1958.4210000000005,3430.1949999999997,300,300,138,5,0
2012-08-07,5798.741000000003,910.197,6708.938000000003,1977.1529999999998,3821.588000000003,300,300,138,5,0
2012-08-08,5592.792,931.2259999999997,6524.018,2003.588999999998,3589.2030000000022,300,300,138,5,0
2012-08-09,5597.105,886.386,6483.491,1257.8909999999994,4339.214,300,300,138,5,0
2012-08-10,6830.6619999999975,984.0069999999997,7814.668999999997,981.818000000001,5848.843999999996,300,300,138,5,0
2012-08-11,7086.369999999997,1115.9579999999999,8202.327999999998,794.8190000000002,6291.550999999997,300,300,138,5,0
2012-08-12,6823.105,1125.786,7948.891,977.9319999999999,5845.173,300,300,138,5,0
2012-08-13,5686.123000000001,889.94,6576.063000000002,1804.7740000000003,3881.349000000001,300,300,138,5,0
2012-08-14,5497.617000000003,968.7210000000005,6466.338000000003,1547.230000000001,3950.387000000002,300,300,138,5,0
2012-08-15,5134.170999999996,927.198,6061.368999999996,1381.1950000000008,3752.975999999995,300,300,138,5,0
2012-08-16,5017.815000000001,872.3560000000002,5890.171000000002,2019.4320000000002,2998.383000000001,300,300,138,5,0
2012-08-17,5443.485000000003,837.4980000000003,6280.983000000004,1814.8690000000001,3628.616000000003,300,300,138,3,0
2012-08-18,5749.302000000001,916.0969999999998,6665.399,1958.3580000000002,3790.9440000000004,300,300,138,3,0
2012-08-19,5303.187,889.6809999999997,6192.8679999999995,1967.4700000000012,3335.7169999999987,300,300,138,3,0
2012-08-20,5372.481999999998,820.479,6192.960999999998,2058.4440000000004,3314.0379999999977,300,300,138,3,0
2012-08-21,4950.465000000002,847.2029999999996,5797.6680000000015,2047.5089999999998,2902.956000000002,300,300,138,3,0
2012-08-22,4459.666000000002,821.179,5280.845000000002,1649.2030000000002,2810.4630000000016,300,300,138,5,0
2012-08-23,4100.959000000003,724.5880000000001,4825.547000000002,1736.7970000000014,2364.162000000001,300,300,138,3,0
2012-08-24,4431.768000000001,734.843,5166.611000000001,2268.9,2162.868000000001,300,300,138,3,0
2012-08-25,4765.193,789.897,5555.09,2169.457000000001,2595.7359999999994,300,300,138,3,0
2012-08-26,5409.0889999999945,822.7900000000002,6231.878999999994,1871.313,3537.7759999999944,300,300,138,3,0
2012-08-27,5023.5960000000005,780.8140000000004,5804.410000000001,1883.7980000000002,3139.7980000000002,300,300,138,3,0
2012-08-28,4646.298,822.2999999999997,5468.598,2084.1470000000013,2562.1509999999985,300,300,138,3,0
2012-08-29,4495.802999999998,785.5269999999999,5281.329999999998,1544.1059999999998,2951.6969999999983,300,300,138,3,0
2012-08-30,4324.989,771.447,5096.436,2153.1480000000006,2171.840999999999,300,300,138,3,0
2012-08-31,4956.385999999996,762.6030000000001,5718.988999999996,2038.025000000001,2918.360999999995,300,300,138,3,0
2012-09-01,5473.262999999996,824.2969999999998,6297.559999999996,2139.7400000000016,3333.5229999999947,300,300,138,3,0
2012-09-02,5097.141999999994,806.2400000000001,5903.381999999994,2331.9689999999996,2765.1729999999948,300,300,138,3,0
2012-09-03,4741.162999999999,726.1619999999998,5467.324999999999,2307.8609999999994,2433.301999999999,300,300,138,3,0
2012-09-04,4424.742999999995,724.8960000000001,5149.638999999995,2191.772000000002,2232.9709999999927,300,300,138,3,0
2012-09-05,3969.8160000000003,680.3209999999996,4650.137,2335.7349999999997,1634.0810000000006,300,300,138,3,0
2012-09-06,3827.377000000001,624.4680000000003,4451.845000000001,2351.770999999999,1475.606000000002,300,300,138,3,0
2012-09-07,4042.5630000000006,640.799,4683.362000000001,1830.9900000000011,2211.5729999999994,300,300,138,5,0
2012-09-08,4159.117999999999,689.2899999999995,4848.407999999998,2424.3819999999982,1734.7360000000003,300,300,138,5,0
2012-09-09,4378.370000000002,650.2380000000002,5028.608000000002,2364.9069999999992,2013.4630000000025,300,300,138,5,0
2012-09-10,4085.0440000000035,656.7430000000002,4741.787000000004,2409.214,1675.8300000000036,300,300,138,3,0
2012-09-11,4040.3919999999994,689.156,4729.547999999999,1991.546000000001,2048.8459999999986,300,300,138,3,0
2012-09-12,3905.067999999999,694.2719999999997,4599.339999999998,2149.4720000000007,1755.5959999999982,300,300,138,3,0
2012-09-13,4400.053,685.5300000000002,5085.5830000000005,965.3049999999998,3434.748,300,300,138,3,0
2012-09-14,4488.020999999998,770.6720000000003,5258.692999999998,2507.645000000001,1980.375999999997,300,300,138,3,0
2012-09-15,4560.397000000001,743.274,5303.671000000001,2152.7019999999993,2407.6950000000015,300,300,138,3,0
2012-09-16,4405.649999999997,713.4790000000004,5119.128999999997,2380.236,2025.413999999997,300,300,138,3,0
2012-09-17,4297.483999999999,732.413,5029.896999999999,1579.4270000000024,2718.056999999996,300,300,138,3,0
2012-09-18,4076.4339999999956,728.0370000000001,4804.470999999996,2177.432000000001,1899.0019999999945,300,300,138,3,0
2012-09-19,3964.7960000000007,720.3910000000001,4685.187000000001,2299.553,1665.2430000000008,300,300,138,3,0
2012-09-20,3928.304000000003,676.2520000000002,4604.556000000003,2312.2770000000005,1616.0270000000023,300,300,138,1,0
2012-09-21,3967.835999999999,643.3689999999998,4611.204999999999,1275.9470000000003,2691.8889999999983,300,300,138,1,0
2012-09-22,4055.1090000000013,685.4699999999997,4740.579000000001,2487.322000000002,1567.7869999999994,300,300,138,1,0
2012-09-23,3977.979999999997,679.3549999999999,4657.334999999996,2484.3539999999994,1493.6259999999975,300,300,138,1,0
2012-09-24,3844.2729999999992,610.817,4455.089999999999,2603.570000000003,1240.7029999999963,300,300,138,1,0
2012-09-25,4079.152999999998,621.3059999999998,4700.458999999998,1408.5560000000005,2670.5969999999975,300,300,138,1,0
2012-09-26,3820.2240000000006,725.2989999999998,4545.523,2263.6680000000006,1556.556,300,300,138,1,0
2012-09-27,3732.210000000002,586.68,4318.890000000002,2037.2099999999991,1695.0000000000027,300,300,138,1,0
2012-09-28,3773.098,587.0350000000003,4360.133,1989.305,1783.793,300,300,138,1,0
2012-09-29,3843.067999999998,566.857,4409.924999999997,1905.3870000000006,1937.6809999999973,300,300,138,1,0
2012-09-30,3930.675999999999,603.9460000000001,4534.621999999999,2754.393000000002,1176.2829999999972,300,300,138,1,0
2012-10-01,4144.811999999998,622.978,4767.789999999998,2336.5109999999986,1808.3009999999995,300,300,138,1,0
2012-10-02,3884.2540000000013,638.8190000000001,4523.073000000001,2460.9129999999996,1423.3410000000017,300,300,138,1,0
2012-10-03,3760.5560000000014,618.588,4379.144000000001,2639.3559999999984,1121.200000000003,300,300,138,1,0
2012-10-04,3893.517000000001,550.7230000000002,4444.240000000002,2647.401,1246.1160000000013,300,300,138,1,0
2012-10-05,4121.421000000003,518.3049999999998,4639.726000000002,2557.9840000000004,1563.4370000000026,300,300,138,1,0
2012-10-06,4084.6179999999977,633.067,4717.684999999998,637.2900000000004,3447.3279999999972,300,300,138,1,0
2012-10-07,3954.3480000000022,628.2140000000002,4582.562000000003,2846.668,1107.680000000002,300,300,138,1,0
2012-10-08,3898.4710000000014,613.615,4512.086000000001,1796.2210000000016,2102.25,300,300,138,1,0
2012-10-09,3898.122000000001,697.825,4595.947000000001,2187.0160000000005,1711.1060000000007,300,300,138,1,0
2012-10-10,3829.6949999999983,664.0070000000002,4493.701999999998,2756.2500000000005,1073.444999999998,300,300,138,1,0
2012-10-11,4075.6729999999966,642.2040000000001,4717.876999999997,766.0450000000001,3309.6279999999965,300,300,138,1,0
2012-10-12,5191.832999999999,744.4059999999997,5936.238999999999,1230.9220000000007,3960.9109999999982,299,299,137,1,0
2012-10-13,4344.489999999999,841.4549999999994,5185.944999999998,2622.894999999999,1721.5949999999998,299,299,137,1,0
2012-10-14,4262.731000000002,643.1540000000003,4905.885000000002,2404.754999999999,1857.9760000000024,299,299,137,1,0
2012-10-15,3753.255999999999,691.8260000000002,4445.081999999999,2781.6319999999996,971.6239999999993,299,299,137,1,0
2012-10-16,3841.4039999999977,560.0519999999998,4401.455999999997,2582.669000000001,1258.734999999997,299,299,137,1,0
2012-10-17,3653.881,565.6709999999998,4219.552,2540.5250000000015,1113.3559999999984,299,299,137,1,0
2012-10-18,3642.219999999999,523.913,4166.132999999999,2279.882999999999,1362.337,299,299,137,1,0
2012-10-19,3751.3240000000014,560.6719999999999,4311.996000000001,2451.1109999999985,1300.213000000003,299,299,137,1,0
2012-10-20,4115.1539999999995,521.5469999999999,4636.700999999999,2769.886999999999,1345.2670000000007,299,299,137,1,0
2012-10-21,4027.631000000001,531.5759999999999,4559.207000000001,1247.128,2780.5030000000015,299,299,137,1,0
2012-10-22,4007.438000000002,591.2709999999996,4598.709000000002,1800.213999999999,2207.224000000003,299,299,137,1,0
2012-10-23,3810.1560000000004,729.7650000000001,4539.921,2642.478000000001,1167.6779999999994,299,299,137,1,0
2012-10-24,3768.0439999999994,627.1139999999998,4395.157999999999,2900.9229999999984,867.121000000001,299,299,137,1,0
2012-10-25,3900.6280000000024,557.5230000000001,4458.151000000003,2582.2580000000025,1318.37,299,299,137,1,0
2012-10-26,3767.8750000000005,545.894,4313.769,1534.643999999999,2233.2310000000016,299,299,137,1,0
2012-10-27,3827.0949999999984,588.9949999999999,4416.089999999998,2895.299000000001,931.7959999999975,299,299,137,1,0
2012-10-28,3919.942999999998,585.5119999999998,4505.454999999998,1871.3420000000003,2048.600999999998,299,299,137,1,0
2012-10-29,3765.0199999999986,600.068,4365.087999999999,2496.141,1268.8789999999985,299,299,137,1,0
2012-10-30,3644.773,598.4060000000002,4243.179,2381.7989999999972,1262.974000000003,299,299,137,1,0
2012-10-31,3628.7360000000003,495.2769999999999,4124.013,2743.301000000001,885.4349999999995,299,299,137,1,0
2012-11-01,4040.9880000000016,503.773,4544.761000000001,1607.7099999999996,2433.278000000002,299,299,137,1,0
2012-11-02,3716.928999999998,522.0430000000001,4238.971999999998,2595.98,1120.9489999999978,299,299,137,1,0
2012-11-03,4103.530999999999,616.426,4719.956999999999,1233.278000000001,2870.252999999998,299,299,137,1,0
2012-11-04,4042.807999999997,598.1690000000003,4640.976999999997,2582.848,1459.9599999999969,299,299,137,1,0
2012-11-05,3968.145000000002,508.787,4476.932000000002,2699.1879999999987,1268.957000000003,299,299,137,1,0
2012-11-06,4089.856999999999,493.50600000000003,4583.362999999999,2560.6659999999983,1529.1910000000007,299,299,137,1,0
2012-11-07,4002.0609999999983,501.0639999999999,4503.124999999998,1348.939,2653.1219999999985,299,299,137,1,0
2012-11-08,4002.6940000000013,505.05,4507.7440000000015,1974.9790000000012,2027.7150000000001,299,299,137,1,0
2012-11-09,3869.607999999999,485.4890000000002,4355.096999999999,2169.431000000001,1700.1769999999979,299,299,137,1,0
2012-11-10,4037.594000000001,567.9699999999999,4605.564000000001,1144.653999999999,2892.940000000002,299,299,137,1,0
2012-11-11,3940.0000000000005,626.0009999999997,4566.001,2916.922999999999,1023.0770000000016,299,299,137,1,0
2012-11-12,3733.6410000000005,558.957,4292.598000000001,3014.6750000000025,718.9659999999981,299,299,137,1,0
2012-11-13,3694.595999999998,519.2249999999998,4213.820999999998,2639.266999999999,1055.3289999999993,299,299,137,1,0
2012-11-14,3863.7560000000008,578.7380000000003,4442.494000000001,773.8519999999997,3089.904000000001,299,299,137,1,0
2012-11-15,3671.973999999999,635.184,4307.1579999999985,2258.001000000001,1413.9729999999977,299,299,137,1,0
2012-11-16,4085.1279999999992,564.5490000000001,4649.677,371.29400000000015,3713.833999999999,299,299,137,1,0
2012-11-17,3959.3629999999994,761.8390000000002,4721.201999999999,1910.5009999999986,2048.862000000001,299,299,137,1,0
2012-11-18,3985.892000000001,601.654,4587.546000000001,2402.5249999999996,1583.3670000000016,299,299,137,1,0
2012-11-19,3842.1749999999997,584.2500000000001,4426.425,2167.7640000000006,1674.4109999999991,299,299,137,1,0
2012-11-20,3786.7640000000006,656.3119999999996,4443.076,2183.1130000000003,1603.6510000000003,299,299,137,1,0
2012-11-21,3763.3130000000006,632.5399999999998,4395.853,2551.6589999999987,1211.6540000000018,299,299,137,1,0
2012-11-22,3817.9800000000014,607.4659999999998,4425.446000000001,1224.2120000000004,2593.768000000001,299,299,137,1,0
2012-11-23,3676.4800000000023,621.2189999999997,4297.699000000002,2062.3729999999987,1614.1070000000036,299,299,137,0,0
2012-11-24,3939.341999999998,584.0979999999998,4523.439999999998,2283.3220000000015,1656.0199999999963,299,299,137,0,0
2012-11-25,4941.142000000001,489.61500000000024,5430.757000000001,2739.8330000000014,2201.3089999999993,299,299,137,0,0
2012-11-26,4366.847000000001,446.6660000000001,4813.513000000001,1981.2729999999992,2385.5740000000014,299,299,137,0,0
2012-11-27,4131.552,505.05,4636.602,1711.9409999999993,2419.6110000000003,299,299,137,0,0
2012-11-28,3949.0140000000015,533.186,4482.200000000002,1072.1860000000004,2876.8280000000013,299,299,137,0,0
2012-11-29,4231.661000000001,583.2660000000001,4814.9270000000015,2416.018999999999,1815.642000000002,299,299,137,0,0
2012-11-30,6114.844999999998,451.16,6566.004999999998,2326.6850000000018,3788.1599999999967,299,299,137,0,0
2012-12-01,6800.799000000001,449.03400000000005,7249.8330000000005,1671.0109999999993,5129.788000000001,299,299,137,0,0
2012-12-02,4682.289999999999,451.026,5133.315999999999,1482.4439999999995,3199.8459999999995,299,299,137,0,0
2012-12-03,3883.3419999999996,511.9889999999998,4395.330999999999,937.4910000000003,2945.850999999999,299,299,137,0,0
2012-12-04,3901.5370000000003,531.778,4433.3150000000005,3068.652000000001,832.8849999999993,299,299,137,0,0
2012-12-05,3687.2399999999984,508.62700000000007,4195.866999999998,3069.6639999999993,617.5759999999991,299,299,137,0,0
2012-12-06,3578.265999999998,481.048,4059.3139999999976,3030.742,547.5239999999976,299,299,137,0,0
2012-12-07,3600.2490000000016,522.1869999999999,4122.4360000000015,1594.4229999999995,2005.826000000002,299,299,137,0,0
2012-12-08,4261.001999999997,572.4089999999999,4833.410999999996,2691.5909999999994,1569.4109999999973,299,299,137,0,0
2012-12-09,4182.074000000001,507.42699999999996,4689.501000000001,1640.4060000000009,2541.6680000000006,299,299,137,0,0
2012-12-10,3934.388000000001,562.188,4496.576000000001,904.7149999999993,3029.6730000000016,299,299,137,0,0
2012-12-11,3818.049000000001,657.605,4475.654,1226.5289999999995,2591.5200000000013,299,299,137,0,0
2012-12-12,3693.5579999999986,621.4590000000001,4315.016999999999,2836.000999999999,857.5569999999998,299,299,137,0,0
2012-12-13,3828.2070000000012,487.3249999999998,4315.532000000001,3005.982999999998,822.2240000000033,299,299,137,0,0
2012-12-14,4012.428,458.52900000000005,4470.957,2100.553999999999,1911.8740000000007,299,299,137,0,0
2012-12-15,4367.941999999997,517.006,4884.947999999998,998.6050000000004,3369.336999999997,299,299,137,0,0
2012-12-16,5582.842000000001,517.5699999999999,6100.412,2290.995,3291.8470000000007,299,299,137,0,0
2012-12-17,3875.4220000000014,460.02200000000033,4335.444000000001,1379.4180000000003,2496.004000000001,299,299,137,0,0
2012-12-18,4097.592000000001,544.8569999999999,4642.4490000000005,2760.519,1337.0730000000008,299,299,137,0,0
2012-12-19,4411.438999999999,489.108,4900.547,2228.552999999999,2182.8860000000004,299,299,137,0,0
2012-12-20,4831.206,464.3550000000001,5295.561000000001,1681.427000000001,3149.778999999999,299,299,137,0,0
2012-12-21,3971.352999999998,505.5640000000001,4476.916999999998,1700.7719999999986,2270.580999999999,299,299,137,0,0
2012-12-22,4303.262999999999,543.887,4847.149999999999,1631.448000000001,2671.814999999998,299,299,137,0,0
2012-12-23,5883.742000000003,480.636,6364.378000000003,2756.9360000000024,3126.8060000000005,299,299,137,0,0
2012-12-24,6581.922000000004,418.932,7000.854000000004,2494.3600000000015,4087.5620000000026,299,299,137,0,0
2012-12-25,4583.736000000001,572.289,5156.025000000001,377.36799999999965,4206.368000000001,299,299,137,0,0
2012-12-26,3923.9919999999984,680.3830000000002,4604.374999999998,1674.5189999999993,2249.472999999999,299,299,137,0,0
2012-12-27,3681.689000000001,523.6800000000001,4205.3690000000015,2621.446,1060.2430000000013,299,299,137,0,0
2012-12-28,4127.414000000002,455.7970000000001,4583.211000000002,2547.9100000000003,1579.5040000000013,299,299,137,0,0
2012-12-29,3815.2800000000016,475.2109999999999,4290.491000000002,2306.323000000001,1508.9570000000008,299,299,137,0,0
2012-12-30,3860.360000000003,455.672,4316.032000000003,2186.0529999999994,1674.3070000000034,299,299,137,0,0
2012-12-31,4824.955999999999,414.56399999999996,5239.5199999999995,2933.926,1891.0299999999993,299,299,137,0,0
2013-01-01,5622.390999999998,429.82399999999996,6052.214999999997,2789.1550000000025,2833.2359999999953,300,300,138,0,0
2013-01-02,4147.419,388.3489999999998,4535.768,1733.7999999999995,2413.6190000000006,300,300,138,0,0
2013-01-03,3833.515000000001,430.08199999999994,4263.597000000001,2446.016,1387.4990000000007,300,300,138,0,0
2013-01-04,4403.334000000002,450.47600000000034,4853.810000000002,3034.3170000000014,1369.0170000000003,300,300,138,0,0
2013-01-05,5508.266999999998,426.5720000000001,5934.838999999998,2993.0869999999986,2515.1799999999994,300,300,138,0,0
2013-01-06,5398.044000000002,383.79799999999994,5781.8420000000015,2962.5959999999986,2435.448000000003,300,300,138,0,0
2013-01-07,4783.237,372.9360000000002,5156.173000000001,2583.0589999999997,2200.1780000000003,300,300,138,0,0
2013-01-08,9244.035999999995,361.14799999999997,9605.183999999994,2528.4230000000007,6715.612999999994,300,300,138,0,0
2013-01-09,5000.392000000003,361.5699999999997,5361.962000000002,1884.0040000000004,3116.388000000002,300,300,138,1,0
2013-01-10,3824.6699999999983,443.2119999999999,4267.881999999998,1200.2669999999998,2624.4029999999984,300,300,138,1,0
2013-01-11,5942.450000000004,436.0210000000002,6378.471000000005,2801.289000000001,3141.1610000000032,300,300,138,0,0
2013-01-12,6622.113000000003,373.67600000000004,6995.789000000003,1577.398,5044.715000000003,300,300,138,0,0
2013-01-13,4426.3009999999995,422.39000000000004,4848.691,1014.779,3411.5219999999995,300,300,138,0,0
2013-01-14,3814.4530000000022,486.15299999999996,4300.6060000000025,2513.2119999999977,1301.2410000000045,300,300,138,0,0
2013-01-15,3745.745000000003,475.245,4220.990000000003,2481.8140000000008,1263.9310000000023,300,300,138,0,0
2013-01-16,4365.942000000005,445.7289999999999,4811.671000000005,2799.2270000000003,1566.7150000000042,300,300,138,0,0
2013-01-17,5198.517000000001,385.42000000000013,5583.937000000001,2793.361000000001,2405.156,300,300,138,0,0
2013-01-18,8581.499000000007,353.5799999999998,8935.079000000007,2368.4330000000023,6213.066000000004,300,300,138,0,0
2013-01-19,4286.267,369.4000000000001,4655.6669999999995,1121.561999999999,3164.705000000001,300,300,138,0,0
2013-01-20,4023.466,513.5670000000001,4537.033,665.676,3357.79,300,300,138,0,0
2013-01-21,4071.7400000000007,470.3579999999999,4542.098000000001,2033.3209999999995,2038.4190000000012,300,300,138,0,0
2013-01-22,4762.953000000001,413.5250000000001,5176.478000000001,2123.1880000000015,2639.765,300,300,138,0,0
2013-01-23,3958.1170000000016,446.64700000000016,4404.764000000002,1145.1240000000003,2812.9930000000013,300,300,138,0,0
2013-01-24,4213.537000000002,460.95200000000006,4674.489000000002,2385.9520000000007,1827.5850000000014,300,300,138,0,0
2013-01-25,5262.116,402.8100000000001,5664.926,2719.3499999999985,2542.7660000000014,300,300,138,0,0
2013-01-26,5530.975999999995,414.66200000000003,5945.637999999995,2329.792,3201.183999999995,300,300,135,0,0
2013-01-27,4492.289999999999,440.0389999999999,4932.328999999999,402.69499999999977,4089.5949999999993,300,300,135,0,0
2013-01-28,4542.7840000000015,514.1500000000001,5056.934000000001,195.96299999999982,4346.821000000002,300,300,135,0,0
2013-01-29,4145.195000000001,601.8579999999996,4747.053,1579.374,2565.821000000001,300,300,135,1,0
2013-01-30,3964.6679999999997,546.313,4510.981,1767.9300000000017,2196.737999999998,300,300,135,2,0
2013-01-31,4643.757999999995,451.288,5095.045999999995,2725.8219999999988,1917.9359999999965,300,300,134,4,0
2013-02-01,4108.698999999999,414.7079999999999,4523.406999999998,881.9840000000003,3226.7149999999983,300,300,133,0,0
2013-02-02,4207.251999999999,601.1970000000001,4808.448999999999,833.3879999999999,3373.8639999999987,300,300,131,0,0
2013-02-03,4140.6990000000005,628.9060000000001,4769.6050000000005,2003.0769999999998,2137.6220000000008,300,300,131,0,0
2013-02-04,3774.089000000002,558.0520000000001,4332.141000000002,2499.600999999999,1274.488000000003,300,300,131,0,0
2013-02-05,3750.4490000000014,473.06899999999996,4223.518000000002,2429.879,1320.5700000000015,300,300,131,2,0
2013-02-06,3800.275000000003,444.68,4244.955000000003,2878.1570000000015,922.1180000000013,300,300,131,1,0
2013-02-07,3907.453000000001,434.3349999999998,4341.7880000000005,2922.986,984.467000000001,300,300,131,0,0
2013-02-08,4561.040000000001,405.3580000000001,4966.398000000001,2851.2159999999985,1709.8240000000023,300,300,131,2,0
2013-02-09,5232.990000000002,380.203,5613.193000000001,2474.0709999999995,2758.919000000002,300,300,131,1,0
2013-02-10,5035.5490000000045,398.18099999999987,5433.730000000004,2318.6529999999984,2716.896000000006,300,300,131,0,0
2013-02-11,3799.3329999999987,447.809,4247.141999999999,819.1460000000002,2980.1869999999985,300,300,131,0,0
2013-02-12,3855.7599999999975,516.6829999999999,4372.4429999999975,1009.1119999999997,2846.647999999998,300,300,130,0,0
2013-02-13,3773.7930000000015,527.9350000000003,4301.728000000002,1915.1440000000002,1858.6490000000013,300,300,129,0,0
2013-02-14,3768.2360000000012,465.395,4233.631000000001,2444.142999999999,1324.0930000000021,300,300,129,0,0
2013-02-15,3768.862000000002,429.56200000000007,4198.424000000002,1911.4270000000001,1857.4350000000018,300,300,128,0,0
2013-02-16,4070.436,450.91800000000006,4521.354,2240.4069999999992,1830.029000000001,300,300,128,0,0
2013-02-17,4178.826,438.6940000000001,4617.52,2433.707999999999,1745.1180000000008,300,300,128,0,0
2013-02-18,3969.4519999999966,425.87400000000014,4395.325999999996,2373.6269999999986,1595.824999999998,300,300,128,0,0
2013-02-19,4095.0930000000026,418.3380000000001,4513.431000000002,2563.0869999999995,1532.006000000003,300,300,128,0,0
2013-02-20,4167.296999999999,371.92599999999976,4539.222999999998,2446.3660000000004,1720.9309999999982,300,300,128,0,0
2013-02-21,3996.88,390.95899999999995,4387.839,2192.682,1804.1980000000003,300,300,128,0,0
2013-02-22,3929.8459999999995,393.1560000000001,4323.0019999999995,1440.0899999999992,2489.7560000000003,300,300,128,0,0
2013-02-23,4305.3669999999975,520.803,4826.169999999997,541.4880000000003,3763.878999999997,300,300,128,0,0
2013-02-24,4836.374999999997,508.90400000000005,5345.278999999998,2093.562999999999,2742.811999999998,300,300,128,0,0
2013-02-25,4804.335999999999,365.84900000000005,5170.1849999999995,2330.085000000001,2474.2509999999984,300,300,128,0,0
2013-02-26,4146.005000000001,384.1889999999999,4530.194000000001,2100.0950000000007,2045.9100000000003,300,300,128,0,0
2013-02-27,4270.031,419.28200000000004,4689.313,2522.827999999998,1747.2030000000018,300,300,128,0,0
2013-02-28,4078.7990000000004,389.64,4468.439,1191.5589999999993,2887.240000000001,300,300,128,0,0
2013-03-01,3968.313000000002,563.5899999999999,4531.903000000002,349.413,3618.900000000002,300,300,128,0,0
2013-03-02,4330.412,663.7669999999997,4994.179,591.3909999999996,3739.0210000000006,300,300,128,0,0
2013-03-03,4250.455000000003,638.1409999999997,4888.596000000002,1689.884999999999,2560.5700000000033,300,300,128,0,0
2013-03-04,3836.523999999998,509.9909999999999,4346.514999999998,2313.3450000000003,1523.1789999999978,300,300,128,0,0
2013-03-05,3836.007000000002,456.3940000000001,4292.401000000002,2462.827999999998,1373.1790000000037,300,300,128,0,0
2013-03-06,3903.637,429.23100000000005,4332.868,2240.603,1663.034,300,300,128,0,0
2013-03-07,4027.032,428.69299999999987,4455.725,2708.961000000001,1318.070999999999,300,300,128,0,0
2013-03-08,4008.517,405.217,4413.7339999999995,2150.075,1858.442,300,300,128,0,0
2013-03-09,4328.102000000003,442.2639999999998,4770.366000000003,2039.5229999999995,2288.5790000000034,300,300,128,0,0
2013-03-10,4435.015999999999,441.1050000000001,4876.120999999999,2513.795999999999,1921.2199999999998,300,300,128,0,0
2013-03-11,4185.210999999998,399.532,4584.742999999999,2232.5490000000013,1952.661999999997,300,300,128,0,0
2013-03-12,4046.0789999999993,409.95600000000024,4456.035,2218.2160000000003,1827.862999999999,300,300,128,0,0
2013-03-13,4053.2000000000003,401.3160000000002,4454.5160000000005,2606.953999999999,1446.2460000000015,300,300,128,0,0
2013-03-14,3909.7969999999987,412.7749999999999,4322.571999999998,1425.014000000001,2484.7829999999976,300,300,128,0,0
2013-03-15,3833.414,462.46999999999997,4295.884,781.172,3052.242,300,300,128,0,0
2013-03-16,4338.978000000002,493.9779999999999,4832.956000000002,2386.6180000000004,1952.3600000000015,300,300,128,0,0
2013-03-17,4068.4589999999985,443.2680000000001,4511.726999999999,2554.2250000000004,1514.233999999998,300,300,128,0,0
2013-03-18,3702.4999999999986,468.2639999999999,4170.763999999998,2415.997999999998,1286.5020000000009,300,300,128,0,0
2013-03-19,3688.8429999999976,472.8829999999998,4161.725999999997,2267.776,1421.0669999999977,300,300,128,0,0
2013-03-20,3748.2830000000026,475.3510000000001,4223.634000000003,2240.961,1507.3220000000028,300,300,128,0,0
2013-03-21,3841.527999999998,475.09000000000003,4316.617999999998,2168.013999999999,1673.5139999999988,300,300,128,0,0
2013-03-22,4342.974999999995,421.524,4764.498999999995,1657.9620000000011,2685.0129999999936,300,300,128,0,0
2013-03-23,4698.900000000002,436.45,5135.350000000002,1818.0949999999996,2880.805000000003,300,300,128,0,0
2013-03-24,5148.932000000001,420.9350000000002,5569.867000000001,2313.0260000000003,2835.9060000000004,300,300,128,0,0
2013-03-25,4449.7530000000015,385.069,4834.822000000002,2383.7189999999987,2066.034000000003,300,300,128,0,0
2013-03-26,4296.825999999997,383.0050000000001,4679.830999999997,1711.7230000000009,2585.1029999999964,300,300,128,0,0
2013-03-27,4568.273999999999,416.58,4984.853999999999,2293.890000000001,2274.3839999999987,300,300,128,0,0
2013-03-28,4848.444000000002,379.06599999999986,5227.510000000002,1967.9270000000013,2880.5170000000007,300,300,128,2,0
2013-03-29,4086.463999999999,429.229,4515.692999999999,1765.033999999999,2321.4300000000003,300,300,128,1,0
2013-03-30,3772.394,505.51900000000006,4277.913,2316.6680000000015,1455.7259999999983,300,300,128,0,0
2013-03-31,3932.3040000000005,471.18899999999996,4403.493,1179.9920000000009,2752.312,300,300,128,0,0
2013-04-01,4004.674,525.3349999999999,4530.009,1713.6570000000015,2291.0169999999985,300,300,138,0,0
2013-04-02,3750.3669999999993,520.661,4271.027999999999,2329.6259999999993,1420.741,300,300,138,0,0
2013-04-03,4010.849000000001,519.9169999999998,4530.7660000000005,448.392,3562.4570000000012,300,300,138,0,0
2013-04-04,3950.3389999999995,685.2289999999998,4635.567999999999,812.1440000000009,3138.194999999999,300,300,138,0,0
2013-04-05,3793.9809999999993,666.0539999999999,4460.034999999999,1684.3200000000004,2109.660999999999,300,300,138,2,0
2013-04-06,4060.092,570.4900000000001,4630.582,1182.3139999999994,2877.7780000000007,300,300,138,1,0
2013-04-07,4319.023999999999,717.2489999999998,5036.272999999999,1798.4860000000006,2520.5379999999986,300,300,138,0,0
2013-04-08,3894.263,575.1859999999999,4469.449,1822.2089999999994,2072.0540000000005,300,300,138,0,0
2013-04-09,3883.2849999999994,582.1089999999996,4465.393999999999,1222.5210000000006,2660.7639999999988,300,300,138,0,0
2013-04-10,3763.152,629.4650000000004,4392.617,2090.156,1672.996,300,300,138,0,0
2013-04-11,3596.6229999999937,545.2530000000003,4141.875999999994,2194.041,1402.5819999999935,300,300,138,2,0
2013-04-12,3763.1489999999967,550.741,4313.889999999997,1918.5089999999998,1844.639999999997,300,300,138,1,0
2013-04-13,3925.657,570.0169999999997,4495.674,2034.233000000001,1891.423999999999,300,300,138,0,0
2013-04-14,4017.668999999999,523.7959999999999,4541.464999999999,2082.051,1935.617999999999,300,300,138,0,0
2013-04-15,3971.121000000003,498.48799999999983,4469.609000000002,1482.4949999999994,2488.6260000000034,300,300,138,0,0
2013-04-16,3968.2909999999947,562.5549999999998,4530.845999999994,886.9229999999995,3081.367999999995,300,300,138,2,0
2013-04-17,3847.0239999999985,637.872,4484.895999999999,1738.7529999999995,2108.270999999999,300,300,138,1,0
2013-04-18,3827.64,595.9350000000002,4423.575,1673.5020000000004,2154.1379999999995,300,300,138,0,0
2013-04-19,3936.6590000000006,594.62,4531.279,1770.9239999999988,2165.7350000000015,300,300,138,6,0
2013-04-20,4887.909000000004,773.3020000000001,5661.211000000005,263.615,4624.294000000004,300,300,138,3,0
2013-04-21,4275.35,818.5679999999999,5093.918000000001,1842.445,2432.9050000000007,300,300,138,0,0
2013-04-22,4140.121999999998,687.0620000000001,4827.1839999999975,1790.3159999999991,2349.8059999999987,300,300,138,0,0
2013-04-23,3983.5600000000036,627.373,4610.933000000004,2004.6839999999988,1978.8760000000048,300,300,138,2,0
2013-04-24,3980.7480000000023,642.379,4623.127000000002,2071.489,1909.2590000000023,300,300,138,2,0
2013-04-25,4141.400999999996,649.8860000000002,4791.286999999997,1950.325999999999,2191.074999999997,300,300,138,0,0
2013-04-26,3935.205,592.5400000000001,4527.745,1992.9040000000005,1942.3009999999995,300,300,138,2,0
2013-04-27,3960.7970000000005,635.8989999999999,4596.696,1932.7630000000001,2028.0340000000003,300,300,138,0,0
2013-04-28,4059.6950000000006,646.401,4706.0960000000005,1930.1030000000012,2129.5919999999996,300,300,138,0,0
2013-04-29,3897.545,556.7369999999999,4454.282,1835.1100000000004,2062.4349999999995,300,300,138,0,0
2013-04-30,3858.0940000000005,597.6310000000004,4455.725000000001,1204.886000000001,2653.2079999999996,300,300,138,0,0
2013-05-01,3822.3689999999992,653.1740000000003,4475.543,1695.849,2126.5199999999995,300,300,138,0,0
2013-05-02,3861.0000000000023,625.8340000000002,4486.834000000003,1656.9010000000014,2204.099000000001,300,300,138,6,0
2013-05-03,3803.4350000000004,687.2180000000002,4490.653,1891.172000000001,1912.2629999999995,300,300,138,8,0
2013-05-04,4215.5729999999985,680.2009999999998,4895.7739999999985,1158.3379999999995,3057.2349999999988,300,300,138,2,0
2013-05-05,4270.1010000000015,678.8630000000004,4948.964000000002,1750.6510000000017,2519.45,300,300,138,0,0
2013-05-06,4151.389,726.0850000000003,4877.474,1673.217000000001,2478.171999999999,300,300,138,0,0
2013-05-07,4135.403000000001,702.7849999999997,4838.188000000001,1191.8199999999993,2943.583000000002,300,300,138,0,0
2013-05-08,4027.366999999999,743.5339999999998,4770.900999999999,1273.321,2754.045999999999,300,300,138,0,0
2013-05-09,3960.4649999999983,701.7510000000001,4662.2159999999985,1775.394000000001,2185.070999999997,300,300,138,0,0
2013-05-10,3880.7570000000005,697.5800000000002,4578.337,1685.4260000000015,2195.330999999999,300,300,138,0,0
2013-05-11,4269.456999999999,760.4570000000001,5029.914,863.2630000000001,3406.1939999999995,300,300,138,0,0
2013-05-12,4210.655000000001,748.0619999999999,4958.717000000001,1635.056,2575.5990000000006,300,300,138,0,0
2013-05-13,4294.926000000001,704.491,4999.417000000001,894.2760000000005,3400.6500000000005,300,300,138,2,0
2013-05-14,4331.888,756.7049999999998,5088.593,1120.277,3211.611,300,300,138,1,0
2013-05-15,4456.123000000001,857.3770000000002,5313.500000000002,1733.4659999999997,2722.657000000002,300,300,138,0,0
2013-05-16,4411.198000000001,790.947,5202.145000000001,1386.432,3024.7660000000014,300,300,138,0,0
2013-05-17,4568.583999999997,760.1430000000003,5328.726999999997,1749.5200000000016,2819.0639999999958,300,300,138,0,0
2013-05-18,4790.314000000001,833.5480000000005,5623.862000000002,1714.7710000000015,3075.5429999999997,300,300,138,0,0
2013-05-19,5047.1349999999975,788.3499999999999,5835.484999999997,1717.7150000000026,3329.4199999999946,300,300,138,0,0
2013-05-20,4963.511000000001,784.6319999999998,5748.143000000001,1598.6119999999994,3364.899000000002,300,300,138,0,0
2013-05-21,4620.310000000002,791.4599999999998,5411.770000000002,1426.0060000000003,3194.304000000002,300,300,138,0,0
2013-05-22,5335.31,817.359,6152.669000000001,497.48700000000014,4837.823,300,300,138,0,0
2013-05-23,5366.002999999999,908.4789999999999,6274.481999999999,412.961,4953.041999999999,300,300,138,0,0
2013-05-24,4992.639999999999,920.8579999999997,5913.498,985.3659999999994,4007.274,300,300,138,0,0
2013-05-25,4949.335,891.3450000000004,5840.68,1436.3530000000017,3512.981999999998,300,300,138,0,0
2013-05-26,5055.921000000001,872.6590000000002,5928.580000000002,1631.5070000000003,3424.4140000000007,300,300,138,0,0
2013-05-27,5262.907000000001,783.9120000000003,6046.819000000001,861.1100000000004,4401.7970000000005,300,300,138,0,0
2013-05-28,4849.538000000004,833.2019999999995,5682.740000000003,827.0499999999997,4022.4880000000044,300,300,138,0,0
2013-05-29,4462.644999999994,833.7840000000004,5296.428999999995,1334.6590000000003,3127.9859999999935,300,300,138,0,0
2013-05-30,4451.665999999996,795.751,5247.416999999996,1431.4149999999988,3020.2509999999966,300,300,138,0,0
2013-05-31,4237.393000000001,770.8839999999999,5008.277000000001,1508.415,2728.978000000001,300,300,138,0,0
2013-06-01,4689.486999999999,828.8800000000002,5518.366999999999,688.5549999999996,4000.932,300,300,138,0,0
2013-06-02,5894.301000000003,907.1630000000001,6801.464000000004,203.4999999999999,5690.801000000003,300,300,138,0,0
2013-06-03,5219.162000000002,872.7319999999999,6091.894000000002,1355.7310000000014,3863.4310000000005,300,300,138,0,0
2013-06-04,5012.437999999999,852.0029999999998,5864.440999999999,1339.099,3673.338999999999,300,300,138,0,0
2013-06-05,5128.629000000002,879.5960000000001,6008.225000000002,936.3010000000004,4192.328000000001,300,300,138,0,0
2013-06-06,4835.224000000002,898.073,5733.297000000002,599.671,4235.553000000002,300,300,138,0,0
2013-06-07,4552.5949999999975,850.1269999999997,5402.721999999997,582.3419999999998,3970.252999999998,300,300,138,0,0
2013-06-08,4925.608,905.1569999999999,5830.765,706.9049999999994,4218.703,300,300,138,0,0
2013-06-09,4968.836,870.4359999999999,5839.272,1203.417000000001,3765.418999999999,300,300,138,0,0
2013-06-10,5418.263000000001,866.6869999999998,6284.950000000001,949.0840000000002,4469.179000000001,300,300,138,0,0
2013-06-11,4740.953999999999,846.9930000000004,5587.946999999999,1415.4470000000006,3325.5069999999982,300,300,138,0,0
2013-06-12,5494.241999999997,870.2990000000004,6364.540999999997,374.70500000000015,5119.536999999997,300,300,138,0,0
2013-06-13,4947.573999999998,896.269,5843.842999999998,1340.805,3606.7689999999975,300,300,138,0,0
2013-06-14,5135.021999999998,821.2170000000002,5956.238999999999,1383.1719999999993,3751.8499999999985,300,300,138,0,0
2013-06-15,5339.785000000002,890.0420000000005,6229.827000000002,1021.5129999999998,4318.272000000002,300,300,138,0,0
2013-06-16,5639.012000000001,902.8649999999999,6541.877,1333.6090000000004,4305.403,300,300,138,0,0
2013-06-17,5734.552999999999,861.0219999999997,6595.574999999999,976.5159999999996,4758.036999999999,300,300,138,0,0
2013-06-18,5666.116999999999,952.4159999999996,6618.5329999999985,1472.9059999999995,4193.210999999999,300,300,138,0,0
2013-06-19,6061.429999999997,915.3190000000004,6976.748999999997,939.84,5121.5899999999965,300,300,138,0,0
2013-06-20,6053.9990000000025,969.5340000000001,7023.533000000003,946.4530000000002,5107.546000000002,300,300,138,2,0
2013-06-21,6033.8640000000005,965.5760000000002,6999.4400000000005,1085.0430000000003,4948.821,300,300,138,2,0
2013-06-22,6778.720999999998,1028.399,7807.119999999997,909.8180000000003,5868.9029999999975,300,300,138,0,0
2013-06-23,6962.550000000006,1002.2709999999998,7964.821000000005,523.6009999999998,6438.949000000006,300,300,138,0,0
2013-06-24,6191.807999999995,941.7510000000003,7133.558999999996,864.3579999999998,5327.449999999995,300,300,138,0,0
2013-06-25,6436.877,970.5769999999999,7407.454000000001,697.3590000000004,5739.518,300,300,138,0,0
2013-06-26,5532.600000000003,994.9399999999997,6527.540000000003,783.6860000000003,4748.9140000000025,300,300,138,0,0
2013-06-27,5524.785999999999,989.718,6514.503999999999,548.7259999999998,4976.0599999999995,300,300,138,0,0
2013-06-28,5776.534999999997,1030.3339999999998,6806.868999999997,466.25000000000006,5310.284999999997,300,300,138,2,0
2013-06-29,6176.119000000002,1070.9189999999996,7247.038000000002,330.50199999999995,5845.617000000002,300,300,138,2,0
2013-06-30,6175.774,983.622,7159.396000000001,556.2719999999999,5619.502,300,300,138,2,0
