date,step_in_day,interval_end,profile,actual_kw,forecast_kw,persistence_kw
2013-01-07,1,2013-01-07T00:30:00,GC_Load_kW,173.2619999999999,155.13326666666666,175.21200000000002
2013-01-07,2,2013-01-07T01:00:00,GC_Load_kW,164.7240000000001,142.16806666666668,155.206
2013-01-07,3,2013-01-07T01:30:00,GC_Load_kW,142.42800000000003,128.48446666666666,136.624
2013-01-07,4,2013-01-07T02:00:00,GC_Load_kW,132.7139999999999,119.93733333333331,132.57600000000005
2013-01-07,5,2013-01-07T02:30:00,GC_Load_kW,125.20399999999997,117.96853333333335,133.93400000000003
2013-01-07,6,2013-01-07T03:00:00,GC_Load_kW,124.39600000000002,115.37599999999999,127.326
2013-01-07,7,2013-01-07T03:30:00,GC_Load_kW,121.80200000000005,114.93386666666669,126.36000000000001
2013-01-07,8,2013-01-07T04:00:00,GC_Load_kW,120.07599999999992,110.19213333333329,118.65999999999998
2013-01-07,9,2013-01-07T04:30:00,GC_Load_kW,120.13400000000003,109.37506666666667,115.50800000000002
2013-01-07,10,2013-01-07T05:00:00,GC_Load_kW,118.98400000000008,109.2274,113.04000000000002
2013-01-07,11,2013-01-07T05:30:00,GC_Load_kW,126.576,114.26113333333329,115.51799999999999
2013-01-07,12,2013-01-07T06:00:00,GC_Load_kW,130.4440000000001,120.11926666666665,118.86399999999988
2013-01-07,13,2013-01-07T06:30:00,GC_Load_kW,131.3959999999999,124.23779999999998,123.35000000000004
2013-01-07,14,2013-01-07T07:00:00,GC_Load_kW,143.06999999999994,136.00879999999998,127.70399999999995
2013-01-07,15,2013-01-07T07:30:00,GC_Load_kW,150.57999999999993,143.02573333333333,130.09400000000005
2013-01-07,16,2013-01-07T08:00:00,GC_Load_kW,143.18200000000004,154.0997333333333,137.18799999999996
2013-01-07,17,2013-01-07T08:30:00,GC_Load_kW,152.07000000000016,163.48093333333333,158.19000000000003
2013-01-07,18,2013-01-07T09:00:00,GC_Load_kW,162.5979999999999,169.8938,169.07200000000006
2013-01-07,19,2013-01-07T09:30:00,GC_Load_kW,152.8140000000001,175.56866666666664,189.0639999999999
2013-01-07,20,2013-01-07T10:00:00,GC_Load_kW,152.87199999999996,175.689,197.85799999999995
2013-01-07,21,2013-01-07T10:30:00,GC_Load_kW,159.75599999999994,179.92893333333333,200.98000000000002
2013-01-07,22,2013-01-07T11:00:00,GC_Load_kW,169.84999999999974,185.05133333333333,213.41199999999995
2013-01-07,23,2013-01-07T11:30:00,GC_Load_kW,161.48600000000002,192.00500000000002,222.34000000000006
2013-01-07,24,2013-01-07T12:00:00,GC_Load_kW,171.17200000000003,202.45173333333332,242.5619999999997
2013-01-07,25,2013-01-07T12:30:00,GC_Load_kW,182.716,210.19266666666664,268.248
2013-01-07,26,2013-01-07T13:00:00,GC_Load_kW,189.824,209.6136,271.352
2013-01-07,27,2013-01-07T13:30:00,GC_Load_kW,186.6739999999999,209.60299999999995,295.5239999999999
2013-01-07,28,2013-01-07T14:00:00,GC_Load_kW,193.90000000000012,211.37939999999995,325.2800000000001
2013-01-07,29,2013-01-07T14:30:00,GC_Load_kW,216.68599999999992,209.24699999999996,313.53200000000027
2013-01-07,30,2013-01-07T15:00:00,GC_Load_kW,225.566,212.93099999999998,337.2160000000001
2013-01-07,31,2013-01-07T15:30:00,GC_Load_kW,253.39999999999984,215.14953333333338,331.7960000000002
2013-01-07,32,2013-01-07T16:00:00,GC_Load_kW,275.53599999999983,216.7111333333334,319.24800000000016
2013-01-07,33,2013-01-07T16:30:00,GC_Load_kW,265.3239999999999,220.68499999999995,314.3700000000001
2013-01-07,34,2013-01-07T17:00:00,GC_Load_kW,267.432,228.82513333333333,320.97600000000017
2013-01-07,35,2013-01-07T17:30:00,GC_Load_kW,287.7239999999999,242.76960000000003,352.3779999999999
2013-01-07,36,2013-01-07T18:00:00,GC_Load_kW,328.99200000000025,257.83546666666666,356.1779999999999
2013-01-07,37,2013-01-07T18:30:00,GC_Load_kW,332.89200000000017,260.9520666666666,331.6759999999998
2013-01-07,38,2013-01-07T19:00:00,GC_Load_kW,325.99399999999997,260.74319999999994,332.26999999999987
2013-01-07,39,2013-01-07T19:30:00,GC_Load_kW,303.5,253.56966666666665,311.78400000000005
2013-01-07,40,2013-01-07T20:00:00,GC_Load_kW,294.13800000000003,247.0622666666667,303.7800000000001
2013-01-07,41,2013-01-07T20:30:00,GC_Load_kW,278.0999999999999,249.82333333333335,292.466
2013-01-07,42,2013-01-07T21:00:00,GC_Load_kW,277.474,251.70653333333334,285.3419999999997
2013-01-07,43,2013-01-07T21:30:00,GC_Load_kW,268.022,244.558,278.924
2013-01-07,44,2013-01-07T22:00:00,GC_Load_kW,276.512,230.21526666666662,264.3859999999999
2013-01-07,45,2013-01-07T22:30:00,GC_Load_kW,256.6139999999999,221.90253333333334,259.97400000000016
2013-01-07,46,2013-01-07T23:00:00,GC_Load_kW,227.84,207.6247333333334,232.70999999999998
2013-01-07,47,2013-01-07T23:30:00,GC_Load_kW,197.028,184.9185333333333,201.78199999999995
2013-01-07,48,2013-01-08T00:00:00,GC_Load_kW,175.83199999999994,167.72206666666665,188.4439999999999
2013-01-07,1,2013-01-07T00:30:00,PV_Generation_kW,0.026000000000000002,0.03480000000000001,0.024
2013-01-07,2,2013-01-07T01:00:00,PV_Generation_kW,0.026,0.03893333333333335,0.012
2013-01-07,3,2013-01-07T01:30:00,PV_Generation_kW,0.036000000000000004,0.039266666666666686,0.0
2013-01-07,4,2013-01-07T02:00:00,PV_Generation_kW,0.038000000000000006,0.03173333333333335,0.0
2013-01-07,5,2013-01-07T02:30:00,PV_Generation_kW,0.024,0.028333333333333342,0.024
2013-01-07,6,2013-01-07T03:00:00,PV_Generation_kW,0.014,0.02880000000000001,0.0
2013-01-07,7,2013-01-07T03:30:00,PV_Generation_kW,0.05,0.030266666666666678,0.036000000000000004
2013-01-07,8,2013-01-07T04:00:00,PV_Generation_kW,0.012,0.034600000000000006,0.05
2013-01-07,9,2013-01-07T04:30:00,PV_Generation_kW,0.072,0.026733333333333338,0.05
2013-01-07,10,2013-01-07T05:00:00,PV_Generation_kW,0.026000000000000002,0.031666666666666676,0.002
2013-01-07,11,2013-01-07T05:30:00,PV_Generation_kW,0.014,0.029733333333333344,0.024
2013-01-07,12,2013-01-07T06:00:00,PV_Generation_kW,0.024,0.09406666666666666,0.024
2013-01-07,13,2013-01-07T06:30:00,PV_Generation_kW,1.2600000000000007,3.4788666666666592,2.817999999999998
2013-01-07,14,2013-01-07T07:00:00,PV_Generation_kW,11.288,16.00333333333334,16.705999999999996
2013-01-07,15,2013-01-07T07:30:00,PV_Generation_kW,28.714000000000052,36.396200000000015,41.30600000000001
2013-01-07,16,2013-01-07T08:00:00,PV_Generation_kW,53.873999999999974,64.16606666666662,75.20199999999987
2013-01-07,17,2013-01-07T08:30:00,PV_Generation_kW,83.01200000000009,96.20173333333328,116.98199999999991
2013-01-07,18,2013-01-07T09:00:00,PV_Generation_kW,114.62000000000002,127.11413333333333,160.50800000000004
2013-01-07,19,2013-01-07T09:30:00,PV_Generation_kW,149.79799999999992,156.1408,204.16200000000003
2013-01-07,20,2013-01-07T10:00:00,PV_Generation_kW,187.8680000000002,184.9782666666666,242.1039999999998
2013-01-07,21,2013-01-07T10:30:00,PV_Generation_kW,219.57800000000006,211.2975333333333,278.95399999999984
2013-01-07,22,2013-01-07T11:00:00,PV_Generation_kW,264.296,234.40006666666656,317.0460000000001
2013-01-07,23,2013-01-07T11:30:00,PV_Generation_kW,287.7100000000002,252.10766666666666,344.9119999999997
2013-01-07,24,2013-01-07T12:00:00,PV_Generation_kW,296.352,267.02686666666665,363.0240000000001
2013-01-07,25,2013-01-07T12:30:00,PV_Generation_kW,312.6840000000001,279.0108666666667,375.7559999999999
2013-01-07,26,2013-01-07T13:00:00,PV_Generation_kW,325.03399999999993,287.1582666666666,382.8179999999999
2013-01-07,27,2013-01-07T13:30:00,PV_Generation_kW,329.33199999999977,287.80359999999996,382.27599999999995
2013-01-07,28,2013-01-07T14:00:00,PV_Generation_kW,345.5499999999997,279.5180666666667,376.6560000000003
2013-01-07,29,2013-01-07T14:30:00,PV_Generation_kW,345.2999999999998,260.9399333333334,363.98000000000013
2013-01-07,30,2013-01-07T15:00:00,PV_Generation_kW,333.11999999999983,252.07133333333334,348.158
2013-01-07,31,2013-01-07T15:30:00,PV_Generation_kW,312.2319999999998,233.8611333333333,325.1479999999998
2013-01-07,32,2013-01-07T16:00:00,PV_Generation_kW,287.19000000000005,207.31673333333327,296.38799999999986
2013-01-07,33,2013-01-07T16:30:00,PV_Generation_kW,248.64800000000005,178.80146666666673,260.224
2013-01-07,34,2013-01-07T17:00:00,PV_Generation_kW,205.5919999999998,145.5342,216.18799999999987
2013-01-07,35,2013-01-07T17:30:00,PV_Generation_kW,163.31799999999987,110.19639999999997,168.3259999999999
2013-01-07,36,2013-01-07T18:00:00,PV_Generation_kW,116.98400000000001,75.5716,119.59599999999992
2013-01-07,37,2013-01-07T18:30:00,PV_Generation_kW,72.786,45.50320000000001,73.37400000000001
2013-01-07,38,2013-01-07T19:00:00,PV_Generation_kW,37.25999999999999,22.941266666666674,36.81800000000001
2013-01-07,39,2013-01-07T19:30:00,PV_Generation_kW,15.242000000000012,8.248133333333326,14.938
2013-01-07,40,2013-01-07T20:00:00,PV_Generation_kW,2.805999999999998,1.121333333333333,2.4759999999999995
2013-01-07,41,2013-01-07T20:30:00,PV_Generation_kW,0.014,0.03920000000000001,0.036000000000000004
2013-01-07,42,2013-01-07T21:00:00,PV_Generation_kW,0.048,0.05026666666666668,0.04
2013-01-07,43,2013-01-07T21:30:00,PV_Generation_kW,0.036000000000000004,0.04240000000000001,0.026000000000000002
2013-01-07,44,2013-01-07T22:00:00,PV_Generation_kW,0.0,0.038466666666666684,0.05
2013-01-07,45,2013-01-07T22:30:00,PV_Generation_kW,0.016,0.04193333333333335,0.026000000000000002
2013-01-07,46,2013-01-07T23:00:00,PV_Generation_kW,0.04000000000000001,0.04566666666666668,0.0
2013-01-07,47,2013-01-07T23:30:00,PV_Generation_kW,0.024,0.03906666666666668,0.054000000000000006
2013-01-07,48,2013-01-08T00:00:00,PV_Generation_kW,0.048,0.03740000000000001,0.05
2013-01-08,1,2013-01-08T00:30:00,GC_Load_kW,169.13600000000005,155.98180000000002,173.2619999999999
2013-01-08,2,2013-01-08T01:00:00,GC_Load_kW,152.81399999999994,143.37766666666667,164.7240000000001
2013-01-08,3,2013-01-08T01:30:00,GC_Load_kW,135.26999999999995,129.53186666666664,142.42800000000003
2013-01-08,4,2013-01-08T02:00:00,GC_Load_kW,125.81199999999995,120.59179999999998,132.7139999999999
2013-01-08,5,2013-01-08T02:30:00,GC_Load_kW,132.382,118.51933333333336,125.20399999999997
2013-01-08,6,2013-01-08T03:00:00,GC_Load_kW,126.02000000000004,115.75500000000001,124.39600000000002
2013-01-08,7,2013-01-08T03:30:00,GC_Load_kW,129.82599999999996,115.42773333333334,121.80200000000005
2013-01-08,8,2013-01-08T04:00:00,GC_Load_kW,127.19,110.80566666666664,120.07599999999992
2013-01-08,9,2013-01-08T04:30:00,GC_Load_kW,127.82199999999993,110.05893333333333,120.13400000000003
2013-01-08,10,2013-01-08T05:00:00,GC_Load_kW,125.26999999999997,109.87333333333332,118.98400000000008
2013-01-08,11,2013-01-08T05:30:00,GC_Load_kW,124.83999999999989,115.05926666666664,126.576
2013-01-08,12,2013-01-08T06:00:00,GC_Load_kW,130.29999999999995,120.80099999999997,130.4440000000001
2013-01-08,13,2013-01-08T06:30:00,GC_Load_kW,134.54800000000003,124.84246666666664,131.3959999999999
2013-01-08,14,2013-01-08T07:00:00,GC_Load_kW,147.96000000000004,136.6288666666666,143.06999999999994
2013-01-08,15,2013-01-08T07:30:00,GC_Load_kW,153.85200000000012,143.72699999999998,150.57999999999993
2013-01-08,16,2013-01-08T08:00:00,GC_Load_kW,167.42399999999992,154.1801333333333,143.18200000000004
2013-01-08,17,2013-01-08T08:30:00,GC_Load_kW,184.70399999999998,163.1251333333333,152.07000000000016
2013-01-08,18,2013-01-08T09:00:00,GC_Load_kW,191.19200000000012,169.30873333333332,162.5979999999999
2013-01-08,19,2013-01-08T09:30:00,GC_Load_kW,198.296,175.01986666666667,152.8140000000001
2013-01-08,20,2013-01-08T10:00:00,GC_Load_kW,221.74000000000007,174.637,152.87199999999996
2013-01-08,21,2013-01-08T10:30:00,GC_Load_kW,268.42400000000043,179.56820000000005,159.75599999999994
2013-01-08,22,2013-01-08T11:00:00,GC_Load_kW,282.1080000000001,184.875,169.84999999999974
2013-01-08,23,2013-01-08T11:30:00,GC_Load_kW,316.3739999999997,191.25286666666668,161.48600000000002
2013-01-08,24,2013-01-08T12:00:00,GC_Load_kW,347.1740000000001,201.68953333333332,171.17200000000003
2013-01-08,25,2013-01-08T12:30:00,GC_Load_kW,405.6099999999998,209.86799999999997,182.716
2013-01-08,26,2013-01-08T13:00:00,GC_Load_kW,433.89000000000027,209.78233333333336,189.824
2013-01-08,27,2013-01-08T13:30:00,GC_Load_kW,454.4260000000003,209.5187999999999,186.6739999999999
2013-01-08,28,2013-01-08T14:00:00,GC_Load_kW,498.22599999999994,211.16426666666663,193.90000000000012
2013-01-08,29,2013-01-08T14:30:00,GC_Load_kW,527.9059999999998,209.92773333333332,216.68599999999992
2013-01-08,30,2013-01-08T15:00:00,GC_Load_kW,550.3600000000004,213.77139999999997,225.566
2013-01-08,31,2013-01-08T15:30:00,GC_Load_kW,566.3519999999999,216.42993333333337,253.39999999999984
2013-01-08,32,2013-01-08T16:00:00,GC_Load_kW,580.5780000000002,219.04080000000008,275.53599999999983
2013-01-08,33,2013-01-08T16:30:00,GC_Load_kW,592.916,222.39279999999997,265.3239999999999
2013-01-08,34,2013-01-08T17:00:00,GC_Load_kW,633.7859999999996,230.07913333333332,267.432
2013-01-08,35,2013-01-08T17:30:00,GC_Load_kW,665.0659999999996,244.2156,287.7239999999999
2013-01-08,36,2013-01-08T18:00:00,GC_Load_kW,700.7599999999999,260.1316,328.99200000000025
2013-01-08,37,2013-01-08T18:30:00,GC_Load_kW,739.7359999999999,263.46466666666663,332.89200000000017
2013-01-08,38,2013-01-08T19:00:00,GC_Load_kW,733.7340000000003,263.80139999999994,325.99399999999997
2013-01-08,39,2013-01-08T19:30:00,GC_Load_kW,739.756,256.12159999999994,303.5
2013-01-08,40,2013-01-08T20:00:00,GC_Load_kW,737.4900000000004,249.46573333333336,294.13800000000003
2013-01-08,41,2013-01-08T20:30:00,GC_Load_kW,730.3119999999997,251.1042666666667,278.0999999999999
2013-01-08,42,2013-01-08T21:00:00,GC_Load_kW,717.2999999999997,252.70293333333333,277.474
2013-01-08,43,2013-01-08T21:30:00,GC_Load_kW,666.7859999999998,245.36659999999998,268.022
2013-01-08,44,2013-01-08T22:00:00,GC_Load_kW,641.8439999999993,231.74879999999996,276.512
2013-01-08,45,2013-01-08T22:30:00,GC_Load_kW,557.4040000000003,222.7039333333333,256.6139999999999
2013-01-08,46,2013-01-08T23:00:00,GC_Load_kW,497.8660000000001,208.04540000000003,227.84
2013-01-08,47,2013-01-08T23:30:00,GC_Load_kW,412.2820000000002,185.06193333333331,197.028
2013-01-08,48,2013-01-09T00:00:00,GC_Load_kW,379.6319999999997,167.72106666666664,175.83199999999994
2013-01-08,1,2013-01-08T00:30:00,PV_Generation_kW,0.026000000000000002,0.03486666666666668,0.026000000000000002
2013-01-08,2,2013-01-08T01:00:00,PV_Generation_kW,0.0,0.03740000000000002,0.026
2013-01-08,3,2013-01-08T01:30:00,PV_Generation_kW,0.038000000000000006,0.03953333333333335,0.036000000000000004
2013-01-08,4,2013-01-08T02:00:00,PV_Generation_kW,0.036000000000000004,0.03220000000000001,0.038000000000000006
2013-01-08,5,2013-01-08T02:30:00,PV_Generation_kW,0.062,0.02746666666666668,0.024
2013-01-08,6,2013-01-08T03:00:00,PV_Generation_kW,0.05,0.028466666666666685,0.014
2013-01-08,7,2013-01-08T03:30:00,PV_Generation_kW,0.0,0.031133333333333346,0.05
2013-01-08,8,2013-01-08T04:00:00,PV_Generation_kW,0.012,0.03380000000000001,0.012
2013-01-08,9,2013-01-08T04:30:00,PV_Generation_kW,0.024,0.02786666666666667,0.072
2013-01-08,10,2013-01-08T05:00:00,PV_Generation_kW,0.09799999999999999,0.031333333333333345,0.026000000000000002
2013-01-08,11,2013-01-08T05:30:00,PV_Generation_kW,0.04,0.029733333333333344,0.014
2013-01-08,12,2013-01-08T06:00:00,PV_Generation_kW,0.048,0.09399999999999999,0.024
2013-01-08,13,2013-01-08T06:30:00,PV_Generation_kW,2.12,3.4293999999999927,1.2600000000000007
2013-01-08,14,2013-01-08T07:00:00,PV_Generation_kW,14.776000000000003,15.790533333333345,11.288
2013-01-08,15,2013-01-08T07:30:00,PV_Generation_kW,40.03200000000001,36.277133333333346,28.714000000000052
2013-01-08,16,2013-01-08T08:00:00,PV_Generation_kW,71.40599999999993,63.52499999999996,53.873999999999974
2013-01-08,17,2013-01-08T08:30:00,PV_Generation_kW,100.23999999999994,95.57726666666663,83.01200000000009
2013-01-08,18,2013-01-08T09:00:00,PV_Generation_kW,134.64200000000005,126.24673333333334,114.62000000000002
2013-01-08,19,2013-01-08T09:30:00,PV_Generation_kW,178.584,154.60633333333334,149.79799999999992
2013-01-08,20,2013-01-08T10:00:00,PV_Generation_kW,221.96199999999982,183.37866666666662,187.8680000000002
2013-01-08,21,2013-01-08T10:30:00,PV_Generation_kW,233.38999999999984,210.0015333333333,219.57800000000006
2013-01-08,22,2013-01-08T11:00:00,PV_Generation_kW,245.28600000000012,233.10546666666656,264.296
2013-01-08,23,2013-01-08T11:30:00,PV_Generation_kW,264.32799999999986,250.9367333333333,287.7100000000002
2013-01-08,24,2013-01-08T12:00:00,PV_Generation_kW,304.3379999999999,265.43139999999994,296.352
2013-01-08,25,2013-01-08T12:30:00,PV_Generation_kW,337.416,277.335,312.6840000000001
2013-01-08,26,2013-01-08T13:00:00,PV_Generation_kW,341.16199999999975,285.8042666666666,325.03399999999993
2013-01-08,27,2013-01-08T13:30:00,PV_Generation_kW,354.2959999999998,286.8156,329.33199999999977
2013-01-08,28,2013-01-08T14:00:00,PV_Generation_kW,348.25000000000006,279.01146666666665,345.5499999999997
2013-01-08,29,2013-01-08T14:30:00,PV_Generation_kW,310.656,260.8488000000001,345.2999999999998
2013-01-08,30,2013-01-08T15:00:00,PV_Generation_kW,281.652,251.96813333333333,333.11999999999983
2013-01-08,31,2013-01-08T15:30:00,PV_Generation_kW,266.68199999999996,234.0940666666666,312.2319999999998
2013-01-08,32,2013-01-08T16:00:00,PV_Generation_kW,255.24200000000002,207.78439999999998,287.19000000000005
2013-01-08,33,2013-01-08T16:30:00,PV_Generation_kW,222.5120000000001,179.6854666666667,248.64800000000005
2013-01-08,34,2013-01-08T17:00:00,PV_Generation_kW,173.35999999999987,146.39833333333328,205.5919999999998
2013-01-08,35,2013-01-08T17:30:00,PV_Generation_kW,132.74199999999996,111.68099999999997,163.31799999999987
2013-01-08,36,2013-01-08T18:00:00,PV_Generation_kW,87.3180000000001,76.92646666666668,116.98400000000001
2013-01-08,37,2013-01-08T18:30:00,PV_Generation_kW,61.26800000000003,46.823533333333344,72.786
2013-01-08,38,2013-01-08T19:00:00,PV_Generation_kW,37.12800000000003,23.83113333333334,37.25999999999999
2013-01-08,39,2013-01-08T19:30:00,PV_Generation_kW,14.902,8.682333333333327,15.242000000000012
2013-01-08,40,2013-01-08T20:00:00,PV_Generation_kW,3.139999999999997,1.2107999999999997,2.805999999999998
2013-01-08,41,2013-01-08T20:30:00,PV_Generation_kW,0.046,0.03806666666666668,0.014
2013-01-08,42,2013-01-08T21:00:00,PV_Generation_kW,0.04,0.05146666666666669,0.048
2013-01-08,43,2013-01-08T21:30:00,PV_Generation_kW,0.062,0.04313333333333334,0.036000000000000004
2013-01-08,44,2013-01-08T22:00:00,PV_Generation_kW,0.04000000000000001,0.037266666666666684,0.0
2013-01-08,45,2013-01-08T22:30:00,PV_Generation_kW,0.04,0.04126666666666668,0.016
2013-01-08,46,2013-01-08T23:00:00,PV_Generation_kW,0.028000000000000004,0.045733333333333355,0.04000000000000001
2013-01-08,47,2013-01-08T23:30:00,PV_Generation_kW,0.04,0.03853333333333334,0.024
2013-01-08,48,2013-01-09T00:00:00,PV_Generation_kW,0.004,0.037266666666666684,0.048
2013-01-09,1,2013-01-09T00:30:00,GC_Load_kW,337.7880000000002,156.2868,169.13600000000005
2013-01-09,2,2013-01-09T01:00:00,GC_Load_kW,326.44800000000004,143.50606666666667,152.81399999999994
2013-01-09,3,2013-01-09T01:30:00,GC_Load_kW,301.72799999999984,129.50746666666666,135.26999999999995
2013-01-09,4,2013-01-09T02:00:00,GC_Load_kW,278.844,120.64859999999999,125.81199999999995
2013-01-09,5,2013-01-09T02:30:00,GC_Load_kW,280.88199999999995,118.89066666666669,132.382
2013-01-09,6,2013-01-09T03:00:00,GC_Load_kW,275.6620000000001,115.95166666666664,126.02000000000004
2013-01-09,7,2013-01-09T03:30:00,GC_Load_kW,258.51399999999995,115.7992,129.82599999999996
2013-01-09,8,2013-01-09T04:00:00,GC_Load_kW,240.4280000000001,111.30626666666666,127.19
2013-01-09,9,2013-01-09T04:30:00,GC_Load_kW,231.8120000000001,110.72573333333335,127.82199999999993
2013-01-09,10,2013-01-09T05:00:00,GC_Load_kW,224.05399999999995,110.40913333333333,125.26999999999997
2013-01-09,11,2013-01-09T05:30:00,GC_Load_kW,212.08600000000004,115.46613333333329,124.83999999999989
2013-01-09,12,2013-01-09T06:00:00,GC_Load_kW,193.6700000000002,121.35673333333331,130.29999999999995
2013-01-09,13,2013-01-09T06:30:00,GC_Load_kW,177.33400000000006,125.4973333333333,134.54800000000003
2013-01-09,14,2013-01-09T07:00:00,GC_Load_kW,188.95000000000013,137.41159999999994,147.96000000000004
2013-01-09,15,2013-01-09T07:30:00,GC_Load_kW,186.52400000000006,144.28133333333332,153.85200000000012
2013-01-09,16,2013-01-09T08:00:00,GC_Load_kW,169.7279999999999,154.77526666666662,167.42399999999992
2013-01-09,17,2013-01-09T08:30:00,GC_Load_kW,174.54399999999993,163.36806666666664,184.70399999999998
2013-01-09,18,2013-01-09T09:00:00,GC_Load_kW,183.45200000000006,169.7149333333333,191.19200000000012
2013-01-09,19,2013-01-09T09:30:00,GC_Load_kW,182.62799999999987,175.47240000000002,198.296
2013-01-09,20,2013-01-09T10:00:00,GC_Load_kW,172.78,175.59393333333327,221.74000000000007
2013-01-09,21,2013-01-09T10:30:00,GC_Load_kW,178.82800000000012,181.36046666666667,268.42400000000043
2013-01-09,22,2013-01-09T11:00:00,GC_Load_kW,179.69000000000008,187.2294,282.1080000000001
2013-01-09,23,2013-01-09T11:30:00,GC_Load_kW,179.7799999999999,194.32173333333333,316.3739999999997
2013-01-09,24,2013-01-09T12:00:00,GC_Load_kW,184.43800000000002,205.79706666666664,347.1740000000001
2013-01-09,25,2013-01-09T12:30:00,GC_Load_kW,192.71799999999993,216.301,405.6099999999998
2013-01-09,26,2013-01-09T13:00:00,GC_Load_kW,185.39800000000005,217.4805333333333,433.89000000000027
2013-01-09,27,2013-01-09T13:30:00,GC_Load_kW,176.91,218.08119999999994,454.4260000000003
2013-01-09,28,2013-01-09T14:00:00,GC_Load_kW,173.54399999999995,221.7512666666666,498.22599999999994
2013-01-09,29,2013-01-09T14:30:00,GC_Load_kW,169.33600000000013,221.42786666666663,527.9059999999998
2013-01-09,30,2013-01-09T15:00:00,GC_Load_kW,176.20799999999997,225.95119999999997,550.3600000000004
2013-01-09,31,2013-01-09T15:30:00,GC_Load_kW,182.15999999999997,229.28026666666668,566.3519999999999
2013-01-09,32,2013-01-09T16:00:00,GC_Load_kW,187.326,232.63086666666675,580.5780000000002
2013-01-09,33,2013-01-09T16:30:00,GC_Load_kW,178.03799999999998,236.1307333333333,592.916
2013-01-09,34,2013-01-09T17:00:00,GC_Load_kW,193.33800000000002,244.7775333333333,633.7859999999996
2013-01-09,35,2013-01-09T17:30:00,GC_Load_kW,196.36799999999994,259.45619999999997,665.0659999999996
2013-01-09,36,2013-01-09T18:00:00,GC_Load_kW,209.52199999999988,276.02459999999996,700.7599999999999
2013-01-09,37,2013-01-09T18:30:00,GC_Load_kW,230.45000000000013,280.27493333333325,739.7359999999999
2013-01-09,38,2013-01-09T19:00:00,GC_Load_kW,228.66399999999987,280.28213333333326,733.7340000000003
2013-01-09,39,2013-01-09T19:30:00,GC_Load_kW,212.52999999999992,272.9641333333333,739.756
2013-01-09,40,2013-01-09T20:00:00,GC_Load_kW,204.71999999999994,266.4478666666667,737.4900000000004
2013-01-09,41,2013-01-09T20:30:00,GC_Load_kW,214.24399999999997,267.92313333333334,730.3119999999997
2013-01-09,42,2013-01-09T21:00:00,GC_Load_kW,215.56,269.18313333333333,717.2999999999997
2013-01-09,43,2013-01-09T21:30:00,GC_Load_kW,209.15000000000018,260.63873333333333,666.7859999999998
2013-01-09,44,2013-01-09T22:00:00,GC_Load_kW,194.11600000000004,246.7328666666666,641.8439999999993
2013-01-09,45,2013-01-09T22:30:00,GC_Load_kW,195.13400000000013,235.28413333333336,557.4040000000003
2013-01-09,46,2013-01-09T23:00:00,GC_Load_kW,188.6059999999999,219.0978666666667,497.8660000000001
2013-01-09,47,2013-01-09T23:30:00,GC_Load_kW,171.80200000000013,193.694,412.2820000000002
2013-01-09,48,2013-01-10T00:00:00,GC_Load_kW,159.48199999999986,175.78633333333332,379.6319999999997
2013-01-09,1,2013-01-09T00:30:00,PV_Generation_kW,0.024,0.03453333333333334,0.026000000000000002
2013-01-09,2,2013-01-09T01:00:00,PV_Generation_kW,0.028,0.03566666666666667,0.0
2013-01-09,3,2013-01-09T01:30:00,PV_Generation_kW,0.036000000000000004,0.03913333333333335,0.038000000000000006
2013-01-09,4,2013-01-09T02:00:00,PV_Generation_kW,0.036000000000000004,0.031800000000000016,0.036000000000000004
2013-01-09,5,2013-01-09T02:30:00,PV_Generation_kW,0.024,0.028733333333333343,0.062
2013-01-09,6,2013-01-09T03:00:00,PV_Generation_kW,0.086,0.02853333333333335,0.05
2013-01-09,7,2013-01-09T03:30:00,PV_Generation_kW,0.024,0.029133333333333344,0.0
2013-01-09,8,2013-01-09T04:00:00,PV_Generation_kW,0.086,0.032866666666666676,0.012
2013-01-09,9,2013-01-09T04:30:00,PV_Generation_kW,0.028,0.027466666666666674,0.024
2013-01-09,10,2013-01-09T05:00:00,PV_Generation_kW,0.024,0.03380000000000001,0.09799999999999999
2013-01-09,11,2013-01-09T05:30:00,PV_Generation_kW,0.012,0.030600000000000013,0.04
2013-01-09,12,2013-01-09T06:00:00,PV_Generation_kW,0.072,0.09359999999999997,0.048
2013-01-09,13,2013-01-09T06:30:00,PV_Generation_kW,1.460000000000001,3.337333333333326,2.12
2013-01-09,14,2013-01-09T07:00:00,PV_Generation_kW,13.394000000000013,15.599400000000008,14.776000000000003
2013-01-09,15,2013-01-09T07:30:00,PV_Generation_kW,32.094000000000044,36.107266666666675,40.03200000000001
2013-01-09,16,2013-01-09T08:00:00,PV_Generation_kW,58.055999999999976,63.16239999999996,71.40599999999993
2013-01-09,17,2013-01-09T08:30:00,PV_Generation_kW,80.70999999999997,94.46493333333329,100.23999999999994
2013-01-09,18,2013-01-09T09:00:00,PV_Generation_kW,110.234,124.81593333333333,134.64200000000005
2013-01-09,19,2013-01-09T09:30:00,PV_Generation_kW,140.23399999999992,153.48513333333332,178.584
2013-01-09,20,2013-01-09T10:00:00,PV_Generation_kW,161.07599999999996,183.0284666666666,221.96199999999982
2013-01-09,21,2013-01-09T10:30:00,PV_Generation_kW,180.63600000000002,209.40026666666665,233.38999999999984
2013-01-09,22,2013-01-09T11:00:00,PV_Generation_kW,205.3639999999999,231.89879999999994,245.28600000000012
2013-01-09,23,2013-01-09T11:30:00,PV_Generation_kW,219.85399999999984,250.23713333333336,264.32799999999986
2013-01-09,24,2013-01-09T12:00:00,PV_Generation_kW,224.97799999999995,265.92499999999995,304.3379999999999
2013-01-09,25,2013-01-09T12:30:00,PV_Generation_kW,242.854,279.8938666666666,337.416
2013-01-09,26,2013-01-09T13:00:00,PV_Generation_kW,256.5520000000002,289.1337333333333,341.16199999999975
2013-01-09,27,2013-01-09T13:30:00,PV_Generation_kW,261.49600000000004,291.6417333333333,354.2959999999998
2013-01-09,28,2013-01-09T14:00:00,PV_Generation_kW,222.80599999999998,285.2823333333333,348.25000000000006
2013-01-09,29,2013-01-09T14:30:00,PV_Generation_kW,228.28999999999988,268.2511333333334,310.656
2013-01-09,30,2013-01-09T15:00:00,PV_Generation_kW,232.31999999999982,259.21573333333333,281.652
2013-01-09,31,2013-01-09T15:30:00,PV_Generation_kW,212.90800000000004,240.55239999999995,266.68199999999996
2013-01-09,32,2013-01-09T16:00:00,PV_Generation_kW,171.26199999999997,214.68986666666666,255.24200000000002
2013-01-09,33,2013-01-09T16:30:00,PV_Generation_kW,146.73599999999988,185.5044,222.5120000000001
2013-01-09,34,2013-01-09T17:00:00,PV_Generation_kW,136.89799999999994,151.15279999999996,173.35999999999987
2013-01-09,35,2013-01-09T17:30:00,PV_Generation_kW,110.80199999999991,115.41979999999997,132.74199999999996
2013-01-09,36,2013-01-09T18:00:00,PV_Generation_kW,65.48400000000007,79.47120000000001,87.3180000000001
2013-01-09,37,2013-01-09T18:30:00,PV_Generation_kW,28.350000000000055,48.68073333333335,61.26800000000003
2013-01-09,38,2013-01-09T19:00:00,PV_Generation_kW,11.33799999999999,25.003066666666673,37.12800000000003
2013-01-09,39,2013-01-09T19:30:00,PV_Generation_kW,2.8719999999999977,9.16426666666666,14.902
2013-01-09,40,2013-01-09T20:00:00,PV_Generation_kW,0.094,1.314466666666666,3.139999999999997
2013-01-09,41,2013-01-09T20:30:00,PV_Generation_kW,0.09799999999999999,0.03840000000000001,0.046
2013-01-09,42,2013-01-09T21:00:00,PV_Generation_kW,0.062,0.050800000000000026,0.04
2013-01-09,43,2013-01-09T21:30:00,PV_Generation_kW,0.06,0.04520000000000001,0.062
2013-01-09,44,2013-01-09T22:00:00,PV_Generation_kW,0.062,0.03806666666666669,0.04000000000000001
2013-01-09,45,2013-01-09T22:30:00,PV_Generation_kW,0.038000000000000006,0.040533333333333345,0.04
2013-01-09,46,2013-01-09T23:00:00,PV_Generation_kW,0.036000000000000004,0.04500000000000002,0.028000000000000004
2013-01-09,47,2013-01-09T23:30:00,PV_Generation_kW,0.012,0.038133333333333345,0.04
2013-01-09,48,2013-01-10T00:00:00,PV_Generation_kW,0.038000000000000006,0.03700000000000002,0.004
2013-01-10,1,2013-01-10T00:30:00,GC_Load_kW,147.8480000000001,162.9886666666667,337.7880000000002
2013-01-10,2,2013-01-10T01:00:00,GC_Load_kW,138.54600000000002,150.2752,326.44800000000004
2013-01-10,3,2013-01-10T01:30:00,GC_Load_kW,122.57599999999994,135.83939999999998,301.72799999999984
2013-01-10,4,2013-01-10T02:00:00,GC_Load_kW,118.32599999999991,126.50526666666664,278.844
2013-01-10,5,2013-01-10T02:30:00,GC_Load_kW,120.60600000000002,124.7654666666667,280.88199999999995
2013-01-10,6,2013-01-10T03:00:00,GC_Load_kW,111.67199999999997,121.69133333333333,275.6620000000001
2013-01-10,7,2013-01-10T03:30:00,GC_Load_kW,112.65799999999997,120.94653333333333,258.51399999999995
2013-01-10,8,2013-01-10T04:00:00,GC_Load_kW,107.71999999999997,116.06539999999998,240.4280000000001
2013-01-10,9,2013-01-10T04:30:00,GC_Load_kW,108.27399999999997,115.18180000000001,231.8120000000001
2013-01-10,10,2013-01-10T05:00:00,GC_Load_kW,102.50400000000003,114.55726666666666,224.05399999999995
2013-01-10,11,2013-01-10T05:30:00,GC_Load_kW,113.19600000000001,118.82686666666662,212.08600000000004
2013-01-10,12,2013-01-10T06:00:00,GC_Load_kW,117.45600000000005,123.78239999999997,193.6700000000002
2013-01-10,13,2013-01-10T06:30:00,GC_Load_kW,131.57400000000007,127.32759999999999,177.33400000000006
2013-01-10,14,2013-01-10T07:00:00,GC_Load_kW,138.216,139.05606666666662,188.95000000000013
2013-01-10,15,2013-01-10T07:30:00,GC_Load_kW,149.62600000000003,145.32380000000003,186.52400000000006
2013-01-10,16,2013-01-10T08:00:00,GC_Load_kW,145.25200000000012,154.39326666666665,169.7279999999999
2013-01-10,17,2013-01-10T08:30:00,GC_Load_kW,150.99600000000012,162.86766666666662,174.54399999999993
2013-01-10,18,2013-01-10T09:00:00,GC_Load_kW,160.70400000000004,169.64179999999996,183.45200000000006
2013-01-10,19,2013-01-10T09:30:00,GC_Load_kW,165.4079999999999,176.02300000000002,182.62799999999987
2013-01-10,20,2013-01-10T10:00:00,GC_Load_kW,160.64199999999997,176.24433333333334,172.78
2013-01-10,21,2013-01-10T10:30:00,GC_Load_kW,157.83800000000002,182.10833333333338,178.82800000000012
2013-01-10,22,2013-01-10T11:00:00,GC_Load_kW,168.32399999999998,188.09546666666668,179.69000000000008
2013-01-10,23,2013-01-10T11:30:00,GC_Load_kW,159.5279999999999,195.38899999999998,179.7799999999999
2013-01-10,24,2013-01-10T12:00:00,GC_Load_kW,164.89399999999986,206.61853333333332,184.43800000000002
2013-01-10,25,2013-01-10T12:30:00,GC_Load_kW,162.26400000000012,217.27019999999996,192.71799999999993
2013-01-10,26,2013-01-10T13:00:00,GC_Load_kW,161.64800000000002,217.9924,185.39800000000005
2013-01-10,27,2013-01-10T13:30:00,GC_Load_kW,158.79799999999992,218.5512,176.91
2013-01-10,28,2013-01-10T14:00:00,GC_Load_kW,158.67200000000008,222.40873333333326,173.54399999999995
2013-01-10,29,2013-01-10T14:30:00,GC_Load_kW,151.52999999999992,222.19186666666664,169.33600000000013
2013-01-10,30,2013-01-10T15:00:00,GC_Load_kW,156.72600000000008,226.8399333333333,176.20799999999997
2013-01-10,31,2013-01-10T15:30:00,GC_Load_kW,150.32599999999996,230.4694666666667,182.15999999999997
2013-01-10,32,2013-01-10T16:00:00,GC_Load_kW,145.998,234.08280000000008,187.326
2013-01-10,33,2013-01-10T16:30:00,GC_Load_kW,152.05800000000008,236.73479999999998,178.03799999999998
2013-01-10,34,2013-01-10T17:00:00,GC_Load_kW,159.66600000000003,245.3836,193.33800000000002
2013-01-10,35,2013-01-10T17:30:00,GC_Load_kW,181.38000000000005,259.035,196.36799999999994
2013-01-10,36,2013-01-10T18:00:00,GC_Load_kW,205.11999999999998,274.7828666666666,209.52199999999988
2013-01-10,37,2013-01-10T18:30:00,GC_Load_kW,206.96199999999993,279.5829333333333,230.45000000000013
2013-01-10,38,2013-01-10T19:00:00,GC_Load_kW,207.032,278.864,228.66399999999987
2013-01-10,39,2013-01-10T19:30:00,GC_Load_kW,208.61599999999996,271.8474,212.52999999999992
2013-01-10,40,2013-01-10T20:00:00,GC_Load_kW,208.448,265.1232000000001,204.71999999999994
2013-01-10,41,2013-01-10T20:30:00,GC_Load_kW,221.43200000000007,266.8954,214.24399999999997
2013-01-10,42,2013-01-10T21:00:00,GC_Load_kW,220.79,268.41953333333333,215.56
2013-01-10,43,2013-01-10T21:30:00,GC_Load_kW,215.164,260.0172,209.15000000000018
2013-01-10,44,2013-01-10T22:00:00,GC_Load_kW,198.68199999999993,246.28659999999996,194.11600000000004
2013-01-10,45,2013-01-10T22:30:00,GC_Load_kW,198.17000000000004,235.36426666666668,195.13400000000013
2013-01-10,46,2013-01-10T23:00:00,GC_Load_kW,193.79800000000006,219.20266666666672,188.6059999999999
2013-01-10,47,2013-01-10T23:30:00,GC_Load_kW,170.85399999999996,193.99313333333333,171.80200000000013
2013-01-10,48,2013-01-11T00:00:00,GC_Load_kW,156.42399999999998,176.3315333333333,159.48199999999986
2013-01-10,1,2013-01-10T00:30:00,PV_Generation_kW,0.014,0.033733333333333344,0.024
2013-01-10,2,2013-01-10T01:00:00,PV_Generation_kW,0.06,0.03566666666666667,0.028
2013-01-10,3,2013-01-10T01:30:00,PV_Generation_kW,0.036000000000000004,0.039933333333333355,0.036000000000000004
2013-01-10,4,2013-01-10T02:00:00,PV_Generation_kW,0.04000000000000001,0.030933333333333347,0.036000000000000004
2013-01-10,5,2013-01-10T02:30:00,PV_Generation_kW,0.024,0.028733333333333343,0.024
2013-01-10,6,2013-01-10T03:00:00,PV_Generation_kW,0.012,0.02980000000000001,0.086
2013-01-10,7,2013-01-10T03:30:00,PV_Generation_kW,0.062,0.029133333333333344,0.024
2013-01-10,8,2013-01-10T04:00:00,PV_Generation_kW,0.024,0.034533333333333346,0.086
2013-01-10,9,2013-01-10T04:30:00,PV_Generation_kW,0.036000000000000004,0.027200000000000005,0.028
2013-01-10,10,2013-01-10T05:00:00,PV_Generation_kW,0.036000000000000004,0.03380000000000001,0.024
2013-01-10,11,2013-01-10T05:30:00,PV_Generation_kW,0.06,0.029333333333333343,0.012
2013-01-10,12,2013-01-10T06:00:00,PV_Generation_kW,0.062,0.0944,0.072
2013-01-10,13,2013-01-10T06:30:00,PV_Generation_kW,0.092,3.38086666666666,1.460000000000001
2013-01-10,14,2013-01-10T07:00:00,PV_Generation_kW,2.587999999999999,16.00400000000001,13.394000000000013
2013-01-10,15,2013-01-10T07:30:00,PV_Generation_kW,10.591999999999997,36.954933333333344,32.094000000000044
2013-01-10,16,2013-01-10T08:00:00,PV_Generation_kW,23.61000000000003,64.6249333333333,58.055999999999976
2013-01-10,17,2013-01-10T08:30:00,PV_Generation_kW,44.107999999999954,96.5083333333333,80.70999999999997
2013-01-10,18,2013-01-10T09:00:00,PV_Generation_kW,63.102000000000075,127.6696,110.234
2013-01-10,19,2013-01-10T09:30:00,PV_Generation_kW,69.09399999999994,157.1392,140.23399999999992
2013-01-10,20,2013-01-10T10:00:00,PV_Generation_kW,86.66600000000003,186.95113333333327,161.07599999999996
2013-01-10,21,2013-01-10T10:30:00,PV_Generation_kW,114.676,213.20366666666666,180.63600000000002
2013-01-10,22,2013-01-10T11:00:00,PV_Generation_kW,116.45200000000004,235.51646666666662,205.3639999999999
2013-01-10,23,2013-01-10T11:30:00,PV_Generation_kW,121.25399999999996,253.52686666666668,219.85399999999984
2013-01-10,24,2013-01-10T12:00:00,PV_Generation_kW,134.88799999999995,268.8610666666666,224.97799999999995
2013-01-10,25,2013-01-10T12:30:00,PV_Generation_kW,155.84200000000004,282.51806666666664,242.854
2013-01-10,26,2013-01-10T13:00:00,PV_Generation_kW,147.54600000000002,292.3663333333333,256.5520000000002
2013-01-10,27,2013-01-10T13:30:00,PV_Generation_kW,134.048,295.4504666666666,261.49600000000004
2013-01-10,28,2013-01-10T14:00:00,PV_Generation_kW,130.452,288.2072,222.80599999999998
2013-01-10,29,2013-01-10T14:30:00,PV_Generation_kW,141.3,271.84193333333343,228.28999999999988
2013-01-10,30,2013-01-10T15:00:00,PV_Generation_kW,150.03599999999994,263.21619999999996,232.31999999999982
2013-01-10,31,2013-01-10T15:30:00,PV_Generation_kW,144.55400000000006,244.53239999999997,212.90800000000004
2013-01-10,32,2013-01-10T16:00:00,PV_Generation_kW,128.57999999999993,217.60566666666665,171.26199999999997
2013-01-10,33,2013-01-10T16:30:00,PV_Generation_kW,126.26199999999997,187.93113333333335,146.73599999999988
2013-01-10,34,2013-01-10T17:00:00,PV_Generation_kW,116.82799999999996,153.72986666666662,136.89799999999994
2013-01-10,35,2013-01-10T17:30:00,PV_Generation_kW,86.05800000000002,117.60593333333327,110.80199999999991
2013-01-10,36,2013-01-10T18:00:00,PV_Generation_kW,58.54800000000006,80.69739999999999,65.48400000000007
2013-01-10,37,2013-01-10T18:30:00,PV_Generation_kW,41.76599999999999,49.105666666666686,28.350000000000055
2013-01-10,38,2013-01-10T19:00:00,PV_Generation_kW,29.056000000000072,25.16160000000001,11.33799999999999
2013-01-10,39,2013-01-10T19:30:00,PV_Generation_kW,14.568000000000007,9.224333333333327,2.8719999999999977
2013-01-10,40,2013-01-10T20:00:00,PV_Generation_kW,2.5599999999999996,1.317133333333333,0.094
2013-01-10,41,2013-01-10T20:30:00,PV_Generation_kW,0.030000000000000002,0.04046666666666668,0.09799999999999999
2013-01-10,42,2013-01-10T21:00:00,PV_Generation_kW,0.062,0.05126666666666669,0.062
2013-01-10,43,2013-01-10T21:30:00,PV_Generation_kW,0.072,0.045133333333333345,0.06
2013-01-10,44,2013-01-10T22:00:00,PV_Generation_kW,0.036000000000000004,0.03886666666666669,0.062
2013-01-10,45,2013-01-10T22:30:00,PV_Generation_kW,0.074,0.04006666666666668,0.038000000000000006
2013-01-10,46,2013-01-10T23:00:00,PV_Generation_kW,0.014,0.04533333333333335,0.036000000000000004
2013-01-10,47,2013-01-10T23:30:00,PV_Generation_kW,0.024,0.03553333333333334,0.012
2013-01-10,48,2013-01-11T00:00:00,PV_Generation_kW,0.014,0.036600000000000014,0.038000000000000006
2013-01-11,1,2013-01-11T00:30:00,GC_Load_kW,141.37400000000014,163.22673333333339,147.8480000000001
2013-01-11,2,2013-01-11T01:00:00,GC_Load_kW,137.43400000000003,150.62013333333334,138.54600000000002
2013-01-11,3,2013-01-11T01:30:00,GC_Load_kW,123.74600000000002,136.0886,122.57599999999994
2013-01-11,4,2013-01-11T02:00:00,GC_Load_kW,117.12600000000006,126.94373333333331,118.32599999999991
2013-01-11,5,2013-01-11T02:30:00,GC_Load_kW,113.58400000000005,125.21320000000004,120.60600000000002
2013-01-11,6,2013-01-11T03:00:00,GC_Load_kW,110.92399999999996,121.90846666666665,111.67199999999997
2013-01-11,7,2013-01-11T03:30:00,GC_Load_kW,115.87999999999991,121.16080000000001,112.65799999999997
2013-01-11,8,2013-01-11T04:00:00,GC_Load_kW,109.074,116.33406666666664,107.71999999999997
2013-01-11,9,2013-01-11T04:30:00,GC_Load_kW,106.32799999999997,115.4328,108.27399999999997
2013-01-11,10,2013-01-11T05:00:00,GC_Load_kW,105.36800000000001,114.69633333333331,102.50400000000003
2013-01-11,11,2013-01-11T05:30:00,GC_Load_kW,114.11399999999996,118.93606666666663,113.19600000000001
2013-01-11,12,2013-01-11T06:00:00,GC_Load_kW,115.47000000000004,123.6629333333333,117.45600000000005
2013-01-11,13,2013-01-11T06:30:00,GC_Load_kW,123.33999999999996,127.24766666666666,131.57400000000007
2013-01-11,14,2013-01-11T07:00:00,GC_Load_kW,131.826,138.47993333333332,138.216
2013-01-11,15,2013-01-11T07:30:00,GC_Load_kW,137.59400000000002,144.9000666666667,149.62600000000003
2013-01-11,16,2013-01-11T08:00:00,GC_Load_kW,150.89999999999995,153.86333333333332,145.25200000000012
2013-01-11,17,2013-01-11T08:30:00,GC_Load_kW,148.32599999999996,162.29599999999994,150.99600000000012
2013-01-11,18,2013-01-11T09:00:00,GC_Load_kW,164.0159999999999,169.6444,160.70400000000004
2013-01-11,19,2013-01-11T09:30:00,GC_Load_kW,175.99600000000004,176.79193333333333,165.4079999999999
2013-01-11,20,2013-01-11T10:00:00,GC_Load_kW,172.058,177.14799999999997,160.64199999999997
2013-01-11,21,2013-01-11T10:30:00,GC_Load_kW,165.71199999999993,182.69480000000001,157.83800000000002
2013-01-11,22,2013-01-11T11:00:00,GC_Load_kW,174.74399999999997,189.1968,168.32399999999998
2013-01-11,23,2013-01-11T11:30:00,GC_Load_kW,206.71400000000003,196.10806666666667,159.5279999999999
2013-01-11,24,2013-01-11T12:00:00,GC_Load_kW,229.73399999999987,207.11299999999994,164.89399999999986
2013-01-11,25,2013-01-11T12:30:00,GC_Load_kW,255.10800000000003,217.45506666666662,162.26400000000012
2013-01-11,26,2013-01-11T13:00:00,GC_Load_kW,256.904,218.16260000000003,161.64800000000002
2013-01-11,27,2013-01-11T13:30:00,GC_Load_kW,265.7040000000001,218.7638,158.79799999999992
2013-01-11,28,2013-01-11T14:00:00,GC_Load_kW,258.32000000000005,222.91819999999998,158.67200000000008
2013-01-11,29,2013-01-11T14:30:00,GC_Load_kW,292.6920000000001,222.54979999999998,151.52999999999992
2013-01-11,30,2013-01-11T15:00:00,GC_Load_kW,301.414,227.5238666666666,156.72600000000008
2013-01-11,31,2013-01-11T15:30:00,GC_Load_kW,312.08200000000033,230.9042666666667,150.32599999999996
2013-01-11,32,2013-01-11T16:00:00,GC_Load_kW,332.0199999999998,233.94326666666672,145.998
2013-01-11,33,2013-01-11T16:30:00,GC_Load_kW,325.55800000000005,236.7239333333333,152.05800000000008
2013-01-11,34,2013-01-11T17:00:00,GC_Load_kW,363.78600000000023,245.31159999999997,159.66600000000003
2013-01-11,35,2013-01-11T17:30:00,GC_Load_kW,384.6659999999998,258.6566666666667,181.38000000000005
2013-01-11,36,2013-01-11T18:00:00,GC_Load_kW,398.04,274.1262,205.11999999999998
2013-01-11,37,2013-01-11T18:30:00,GC_Load_kW,423.002,278.54526666666663,206.96199999999993
2013-01-11,38,2013-01-11T19:00:00,GC_Load_kW,436.3519999999997,278.02686666666665,207.032
2013-01-11,39,2013-01-11T19:30:00,GC_Load_kW,450.2519999999999,270.95806666666664,208.61599999999996
2013-01-11,40,2013-01-11T20:00:00,GC_Load_kW,440.7819999999999,263.9158666666668,208.448
2013-01-11,41,2013-01-11T20:30:00,GC_Load_kW,433.0699999999996,265.8998,221.43200000000007
2013-01-11,42,2013-01-11T21:00:00,GC_Load_kW,439.2899999999997,267.72133333333335,220.79
2013-01-11,43,2013-01-11T21:30:00,GC_Load_kW,412.908,259.4166666666667,215.164
2013-01-11,44,2013-01-11T22:00:00,GC_Load_kW,383.31800000000015,245.41153333333327,198.68199999999993
2013-01-11,45,2013-01-11T22:30:00,GC_Load_kW,350.97599999999983,234.62913333333336,198.17000000000004
2013-01-11,46,2013-01-11T23:00:00,GC_Load_kW,336.9899999999997,219.28406666666666,193.79800000000006
2013-01-11,47,2013-01-11T23:30:00,GC_Load_kW,322.4780000000001,194.29346666666663,170.85399999999996
2013-01-11,48,2013-01-12T00:00:00,GC_Load_kW,278.94199999999995,176.9641333333333,156.42399999999998
2013-01-11,1,2013-01-11T00:30:00,PV_Generation_kW,0.036000000000000004,0.033400000000000006,0.014
2013-01-11,2,2013-01-11T01:00:00,PV_Generation_kW,0.036000000000000004,0.03680000000000001,0.06
2013-01-11,3,2013-01-11T01:30:00,PV_Generation_kW,0.064,0.04026666666666669,0.036000000000000004
2013-01-11,4,2013-01-11T02:00:00,PV_Generation_kW,0.014,0.031333333333333345,0.04000000000000001
2013-01-11,5,2013-01-11T02:30:00,PV_Generation_kW,0.06,0.029133333333333344,0.024
2013-01-11,6,2013-01-11T03:00:00,PV_Generation_kW,0.012,0.029333333333333343,0.012
2013-01-11,7,2013-01-11T03:30:00,PV_Generation_kW,0.036000000000000004,0.030000000000000013,0.062
2013-01-11,8,2013-01-11T04:00:00,PV_Generation_kW,0.05,0.034866666666666685,0.024
2013-01-11,9,2013-01-11T04:30:00,PV_Generation_kW,0.048,0.02673333333333334,0.036000000000000004
2013-01-11,10,2013-01-11T05:00:00,PV_Generation_kW,0.036000000000000004,0.033733333333333344,0.036000000000000004
2013-01-11,11,2013-01-11T05:30:00,PV_Generation_kW,0.036000000000000004,0.029666666666666678,0.06
2013-01-11,12,2013-01-11T06:00:00,PV_Generation_kW,0.012,0.09006666666666667,0.062
2013-01-11,13,2013-01-11T06:30:00,PV_Generation_kW,0.5320000000000003,3.1908666666666603,0.092
2013-01-11,14,2013-01-11T07:00:00,PV_Generation_kW,6.599999999999976,15.619666666666676,2.587999999999999
2013-01-11,15,2013-01-11T07:30:00,PV_Generation_kW,24.694000000000038,36.50073333333335,10.591999999999997
2013-01-11,16,2013-01-11T08:00:00,PV_Generation_kW,56.19199999999998,64.12146666666663,23.61000000000003
2013-01-11,17,2013-01-11T08:30:00,PV_Generation_kW,99.94400000000002,95.99559999999998,44.107999999999954
2013-01-11,18,2013-01-11T09:00:00,PV_Generation_kW,150.44799999999992,127.44346666666665,63.102000000000075
2013-01-11,19,2013-01-11T09:30:00,PV_Generation_kW,199.58800000000016,156.868,69.09399999999994
2013-01-11,20,2013-01-11T10:00:00,PV_Generation_kW,240.92799999999988,187.37173333333328,86.66600000000003
2013-01-11,21,2013-01-11T10:30:00,PV_Generation_kW,280.72999999999996,213.5768,114.676
2013-01-11,22,2013-01-11T11:00:00,PV_Generation_kW,312.4599999999997,234.9820666666666,116.45200000000004
2013-01-11,23,2013-01-11T11:30:00,PV_Generation_kW,338.90399999999994,252.05006666666665,121.25399999999996
2013-01-11,24,2013-01-11T12:00:00,PV_Generation_kW,357.31799999999964,267.2202666666666,134.88799999999995
2013-01-11,25,2013-01-11T12:30:00,PV_Generation_kW,342.9879999999997,281.30993333333333,155.84200000000004
2013-01-11,26,2013-01-11T13:00:00,PV_Generation_kW,364.6479999999998,290.59799999999996,147.54600000000002
2013-01-11,27,2013-01-11T13:30:00,PV_Generation_kW,373.0580000000003,293.66519999999997,134.048
2013-01-11,28,2013-01-11T14:00:00,PV_Generation_kW,357.32999999999987,287.9889333333333,130.452
2013-01-11,29,2013-01-11T14:30:00,PV_Generation_kW,337.8740000000001,273.0159333333334,141.3
2013-01-11,30,2013-01-11T15:00:00,PV_Generation_kW,310.2040000000002,264.69359999999995,150.03599999999994
2013-01-11,31,2013-01-11T15:30:00,PV_Generation_kW,272.174,245.95939999999993,144.55400000000006
2013-01-11,32,2013-01-11T16:00:00,PV_Generation_kW,281.054,218.4437333333333,128.57999999999993
2013-01-11,33,2013-01-11T16:30:00,PV_Generation_kW,256.11599999999976,189.22406666666666,126.26199999999997
2013-01-11,34,2013-01-11T17:00:00,PV_Generation_kW,212.24999999999986,154.96593333333328,116.82799999999996
2013-01-11,35,2013-01-11T17:30:00,PV_Generation_kW,164.90199999999993,117.8358666666666,86.05800000000002
2013-01-11,36,2013-01-11T18:00:00,PV_Generation_kW,116.78800000000004,80.46533333333333,58.54800000000006
2013-01-11,37,2013-01-11T18:30:00,PV_Generation_kW,72.54999999999993,49.28746666666668,41.76599999999999
2013-01-11,38,2013-01-11T19:00:00,PV_Generation_kW,36.139999999999986,25.591533333333345,29.056000000000072
2013-01-11,39,2013-01-11T19:30:00,PV_Generation_kW,14.263999999999998,9.567333333333325,14.568000000000007
2013-01-11,40,2013-01-11T20:00:00,PV_Generation_kW,2.589999999999999,1.3977333333333333,2.5599999999999996
2013-01-11,41,2013-01-11T20:30:00,PV_Generation_kW,0.05,0.03986666666666668,0.030000000000000002
2013-01-11,42,2013-01-11T21:00:00,PV_Generation_kW,0.06,0.05046666666666669,0.062
2013-01-11,43,2013-01-11T21:30:00,PV_Generation_kW,0.026000000000000002,0.046333333333333344,0.072
2013-01-11,44,2013-01-11T22:00:00,PV_Generation_kW,0.036000000000000004,0.038066666666666686,0.036000000000000004
2013-01-11,45,2013-01-11T22:30:00,PV_Generation_kW,0.072,0.04080000000000002,0.074
2013-01-11,46,2013-01-11T23:00:00,PV_Generation_kW,0.03200000000000001,0.044600000000000015,0.014
2013-01-11,47,2013-01-11T23:30:00,PV_Generation_kW,0.11999999999999998,0.035466666666666674,0.024
2013-01-11,48,2013-01-12T00:00:00,PV_Generation_kW,0.028000000000000004,0.03653333333333335,0.014
