Date,N_Customers,Profile,0:30,1:00,1:30,2:00,2:30,3:00,3:30,4:00,4:30,5:00,5:30,6:00,6:30,7:00,7:30,8:00,8:30,9:00,9:30,10:00,10:30,11:00,11:30,12:00,12:30,13:00,13:30,14:00,14:30,15:00,15:30,16:00,16:30,17:00,17:30,18:00,18:30,19:00,19:30,20:00,20:30,21:00,21:30,22:00,22:30,23:00,23:30,0:00
7-Jan-13,299,GC_Load_kW,155.13326666666666,142.16806666666668,128.48446666666666,119.93733333333331,117.96853333333335,115.37599999999999,114.93386666666669,110.19213333333329,109.37506666666667,109.2274,114.26113333333329,120.11926666666665,124.23779999999998,136.00879999999998,143.02573333333333,154.0997333333333,163.48093333333333,169.8938,175.56866666666664,175.689,179.92893333333333,185.05133333333333,192.00500000000002,202.45173333333332,210.19266666666664,209.6136,209.60299999999995,211.37939999999995,209.24699999999996,212.93099999999998,215.14953333333338,216.7111333333334,220.68499999999995,228.82513333333333,242.76960000000003,257.83546666666666,260.9520666666666,260.74319999999994,253.56966666666665,247.0622666666667,249.82333333333335,251.70653333333334,244.558,230.21526666666662,221.90253333333334,207.6247333333334,184.9185333333333,167.72206666666665
7-Jan-13,299,PV_Generation_kW,0.03480000000000001,0.03893333333333335,0.039266666666666686,0.03173333333333335,0.028333333333333342,0.02880000000000001,0.030266666666666678,0.034600000000000006,0.026733333333333338,0.031666666666666676,0.029733333333333344,0.09406666666666666,3.4788666666666592,16.00333333333334,36.396200000000015,64.16606666666662,96.20173333333328,127.11413333333333,156.1408,184.9782666666666,211.2975333333333,234.40006666666656,252.10766666666666,267.02686666666665,279.0108666666667,287.1582666666666,287.80359999999996,279.5180666666667,260.9399333333334,252.07133333333334,233.8611333333333,207.31673333333327,178.80146666666673,145.5342,110.19639999999997,75.5716,45.50320000000001,22.941266666666674,8.248133333333326,1.121333333333333,0.03920000000000001,0.05026666666666668,0.04240000000000001,0.038466666666666684,0.04193333333333335,0.04566666666666668,0.03906666666666668,0.03740000000000001
8-Jan-13,299,GC_Load_kW,155.98180000000002,143.37766666666667,129.53186666666664,120.59179999999998,118.51933333333336,115.75500000000001,115.42773333333334,110.80566666666664,110.05893333333333,109.87333333333332,115.05926666666664,120.80099999999997,124.84246666666664,136.6288666666666,143.72699999999998,154.1801333333333,163.1251333333333,169.30873333333332,175.01986666666667,174.637,179.56820000000005,184.875,191.25286666666668,201.68953333333332,209.86799999999997,209.78233333333336,209.5187999999999,211.16426666666663,209.92773333333332,213.77139999999997,216.42993333333337,219.04080000000008,222.39279999999997,230.07913333333332,244.2156,260.1316,263.46466666666663,263.80139999999994,256.12159999999994,249.46573333333336,251.1042666666667,252.70293333333333,245.36659999999998,231.74879999999996,222.7039333333333,208.04540000000003,185.06193333333331,167.72106666666664
8-Jan-13,299,PV_Generation_kW,0.03486666666666668,0.03740000000000002,0.03953333333333335,0.03220000000000001,0.02746666666666668,0.028466666666666685,0.031133333333333346,0.03380000000000001,0.02786666666666667,0.031333333333333345,0.029733333333333344,0.09399999999999999,3.4293999999999927,15.790533333333345,36.277133333333346,63.52499999999996,95.57726666666663,126.24673333333334,154.60633333333334,183.37866666666662,210.0015333333333,233.10546666666656,250.9367333333333,265.43139999999994,277.335,285.8042666666666,286.8156,279.01146666666665,260.8488000000001,251.96813333333333,234.0940666666666,207.78439999999998,179.6854666666667,146.39833333333328,111.68099999999997,76.92646666666668,46.823533333333344,23.83113333333334,8.682333333333327,1.2107999999999997,0.03806666666666668,0.05146666666666669,0.04313333333333334,0.037266666666666684,0.04126666666666668,0.045733333333333355,0.03853333333333334,0.037266666666666684
9-Jan-13,299,GC_Load_kW,156.2868,143.50606666666667,129.50746666666666,120.64859999999999,118.89066666666669,115.95166666666664,115.7992,111.30626666666666,110.72573333333335,110.40913333333333,115.46613333333329,121.35673333333331,125.4973333333333,137.41159999999994,144.28133333333332,154.77526666666662,163.36806666666664,169.7149333333333,175.47240000000002,175.59393333333327,181.36046666666667,187.2294,194.32173333333333,205.79706666666664,216.301,217.4805333333333,218.08119999999994,221.7512666666666,221.42786666666663,225.95119999999997,229.28026666666668,232.63086666666675,236.1307333333333,244.7775333333333,259.45619999999997,276.02459999999996,280.27493333333325,280.28213333333326,272.9641333333333,266.4478666666667,267.92313333333334,269.18313333333333,260.63873333333333,246.7328666666666,235.28413333333336,219.0978666666667,193.694,175.78633333333332
9-Jan-13,299,PV_Generation_kW,0.03453333333333334,0.03566666666666667,0.03913333333333335,0.031800000000000016,0.028733333333333343,0.02853333333333335,0.029133333333333344,0.032866666666666676,0.027466666666666674,0.03380000000000001,0.030600000000000013,0.09359999999999997,3.337333333333326,15.599400000000008,36.107266666666675,63.16239999999996,94.46493333333329,124.81593333333333,153.48513333333332,183.0284666666666,209.40026666666665,231.89879999999994,250.23713333333336,265.92499999999995,279.8938666666666,289.1337333333333,291.6417333333333,285.2823333333333,268.2511333333334,259.21573333333333,240.55239999999995,214.68986666666666,185.5044,151.15279999999996,115.41979999999997,79.47120000000001,48.68073333333335,25.003066666666673,9.16426666666666,1.314466666666666,0.03840000000000001,0.050800000000000026,0.04520000000000001,0.03806666666666669,0.040533333333333345,0.04500000000000002,0.038133333333333345,0.03700000000000002
10-Jan-13,299,GC_Load_kW,162.9886666666667,150.2752,135.83939999999998,126.50526666666664,124.7654666666667,121.69133333333333,120.94653333333333,116.06539999999998,115.18180000000001,114.55726666666666,118.82686666666662,123.78239999999997,127.32759999999999,139.05606666666662,145.32380000000003,154.39326666666665,162.86766666666662,169.64179999999996,176.02300000000002,176.24433333333334,182.10833333333338,188.09546666666668,195.38899999999998,206.61853333333332,217.27019999999996,217.9924,218.5512,222.40873333333326,222.19186666666664,226.8399333333333,230.4694666666667,234.08280000000008,236.73479999999998,245.3836,259.035,274.7828666666666,279.5829333333333,278.864,271.8474,265.1232000000001,266.8954,268.41953333333333,260.0172,246.28659999999996,235.36426666666668,219.20266666666672,193.99313333333333,176.3315333333333
10-Jan-13,299,PV_Generation_kW,0.033733333333333344,0.03566666666666667,0.039933333333333355,0.030933333333333347,0.028733333333333343,0.02980000000000001,0.029133333333333344,0.034533333333333346,0.027200000000000005,0.03380000000000001,0.029333333333333343,0.0944,3.38086666666666,16.00400000000001,36.954933333333344,64.6249333333333,96.5083333333333,127.6696,157.1392,186.95113333333327,213.20366666666666,235.51646666666662,253.52686666666668,268.8610666666666,282.51806666666664,292.3663333333333,295.4504666666666,288.2072,271.84193333333343,263.21619999999996,244.53239999999997,217.60566666666665,187.93113333333335,153.72986666666662,117.60593333333327,80.69739999999999,49.105666666666686,25.16160000000001,9.224333333333327,1.317133333333333,0.04046666666666668,0.05126666666666669,0.045133333333333345,0.03886666666666669,0.04006666666666668,0.04533333333333335,0.03553333333333334,0.036600000000000014
11-Jan-13,299,GC_Load_kW,163.22673333333339,150.62013333333334,136.0886,126.94373333333331,125.21320000000004,121.90846666666665,121.16080000000001,116.33406666666664,115.4328,114.69633333333331,118.93606666666663,123.6629333333333,127.24766666666666,138.47993333333332,144.9000666666667,153.86333333333332,162.29599999999994,169.6444,176.79193333333333,177.14799999999997,182.69480000000001,189.1968,196.10806666666667,207.11299999999994,217.45506666666662,218.16260000000003,218.7638,222.91819999999998,222.54979999999998,227.5238666666666,230.9042666666667,233.94326666666672,236.7239333333333,245.31159999999997,258.6566666666667,274.1262,278.54526666666663,278.02686666666665,270.95806666666664,263.9158666666668,265.8998,267.72133333333335,259.4166666666667,245.41153333333327,234.62913333333336,219.28406666666666,194.29346666666663,176.9641333333333
11-Jan-13,299,PV_Generation_kW,0.033400000000000006,0.03680000000000001,0.04026666666666669,0.031333333333333345,0.029133333333333344,0.029333333333333343,0.030000000000000013,0.034866666666666685,0.02673333333333334,0.033733333333333344,0.029666666666666678,0.09006666666666667,3.1908666666666603,15.619666666666676,36.50073333333335,64.12146666666663,95.99559999999998,127.44346666666665,156.868,187.37173333333328,213.5768,234.9820666666666,252.05006666666665,267.2202666666666,281.30993333333333,290.59799999999996,293.66519999999997,287.9889333333333,273.0159333333334,264.69359999999995,245.95939999999993,218.4437333333333,189.22406666666666,154.96593333333328,117.8358666666666,80.46533333333333,49.28746666666668,25.591533333333345,9.567333333333325,1.3977333333333333,0.03986666666666668,0.05046666666666669,0.046333333333333344,0.038066666666666686,0.04080000000000002,0.044600000000000015,0.035466666666666674,0.03653333333333335
