Date,Node,Phase,N_Customers,Profile,0:30,1:00,1:30,2:00,2:30,3:00,3:30,4:00,4:30,5:00,5:30,6:00,6:30,7:00,7:30,8:00,8:30,9:00,9:30,10:00,10:30,11:00,11:30,12:00,12:30,13:00,13:30,14:00,14:30,15:00,15:30,16:00,16:30,17:00,17:30,18:00,18:30,19:00,19:30,20:00,20:30,21:00,21:30,22:00,22:30,23:00,23:30,0:00
7-Jan-13,646,Ph2,102,GC_Load_kW,49.248,45.32,41.396,43.692,35.162,36.362,35.708,37.79,36.592,36.644,42.512,46.514,45.304,47.144,48.242,47.072,49.756,56.742,52.412,53.512,54.998,60.802,57.856,60.714,65.298,68.302,66.218,71.34,73.608,73.3,79.654,87.28,88.974,91.22,96.882,109.798,110.95,101.054,88.364,85.14,95.846,106.914,100.72,111.68,104.822,82.278,69.702,58.92
7-Jan-13,646,Ph2,102,PV_Generation_kW,0.024,0,0,0.012,0.012,0.002,0,0,0,0.012,0,0.012,0.324,3.512,9.32,17.264,26.836,35.87,46.048,59.616,70.178,85.684,94.466,100.496,110.726,114.912,115.398,120.906,121.092,116.338,108.952,99.974,85.626,71.08,57.722,42.846,26.944,12.92,4.61,0.808,0.012,0.024,0.024,0,0.002,0.05,0.012,0.012
7-Jan-13,645,Ph2,63,GC_Load_kW,50.822,44.294,36.194,29.886,29.484,28.024,28.126,28.554,28.16,28.768,32.058,31.086,29.534,31.014,32.782,33.026,37.152,42.926,36.27,36.432,35.662,35.524,37.854,38.19,41.804,41.69,38.43,45.532,61.014,61.084,64.726,70.356,64.936,66.256,68.738,71.59,75.526,79.98,78.028,76.194,60.812,55.296,54.754,53.702,50.626,54.696,52.306,44.31
7-Jan-13,645,Ph2,63,PV_Generation_kW,0,0,0,0.002,0,0,0.012,0,0.024,0,0.014,0,0.394,2.768,6.952,13.382,20.468,29.38,37.358,48.802,55.284,67.642,72.484,72.102,73.454,75.706,78.514,80.806,77.902,74.532,71.036,64.644,55.788,45.522,35.528,25.256,15.218,7.806,3.586,0.766,0,0,0,0,0.002,0,0,0.012
7-Jan-13,611,Ph3,68,GC_Load_kW,31.958,32.698,30.49,27.904,25.266,25.28,23.8,24.588,24.716,23.088,22.38,24.902,28.34,33.074,32.418,31.934,33.628,31.376,32.73,32.312,33.706,34.398,33.11,37.904,41.224,44.04,46.118,42.188,42.698,44.962,53.92,59.35,62.74,60.002,57.29,66.432,63.2,57.632,58.696,58.73,53.898,52.32,53.258,49.562,46.164,43.22,36.27,33.924
7-Jan-13,611,Ph3,68,PV_Generation_kW,0,0,0.024,0.012,0.012,0.012,0.014,0.012,0.024,0,0,0.012,0.27,2.572,6.63,11.674,18.158,24.2,31.264,37.326,45.2,54.778,58.222,60.914,63.062,65.232,65.282,68.658,68.982,67.324,63.082,58.552,50.76,42.178,32.786,21.988,13.5,7.592,3.462,0.548,0,0.012,0.012,0,0,0,0,0.024
7-Jan-13,652,Ph1,46,GC_Load_kW,27.68,29.034,23.93,20.34,24.424,23.554,23.706,19.408,18.396,18.672,18.59,18.758,19.462,22.518,22.836,20.43,21.37,23.08,23.486,22.672,26.552,29.11,24.026,25.532,24.966,25.944,26.872,25.006,30.348,33.96,34.236,37.036,29.886,34.898,49.192,60.71,59.706,60.376,53.998,55.9,52.606,45.388,42.574,45.878,40.012,34.344,25.718,24.816
7-Jan-13,652,Ph1,46,PV_Generation_kW,0,0.026,0,0,0,0,0.024,0,0.012,0.002,0,0,0.204,1.706,4.004,7.996,11.878,16.692,23.23,28.61,31.34,36.94,40.692,43.032,45.024,47.858,48.894,52.42,52.928,51.478,48.292,44.254,39.172,32.474,26.164,19.032,12.622,6.872,2.69,0.508,0.002,0.012,0,0,0.012,0.002,0,0
7-Jan-13,671,A,159,GC_Load_kW,96.276,87.398,74.636,72.84,63.788,64.884,64.154,65.194,66.232,66.654,74.914,75.37,73.93,76.588,80.69,77.496,81.384,91.06,82.182,85.696,86.382,93.052,90.452,93.448,102.158,107.04,100.774,108.364,117.86,120.028,136.324,144.07,141.024,143.782,154.65,172.592,174.742,176.9,160.68,148.088,150.64,162.972,153.958,163.306,151.746,128.12,111.736,100.988
7-Jan-13,671,A,159,PV_Generation_kW,0.026,0,0.012,0.036,0.012,0.002,0,0,0.024,0.024,0.014,0.012,0.524,5.45,14.556,27.448,42.358,58.012,75.414,96.956,115.252,139.9,153.438,158.14,170.982,177.972,178.554,186.996,187.356,180.124,168.942,156.032,134.168,111.084,89.422,65.872,41.158,20.346,7.924,1.528,0.012,0.036,0.024,0,0.002,0.05,0.024,0.024
7-Jan-13,671,B,155,GC_Load_kW,86.392,88.296,76.39,68.768,70.37,68.938,66.928,63.868,64.716,62.854,61.38,62.31,64.256,73.598,82.272,73.81,78.462,78.014,77.028,73.606,80.96,84.81,77.26,84.514,88.268,91.144,93.192,93.33,105.306,112.772,131.666,148.346,139.29,135.214,144.504,172.026,174.642,166.554,157.864,156.612,138.106,128.962,127.352,126.68,116.784,109.662,95.754,84.666
7-Jan-13,671,B,155,PV_Generation_kW,0,0.026,0.036,0.038,0.012,0.012,0.05,0.012,0.06,0.014,0,0.012,0.798,6.512,15.766,29.438,45.444,63.582,83.984,101.744,118.528,139.724,150.946,155.146,159.134,164.648,167.778,177.406,177.11,171.338,160.004,146.51,127.976,105.72,82.594,57.15,35.038,18.548,8.04,1.408,0.002,0.036,0.012,0,0.014,0.002,0.012,0.024
7-Jan-13,671,C,159,GC_Load_kW,96.118,84.126,73.366,71.186,62.052,63.254,62.982,64.878,63.466,63.57,72.986,76.24,73.772,77.132,75.27,76.818,82.702,95.304,82.984,86.41,87.41,93.648,92.822,94.602,102.714,106.562,100.99,112.38,126.118,129.19,140.54,154.924,152.76,157.408,164.626,175.732,182.91,182.798,166.966,155.462,150.802,159.356,151.602,161.74,152.51,131.07,113.008,101.33
7-Jan-13,671,C,159,PV_Generation_kW,0.026,0,0,0.012,0.012,0.002,0,0,0.024,0.012,0.014,0.012,0.5,5.34,14.466,27.23,41.794,56.478,72.744,95.814,112.234,138.524,152.18,156.466,168.06,175.38,178.284,185.4,184.866,177.682,167.35,154.346,132.756,109.798,88.53,65.114,40.734,20.158,7.838,1.518,0.012,0.024,0.024,0,0.002,0.05,0.012,0.024
7-Jan-13,692,C,66,GC_Load_kW,34.79,31.848,29.824,27.068,25.412,24.01,22.562,23.656,23.326,22.66,21.754,23.856,27.11,29.8,34.474,31.452,33.142,33.292,33.71,29.786,32.504,31.374,32.244,34.85,38.724,39.904,42.208,40.972,46.586,48.4,54.134,56.068,53.812,50.736,52.294,66.426,61.778,55.7,56.164,61.51,55.278,49.522,50.684,46.992,42.34,44.458,40.438,33.79
7-Jan-13,692,C,66,PV_Generation_kW,0,0,0.024,0.014,0.012,0,0.026,0,0.024,0,0,0.012,0.458,3.278,7.868,14.044,22.21,31.122,39.63,45.982,53.448,64.024,67.548,70.856,73.198,75.044,75.79,78.574,77.35,74.664,69.298,63.608,54.594,44.18,33.488,22.348,12.94,6.642,3.158,0.502,0,0.012,0.012,0,0.002,0,0,0.024
7-Jan-13,692,B,0,GC_Load_kW,0,0,0,0,0,0,0,0,0,0,0,0,0,0,0,0,0,0,0,0,0,0,0,0,0,0,0,0,0,0,0,0,0,0,0,0,0,0,0,0,0,0,0,0,0,0,0,0
7-Jan-13,692,B,0,PV_Generation_kW,0,0,0,0,0,0,0,0,0,0,0,0,0,0,0,0,0,0,0,0,0,0,0,0,0,0,0,0,0,0,0,0,0,0,0,0,0,0,0,0,0,0,0,0,0,0,0,0
7-Jan-13,692,A,0,GC_Load_kW,0,0,0,0,0,0,0,0,0,0,0,0,0,0,0,0,0,0,0,0,0,0,0,0,0,0,0,0,0,0,0,0,0,0,0,0,0,0,0,0,0,0,0,0,0,0,0,0
7-Jan-13,692,A,0,PV_Generation_kW,0,0,0,0,0,0,0,0,0,0,0,0,0,0,0,0,0,0,0,0,0,0,0,0,0,0,0,0,0,0,0,0,0,0,0,0,0,0,0,0,0,0,0,0,0,0,0,0
7-Jan-13,675,C,119,GC_Load_kW,62.704,64.778,54.3,49.394,51.006,50.65,50.544,46.706,47.652,44.886,46.262,48.07,48.91,55.742,58.988,55.398,57.916,56.232,56.74,56.76,61.754,69.172,59.672,66.346,66.648,70.146,68.752,66.624,72.308,78.3,92.964,101.924,101.398,106.926,122.258,137.444,141.17,139.212,124.72,120.472,117.496,114.922,108.846,109.866,100.446,84.582,67.312,63.63
7-Jan-13,675,C,119,PV_Generation_kW,0.002,0.026,0.012,0.036,0.012,0.014,0.024,0.012,0.024,0.026,0,0,0.382,4.044,10.242,19.884,29.718,41.14,55.224,69.054,82.054,96.718,106.702,111.07,117.074,120.252,120.966,130.062,131.746,126.856,118.236,108.716,95.204,78.946,63.688,46.126,30.132,16.424,6.488,1.174,0.014,0.048,0,0,0.014,0.028,0.012,0
7-Jan-13,675,B,36,GC_Load_kW,21.318,20.328,15.286,17.094,12.376,13.1,12.234,13.004,12.9,14.404,15.482,15.956,15.786,16.416,17.606,15.736,18.05,22.882,18.772,17.832,20.118,24.298,22.846,23.314,25.264,26.068,25.696,24.818,21.218,18.146,22.16,25.59,26.448,29.126,32.45,37.9,40.886,32.694,30.566,29.878,27.116,35.098,32.79,28.678,33.052,28.09,32.172,26.664
7-Jan-13,675,B,36,PV_Generation_kW,0,0,0,0,0,0,0,0,0,0,0,0.012,0.114,1.254,3.144,6.052,9.682,12.91,16.594,22.422,26.024,31.924,34.834,35.348,36.614,38.876,39.638,41.22,40.26,38.754,35.654,32.078,27,21.772,16.618,11.524,6.316,3.15,1.294,0.224,0,0,0.012,0,0,0,0,0.012
7-Jan-13,675,A,191,GC_Load_kW,116.084,111.736,97.28,86.742,85.026,83.152,81.898,79.118,78.336,77.592,82.448,84.624,85.692,95.162,97.73,92.548,98.642,104.094,100.902,103.16,105.606,106.998,104.264,109.32,119.798,124.572,123.746,130.772,153.712,160.47,172.954,186.036,173.788,168.546,180.396,207.25,208.738,211.104,200.022,194.922,182.444,174.8,171.682,185.236,164.026,150.658,124.354,110.808
7-Jan-13,675,A,191,PV_Generation_kW,0.024,0.026,0.024,0.014,0.012,0.012,0.038,0.012,0.048,0.002,0.014,0.012,0.946,7.492,19.184,36.158,55.132,76.236,99.956,123.77,141.752,171.052,186.41,191.628,201.934,210.6,214.15,223.854,224.4,217.704,204.872,189.334,164.022,136.558,108.224,77.158,47.898,24.182,10.154,1.898,0.002,0.012,0.024,0,0.002,0.026,0.012,0.036
7-Jan-13,634,C,52,GC_Load_kW,26.372,25.628,22.4,22.342,22.108,22.128,22.238,22.696,23.462,21.814,21.674,20.452,20.702,22.128,26.152,25.276,25.586,24.514,24.196,23.086,24.298,26.618,23.144,26.148,27.636,25.034,23.51,25.18,28.71,32.046,42.002,45.19,39.992,43.16,43.956,54.476,55.778,58.02,52.216,46.066,39.096,40.804,38.618,40.102,38.004,34.418,31.308,28.716
7-Jan-13,634,C,52,PV_Generation_kW,0.002,0,0.012,0.036,0,0,0.012,0,0.024,0.012,0,0,0.156,1.818,4.7,8.504,13.2,18.77,24.804,31.088,38.61,44.694,47.118,49.766,53.12,53.418,54.742,58.942,58.838,55.66,51.362,46.896,40.978,33.83,27.084,19.356,12.228,6.344,2.584,0.456,0.012,0.036,0,0,0.012,0.024,0.012,0
7-Jan-13,634,B,45,GC_Load_kW,24.092,21.056,16.894,17.66,12.846,13.682,12.612,13.392,13.278,14.534,17.232,20.622,20.746,21.704,22.02,20.31,21.164,25.044,20.794,20.236,23.99,29.374,27.622,28.228,28.316,33.74,32.234,30.302,27.762,28.184,32.562,38.538,43.33,48.34,54.17,57.664,56.216,47.65,42.344,44.578,47.852,52.602,49.008,43.798,43.71,34.684,34.356,30.322
7-Jan-13,634,B,45,PV_Generation_kW,0,0,0,0,0.012,0.002,0,0,0,0.012,0,0,0.134,1.636,3.9,7.216,11.348,14.886,19.704,26.14,30.58,37.692,41.998,42.634,44.762,48.28,48.36,50.258,49.386,47.57,44.652,40.846,35.31,28.566,22.566,16.542,10.648,5.744,2.054,0.336,0,0.012,0.012,0,0.002,0.002,0,0
7-Jan-13,634,A,69,GC_Load_kW,46.48,41.032,36.138,32.868,28.984,29.056,28.99,28.702,28.252,29.51,35.204,34.08,32.206,36.174,34.326,35.488,37.154,45.268,38.198,41.318,36.74,37.874,38.29,39.926,45.13,46.686,43.392,50.626,59.672,60.364,59.926,60.416,58.796,55.264,61.576,70.984,69.51,77.574,70.744,63.064,67.918,73.03,69.246,83.158,74.376,60.958,49.614,44.374
7-Jan-13,634,A,69,PV_Generation_kW,0.024,0,0,0,0,0,0,0,0.012,0,0.014,0.012,0.216,2.186,6.28,11.636,18.718,26.054,32.986,42.28,50.22,62.08,68.434,70.656,77.284,82.112,82.212,84.242,85.518,83.042,79.364,73.848,63.182,53.132,43.75,32.788,20.154,8.964,3.186,0.65,0,0,0.012,0,0,0.024,0.012,0.024
8-Jan-13,646,Ph2,102,GC_Load_kW,52.356,48.228,40.82,39.656,38.952,38.04,37.696,38.332,39.672,37.782,39.956,45.702,49.374,52.26,55.674,58.14,64.788,67.456,70.248,79.892,111.054,117.822,135.28,140.456,161.566,175.42,182.322,188.338,188.414,192.822,199.29,207.96,217.66,216.77,228.026,233.714,232.5,227.104,234.898,248.834,245.968,237.94,232.632,214.814,198.362,178.398,149.682,129.88
8-Jan-13,646,Ph2,102,PV_Generation_kW,0.024,0,0.012,0.012,0.036,0,0,0.012,0.012,0.024,0.024,0.024,0.602,4.052,11.47,21.582,31.906,42.654,56.946,70.44,77.928,83.854,92.4,105.99,116.666,118.9,123.218,120.838,107.988,96.568,89.876,86.9,77.554,62.55,46.774,30.648,20.264,13.12,4.792,1.03,0,0.012,0,0.014,0.026,0.012,0,0.002
8-Jan-13,645,Ph2,63,GC_Load_kW,48.196,40.704,34.89,29.358,30.658,28.226,31.97,36.668,34.07,35.112,34.44,35.2,32.31,32.972,33.006,31.636,41.278,38.72,43.49,47.776,53.336,56.652,65.928,76.816,86.822,99.696,108.114,112.514,125.85,138.386,133.866,121.804,128.47,141.824,146.178,153.372,170.356,165.828,157.884,153.166,154.928,153.408,133.792,131.002,113.96,109.324,98.964,94.032
8-Jan-13,645,Ph2,63,PV_Generation_kW,0.002,0,0.012,0,0.012,0,0,0,0,0.024,0,0.012,0.862,5.214,12.498,20.616,26.936,35.004,45.764,56.928,57.192,59.038,62.514,70.62,77.244,77.206,81.426,79.958,71.284,65.862,63.626,59.244,50.244,36.582,30.176,20.332,14.168,7.814,3.534,0.784,0.02,0.004,0.038,0,0.014,0.014,0,0.002
8-Jan-13,611,Ph3,68,GC_Load_kW,28.882,25.814,27.08,24.572,27.422,25.598,27.346,23.664,25.228,23.55,23.896,23.406,25.786,31.912,31.448,38.54,36.936,45.098,40.396,48.78,54.148,57.748,68.55,73.998,85.468,84.742,81.144,92.19,97.132,99.166,107.51,114.138,119.902,126.386,134.224,148.23,165.51,171.366,168.498,165.144,166.908,166.25,158.746,149.096,130.578,112.782,85.292,83.386
8-Jan-13,611,Ph3,68,PV_Generation_kW,0.012,0,0.014,0.012,0.002,0.012,0,0,0,0.012,0.002,0.012,0.314,2.988,8.79,15.126,20.692,28.766,37.346,46.428,47.598,49.204,53.77,60.372,67.744,69.742,71.92,69.998,62.212,55.538,53.684,51.758,44.464,33.468,26.366,16.37,12.026,7.318,3.104,0.62,0.012,0.012,0,0.012,0.012,0.002,0.014,0
8-Jan-13,652,Ph1,46,GC_Load_kW,27.882,27.162,22.04,22.184,25.06,24.476,23.824,19.226,18.162,18.036,18.132,17.992,18.34,20.882,24.364,28.338,32.07,32.48,36.638,33.15,34.042,35.216,36.926,44.172,54.538,55.212,61.38,78.12,88.422,89.28,97.266,107.534,102.66,115.906,121.738,124.244,128.338,130.624,132.426,119.492,112.732,114.736,104.032,111.558,89.936,75.996,57.216,53.792
8-Jan-13,652,Ph1,46,PV_Generation_kW,0,0,0,0,0.012,0.038,0,0,0.012,0.026,0.014,0,0.228,1.808,4.766,9.686,14.48,19.45,27.012,33.426,34.454,36.436,38.11,47.402,51.118,50.956,53.088,53.276,48.024,45.204,40.61,40.072,34.98,29.186,20.594,14.216,10.658,6.602,2.6,0.544,0.014,0.012,0.012,0.002,0,0,0.026,0
8-Jan-13,671,A,159,GC_Load_kW,96.308,86.834,74.152,68.99,70.074,66.086,67.014,71.496,72.594,72.374,71.708,76.31,78.36,82.778,86.052,89.062,102.332,100.662,108.734,124.618,166.258,175.814,191.61,203.752,238.944,263.266,278.648,292.612,301.68,323.14,325.51,330.494,337.348,346.624,362.036,373.214,388.652,370.788,384.1,396.128,394.01,377.146,362.288,340.536,294.784,266.784,228.634,208.692
8-Jan-13,671,A,159,PV_Generation_kW,0.024,0,0.012,0.024,0.048,0,0,0.012,0.012,0.06,0.036,0.036,1.09,7.18,19.952,35.578,50.804,68.696,90.48,114.19,123.926,130.746,142.636,162.662,181.522,183.238,190.97,187.462,167.638,150.236,143.198,135.92,121.108,95.54,72.102,47.61,33.062,20.636,8.048,1.72,0.012,0.012,0.036,0.026,0.026,0.024,0,0.002
8-Jan-13,671,B,155,GC_Load_kW,80.952,75.252,69.976,65.436,70.952,68.11,70.578,63.402,64.714,62.082,60.62,60.39,61.638,72.906,75.81,86.93,90.23,97.178,97.644,108.882,117.42,121.748,137.918,157.398,181.164,185.67,191.41,227.58,252.176,254.962,266.308,276.32,278.854,317.608,339.534,370.128,393.124,398.656,393.224,381.386,377.384,378.17,337.252,333.282,282.2,249.568,201.306,186.17
8-Jan-13,671,B,155,PV_Generation_kW,0.014,0,0.026,0.024,0.014,0.05,0,0,0.012,0.05,0.028,0.012,1.112,8.14,22.164,39.644,54.98,74.024,98.456,120.376,122.692,128.92,137.472,158.714,175.296,177.152,182.712,179.67,159.474,147.006,138.812,133.292,112.568,86.504,67.98,44.218,31.254,18.06,7.606,1.564,0.034,0.028,0.038,0.026,0.026,0.004,0.04,0.002
8-Jan-13,671,C,159,GC_Load_kW,97.398,85.472,73.182,67.676,68.436,65.48,67.714,73.64,71.856,71.574,72.666,78.984,80.178,83.358,85.234,86.324,102.71,102.764,110.692,124.666,162.23,172.566,198.654,215.206,248.59,274.57,289.802,298.352,310.926,327.13,329.478,323.89,338.09,346.034,357.592,370.442,388.97,378.504,386.004,399.07,395.374,377.858,359.772,342.73,304.28,275.176,237.832,216.158
8-Jan-13,671,C,159,PV_Generation_kW,0.026,0,0.012,0.012,0.048,0,0,0.012,0.012,0.048,0.024,0.036,1.094,7.224,19.642,35.41,50.604,67.75,90.518,114.21,122.738,129.2,139.88,161.4,179.786,181.812,189.87,185.878,166.158,148.892,141.304,135.066,120.134,93.602,71.358,47.318,32.92,20.372,7.892,1.766,0.02,0.016,0.026,0.014,0.028,0.026,0,0.004
8-Jan-13,692,C,66,GC_Load_kW,31.294,27.002,27.66,22.68,23.756,20.86,24.9,21.546,22.432,21.66,22.106,22.446,26.39,30.97,29.548,37.652,35.892,40.62,35.602,44.246,47.286,50.082,59.348,61.578,76.646,77.324,79.146,89.608,94.132,96.962,104.446,112.508,118.662,129.758,138.352,151.976,167.416,175.514,168.938,159.216,157.554,163.706,148.206,134.292,121.546,111.702,86.256,81.85
8-Jan-13,692,C,66,PV_Generation_kW,0,0,0.026,0.012,0.002,0.012,0,0,0,0,0.002,0.012,0.704,4.898,12.762,21.202,28.122,36.442,45.946,55.342,56.266,58.456,62.508,69.442,76.418,76.822,80.224,79.45,70.504,63.276,60.6,57.032,48.192,35.948,28.858,17.896,12.35,6.786,3.02,0.546,0.012,0.012,0.012,0.012,0.024,0.002,0.014,0
8-Jan-13,692,B,0,GC_Load_kW,0,0,0,0,0,0,0,0,0,0,0,0,0,0,0,0,0,0,0,0,0,0,0,0,0,0,0,0,0,0,0,0,0,0,0,0,0,0,0,0,0,0,0,0,0,0,0,0
8-Jan-13,692,B,0,PV_Generation_kW,0,0,0,0,0,0,0,0,0,0,0,0,0,0,0,0,0,0,0,0,0,0,0,0,0,0,0,0,0,0,0,0,0,0,0,0,0,0,0,0,0,0,0,0,0,0,0,0
8-Jan-13,692,A,0,GC_Load_kW,0,0,0,0,0,0,0,0,0,0,0,0,0,0,0,0,0,0,0,0,0,0,0,0,0,0,0,0,0,0,0,0,0,0,0,0,0,0,0,0,0,0,0,0,0,0,0,0
8-Jan-13,692,A,0,PV_Generation_kW,0,0,0,0,0,0,0,0,0,0,0,0,0,0,0,0,0,0,0,0,0,0,0,0,0,0,0,0,0,0,0,0,0,0,0,0,0,0,0,0,0,0,0,0,0,0,0,0
8-Jan-13,675,C,119,GC_Load_kW,60.638,58.036,48.838,50.198,55.06,54.102,51.774,46.51,49.036,45.65,44.79,44.982,48.826,54.642,58.498,65.078,69.746,73.978,83.526,89.458,100.964,108.906,114.29,131.624,158.082,170.818,176.546,199.584,210.864,218.216,232.438,243.29,234.638,254.74,268.076,282.886,293.934,288.998,298.366,298.41,291.284,276.088,250.5,248.218,208.228,179.394,157.766,142.7
8-Jan-13,675,C,119,PV_Generation_kW,0.036,0,0,0.012,0.012,0.038,0,0,0.024,0.05,0.038,0.012,0.63,4.462,12.764,24.024,35.01,48.304,66.164,82.454,87.9,93.56,98.75,117.294,129.93,129.456,134.732,132.164,119.174,110.012,101.212,97.044,84.588,68.788,51.534,34.636,25.004,15.728,6.196,1.26,0.014,0.024,0.024,0.016,0.026,0,0.026,0.002
8-Jan-13,675,B,36,GC_Load_kW,24.054,19.184,15.454,13.642,13.692,13.454,13.508,13.812,14.488,13.564,14.932,16.04,15.838,18.696,19.19,19.848,23.276,24.782,22.362,25.716,36.534,35.93,42.162,38.618,46.974,51.21,58.252,57.484,54.806,56.008,60.466,66.518,68.534,68.896,72.24,72.068,69.628,67.248,79.3,87.732,88.666,88.99,87.418,75.17,59.156,52.694,46.702,36.684
8-Jan-13,675,B,36,PV_Generation_kW,0,0,0.012,0,0,0,0,0,0,0.024,0.012,0,0.152,1.37,4.682,8.42,11.67,15.298,20.086,24.178,26.74,27.982,32.3,36.804,39.55,41.874,41.004,39.342,35.926,32.3,29.514,27.676,22.79,17.65,13.774,8.448,5.886,3.254,1.506,0.312,0,0,0,0.012,0,0.012,0,0
8-Jan-13,675,A,191,GC_Load_kW,110.748,101.366,91.706,83.876,90.944,86.146,89.726,87.686,85.236,85.87,84.784,88.014,88.476,95.842,100.458,109.232,120.292,125.76,129.132,141.142,169.436,174.67,204.474,231.416,263.208,275.504,284.716,320.916,354.116,368.008,366.064,372.712,386.35,412.496,427.492,451.578,488.852,494.594,483.978,468.892,470.702,472.342,441.362,442.296,389.896,347.98,272.998,260.838
8-Jan-13,675,A,191,PV_Generation_kW,0.014,0,0.026,0.024,0.062,0.038,0,0.012,0.012,0.038,0.016,0.036,1.494,10.348,26.946,48.392,66.94,89.978,118.964,148.804,153.404,159.126,170.048,196.036,217.388,220.128,231.386,228.522,200.436,182.304,174.608,169.084,148.88,114.052,87.018,57.622,39.802,24.548,9.736,2.14,0.034,0.016,0.05,0.014,0.026,0.016,0.04,0.002
8-Jan-13,634,C,52,GC_Load_kW,24.534,23.018,21.506,21.23,21.168,19.758,19.93,19.738,21.774,19.594,18.274,18.02,20.408,24.126,24.672,25.466,26.332,25.794,31.496,32.25,34.7,39.182,33.556,37.088,43.922,47.442,55.892,67.018,66.838,70.468,75.95,78.754,76.738,96.482,105.338,113.97,120.19,116.56,123.668,120.23,112.99,107.816,94.214,85.348,74.15,66.774,63.454,56.22
8-Jan-13,634,C,52,PV_Generation_kW,0.012,0,0,0.012,0,0.012,0,0,0,0.036,0.024,0.012,0.332,2.074,6.192,10.702,15.63,21.646,29.45,36.076,38.278,41.63,43.452,51.862,59.052,56.95,59.732,58.546,53.236,47.97,44.168,41.6,35.692,28.898,22.558,14.744,10.676,6.016,2.34,0.482,0.012,0.024,0.012,0.012,0.014,0,0,0
8-Jan-13,634,B,45,GC_Load_kW,27.29,22.236,16.42,16.166,15.25,15.472,15.542,14.9,14.992,15.184,16.912,18.652,21.524,22.886,24.13,27.022,29.888,30.818,31.544,42.012,56.924,60.67,70.598,71.01,90.752,103.888,106.964,103.996,102.8,106.604,117.272,118.886,117.774,112.942,122.452,124.632,120.514,111.356,115.508,127.838,119.248,111.218,108.368,93.054,79.718,72.564,67.99,55.682
8-Jan-13,634,B,45,PV_Generation_kW,0.012,0,0.012,0,0,0,0,0,0.012,0.012,0,0,0.254,2.01,5.426,9.558,13.26,17.242,23.666,29.146,32.774,35.132,40.604,45.332,49.672,51.774,50.006,48.94,45.472,41.934,38.78,36.798,30.536,24.57,19.376,12.756,9.18,5.422,2.27,0.438,0,0,0,0.002,0.012,0,0,0.002
8-Jan-13,634,A,69,GC_Load_kW,47.054,44.22,37.398,34.3,34.512,32.882,33.532,37.412,37.062,38.184,36.706,41.386,37.462,37.664,41.034,39.83,47.784,45.24,47.35,50.512,73.752,76.234,86.986,95.406,105.014,109.058,114.748,124.25,128.496,142.222,134.818,140.422,150.422,154.394,155.98,154.32,161.974,157.724,163.504,163.778,163.744,166.246,161.984,159.9,141.156,128.086,94.232,96.704
8-Jan-13,634,A,69,PV_Generation_kW,0,0,0,0.012,0.048,0,0,0.012,0,0.036,0.012,0.024,0.338,2.672,7.918,14.868,22.468,30.388,38.99,50.95,55.076,57.678,63.684,71.342,78.938,80.354,86.488,85.958,75.848,65.978,65.194,62.604,59.784,47.086,33.004,22.072,14.834,9.754,3.32,0.684,0.012,0,0.024,0.012,0,0.012,0,0
9-Jan-13,646,Ph2,102,GC_Load_kW,102.93,97.436,91.564,81.062,72.71,83.71,78.624,75.408,64.512,58.81,58.518,54.544,50.982,64.394,57.26,50.038,49.946,55.696,54.702,50.598,55.604,50.682,52.282,52.246,51.748,55.802,57.176,62.906,57.164,61.304,57.908,60.684,58.102,58.586,63.92,72.56,81.732,79.416,73.79,68.494,70.138,71.396,72.798,66.064,68.444,63.194,57.438,50.374
9-Jan-13,646,Ph2,102,PV_Generation_kW,0.012,0.014,0,0.036,0.012,0.038,0,0.024,0.002,0.024,0,0.036,0.462,4.476,10.37,18.964,26.06,33.396,41.616,48.544,53.854,62.71,69.704,73.666,80.726,86.01,86.452,71.62,75.24,80.216,72.004,58.44,48.31,44.514,37.29,23.516,10.058,4.06,0.878,0.016,0.06,0.048,0.036,0.012,0.012,0,0.012,0
9-Jan-13,645,Ph2,63,GC_Load_kW,85.804,84.566,73.822,70.192,72.574,65.82,58.506,58.924,58.962,58.72,53.77,50.254,46.752,44.754,43.732,41.832,45.578,48.062,52.824,48.562,53.206,55.184,52.81,57.002,60.524,60.176,49.518,41.982,39.554,41.572,49.02,49.436,43.506,47.43,50.884,50.104,51.542,52.294,48.824,45.628,43.876,42.036,44.188,42.436,47.52,51.384,43.332,42.418
9-Jan-13,645,Ph2,63,PV_Generation_kW,0,0,0,0,0,0,0.012,0.06,0,0,0,0,0.424,3.558,9.09,15.276,20.916,29.082,37.552,42.058,48.01,53.652,55.244,53.228,57.556,59.91,63.002,53.594,52.042,51.34,48.31,38.188,33.856,31.294,25.346,14.858,6.026,2.336,0.596,0.01,0,0.012,0.012,0.012,0.002,0.012,0,0
9-Jan-13,611,Ph3,68,GC_Load_kW,78.166,70.296,69.804,64.716,64.064,56.666,55.948,49.434,50.81,53.05,49.55,47.008,44.75,44.506,47.83,36.132,37.22,35.736,35.488,33.988,29.848,30.904,30.858,31.99,37.046,31.606,33.234,33.206,33.794,34.672,35.416,34.762,31.3,41.972,34.972,39.184,46.348,48.514,43.464,41.56,52.234,50.154,46.308,41.244,38.186,36.19,35.55,30.898
9-Jan-13,611,Ph3,68,PV_Generation_kW,0,0,0.024,0,0,0.012,0,0.002,0.012,0,0.012,0.024,0.282,2.76,6.862,12.596,17.19,23.866,29.262,33.24,38.66,42.188,47.134,47.326,50.858,52.45,53.146,46.648,48.116,49.87,45.356,35.366,30.686,29.822,23.662,13.024,5.696,2.486,0.736,0.042,0.012,0.002,0,0.012,0.012,0.012,0,0.024
9-Jan-13,652,Ph1,46,GC_Load_kW,54.482,57.784,51.498,47.654,54.866,53.222,49.652,41.25,40.824,37.266,35.62,28.188,23.922,25.06,26.908,31.018,29.97,33.756,29.478,29.502,28.464,31.022,32.324,31.26,32.156,28.058,28.352,27.934,28.814,29.312,31.578,31.508,34.358,35.066,35.294,39.266,38.906,34.696,34.67,33.724,34.82,36.054,31.546,31.6,29.886,27.166,25.746,24.66
9-Jan-13,652,Ph1,46,PV_Generation_kW,0,0.014,0.012,0,0,0.036,0,0,0.014,0,0,0.012,0.178,1.728,4.03,8.094,11.724,16.228,21.974,25.63,28.52,33.708,34.314,35.376,37.886,40.452,41.302,34.858,36.376,35.238,31.572,27.466,23.808,21.566,17.55,10.038,4.67,1.702,0.402,0,0.026,0,0.012,0.012,0.012,0,0,0.014
9-Jan-13,671,A,159,GC_Load_kW,173.546,169.026,156.086,140.422,134.098,140.454,133.058,129.572,119.112,114.86,109.798,101.46,94.558,106.344,96.576,89.74,94.21,99.412,99.726,94.42,101.37,96.448,94.232,99.58,101.516,101.996,96.418,98.628,94.906,99.238,93.66,100.308,99.28,100.726,111.248,112.036,123.108,125.374,118.324,113.648,111.392,114.666,112.076,104.418,107.172,102.592,91.694,85.886
9-Jan-13,671,A,159,PV_Generation_kW,0.024,0.014,0,0.036,0.024,0.038,0.024,0.072,0.002,0.024,0,0.036,0.812,7.152,16.166,29.274,40.914,54.976,70.002,80.824,88.73,101.464,110.886,116.066,126.458,134.412,136.618,115.834,118.786,122.44,113.384,89.962,76.31,71.442,58.51,35.788,15.15,6.022,1.378,0.042,0.06,0.048,0.048,0.038,0.014,0.024,0.012,0
9-Jan-13,671,B,155,GC_Load_kW,177.078,171.958,159.536,150.604,158.83,147.06,136.84,121.806,125.346,121.27,112.662,101.052,90.198,92.616,99.594,88.374,89.728,92.296,91.196,86.988,87.686,92.758,95.85,95.564,101.15,91.966,87.952,81.522,83.144,85.112,95.596,95.26,86.74,100.314,94.15,103.51,115.408,112.634,101.208,100.148,111.624,110.91,106.73,99.062,96.944,94.544,87.24,80.208
9-Jan-13,671,B,155,PV_Generation_kW,0.012,0.014,0.036,0,0.012,0.048,0.012,0.014,0.026,0,0.012,0.036,0.728,6.93,17.388,31.656,44.15,61.696,77.732,88.86,101.574,114.066,119.878,120.468,128.43,134.798,137.8,118.926,121.58,121.078,110.6,89.474,77.61,72.242,57.046,32.38,14.552,5.93,1.742,0.078,0.038,0.014,0.012,0.036,0.024,0.024,0,0.038
9-Jan-13,671,C,159,GC_Load_kW,184.44,180.172,163.104,148.448,143.892,147.658,136.054,132.636,121.138,116.692,111.964,104.83,97.354,108.532,98.538,88.358,92.938,100.606,104.252,94.806,106.452,104.584,101.718,104.29,107.126,108.606,102.576,103.05,95.554,100.924,100.702,104.152,99.168,101.732,110.654,116.91,126.484,125.698,120.456,113.76,113.266,113.996,111.014,104.008,110.522,107.948,96.222,90
9-Jan-13,671,C,159,PV_Generation_kW,0.012,0.014,0,0.036,0.012,0.038,0.012,0.072,0.002,0.024,0,0.036,0.812,7.098,16.198,29.328,41.266,55.12,71.67,82.376,90.544,103.938,113.824,117.846,128.15,136.348,138.136,116.916,119.662,122.94,112.974,90.446,76.898,71.326,59.106,36.03,15.184,5.99,1.308,0.024,0.06,0.06,0.048,0.026,0.014,0.012,0.012,0
9-Jan-13,692,C,66,GC_Load_kW,77.342,66.358,66.982,60.736,57.182,52.402,51.3,46.228,47.63,45.028,41.374,40.81,37.822,38.128,42.688,34.372,34.848,34.988,31.676,32.134,28.052,29.694,29.972,31.574,35.048,34.348,30.768,27.574,28.54,31.096,34.602,32.162,28.16,35.948,34.128,37.892,49.076,49.438,42.878,41.424,49.004,45.822,47.468,42.01,39.394,39.756,36.704,30.864
9-Jan-13,692,C,66,PV_Generation_kW,0,0,0.024,0,0,0.012,0,0.014,0.012,0,0.012,0.024,0.352,3.504,9.86,16.872,21.876,29.086,34.736,39.234,45.9,50.074,53.162,51.624,55.648,57.278,59.62,51.272,52.582,55.006,49.884,39.36,33.83,32.34,25.638,14.416,6.278,2.638,0.814,0.032,0.012,0.002,0,0.012,0.012,0.012,0,0.024
9-Jan-13,692,B,0,GC_Load_kW,0,0,0,0,0,0,0,0,0,0,0,0,0,0,0,0,0,0,0,0,0,0,0,0,0,0,0,0,0,0,0,0,0,0,0,0,0,0,0,0,0,0,0,0,0,0,0,0
9-Jan-13,692,B,0,PV_Generation_kW,0,0,0,0,0,0,0,0,0,0,0,0,0,0,0,0,0,0,0,0,0,0,0,0,0,0,0,0,0,0,0,0,0,0,0,0,0,0,0,0,0,0,0,0,0,0,0,0
9-Jan-13,692,A,0,GC_Load_kW,0,0,0,0,0,0,0,0,0,0,0,0,0,0,0,0,0,0,0,0,0,0,0,0,0,0,0,0,0,0,0,0,0,0,0,0,0,0,0,0,0,0,0,0,0,0,0,0
9-Jan-13,692,A,0,PV_Generation_kW,0,0,0,0,0,0,0,0,0,0,0,0,0,0,0,0,0,0,0,0,0,0,0,0,0,0,0,0,0,0,0,0,0,0,0,0,0,0,0,0,0,0,0,0,0,0,0,0
9-Jan-13,675,C,119,GC_Load_kW,126.232,123.18,109.084,101.86,108.656,112.388,106.226,98.35,90.378,85.078,80.566,69.976,62.988,67.166,66.788,67.646,65.722,69.522,65.93,66.126,64.828,66.462,68.126,71.386,70.878,61.98,64.228,68.916,72.016,70.66,74.518,81.868,79.288,84.102,79.958,84.572,87.678,85.566,77.152,81.332,83.996,88.818,82.006,76.458,69.858,64.622,59.814,59.172
9-Jan-13,675,C,119,PV_Generation_kW,0.012,0.026,0.012,0.012,0.012,0.038,0.012,0.024,0.014,0,0,0.036,0.496,4.63,10.574,19.756,28.65,40.086,50.824,60.054,64.744,75.974,81.456,84.042,89.968,96.048,96.96,82.744,85.824,87.416,79.758,64.376,55.126,49.652,39.326,23.432,10.962,4.402,1.04,0.052,0.026,0.012,0.024,0.026,0.012,0.012,0,0.014
9-Jan-13,675,B,36,GC_Load_kW,27.77,25.2,25.736,24.79,22.526,24.552,22.75,18.39,20.6,20.334,20.264,19.334,16.396,16.16,17,17.486,20.692,21.076,22.486,17.76,20.512,19.428,18.83,17.284,18.186,22.592,22.734,23.602,18.706,23.778,19.124,19.522,20.112,18.802,23.134,29.406,33.726,29.722,27.486,26.582,23.998,23.664,21.94,23.256,23.884,22.756,25.026,23.762
9-Jan-13,675,B,36,PV_Generation_kW,0,0.002,0,0.024,0.012,0.024,0,0,0.002,0.012,0,0,0.184,1.644,3.568,6.558,9.216,12.062,14.548,16.328,19.294,22.462,23.206,26.758,27.398,28.566,28.206,22.702,24.048,25.948,23.044,19.132,16.006,13.518,10.808,6.986,3.438,1.478,0.372,0.002,0.024,0.024,0.012,0.012,0,0,0.012,0
9-Jan-13,675,A,191,GC_Load_kW,242.134,240.394,222.054,205.088,209.052,192.982,181.17,166.992,164.322,162.764,152.88,139.212,129.254,137.182,134.474,114.922,119.11,124.404,126.186,119.53,119.794,121.984,124.176,128.538,137.668,129.632,121.696,113.536,110.95,113.416,124.996,124.976,115.128,131.466,125.78,132.588,146.372,149.894,140.654,130.812,143.602,142.258,139.718,126.278,130.074,125.172,111.424,101.39
9-Jan-13,675,A,191,PV_Generation_kW,0.012,0.002,0.024,0,0,0.048,0.012,0.062,0.026,0.012,0.012,0.048,0.908,8.774,21.68,39.258,53.766,72.984,94.702,108.246,122.552,138.002,147.626,147.38,161.006,170.056,175.354,150.166,152.616,152.974,141.15,113.674,98.382,95.004,78.26,44.842,18.244,7.038,1.828,0.052,0.074,0.026,0.024,0.024,0.026,0.024,0,0.026
9-Jan-13,634,C,52,GC_Load_kW,47.828,44.652,38.658,33.034,34.832,39.65,38.7,37.906,33.26,29.976,28.264,25.516,22.926,27.46,25.542,27.006,26.252,26.878,24.496,26.558,29.03,29.066,26.97,25.494,27.592,23.646,21.788,21.038,24.138,24.79,21.25,26.144,28.736,28.714,32.538,33.358,35.25,34.406,32.23,34.212,33.906,34.698,32.628,30.904,29.312,29.826,25.958,26.334
9-Jan-13,634,C,52,PV_Generation_kW,0.012,0.012,0.012,0,0.012,0.012,0.012,0.012,0,0,0,0.012,0.296,2.188,4.958,8.814,12.756,18.484,23.272,27.156,29.172,33.52,36.632,39.076,41.726,44.16,43.26,37.566,39.548,40.424,36.312,28.31,23.484,20.846,15.994,10.162,4.968,2.17,0.556,0.04,0,0,0.024,0.026,0.012,0.012,0,0.012
9-Jan-13,634,B,45,GC_Load_kW,42.31,37.64,35.63,33.194,28.43,36.544,32.568,30.022,27.052,25.184,24.762,23.242,21.246,22.33,22.938,23.204,23.292,24.422,23.646,19.276,22.702,22.146,21.736,24.694,21.222,25.796,25.332,27.834,27.67,30.256,28.896,29.438,26.8,26.39,29.146,30.692,34.894,32.794,29.326,29.256,29.202,29.734,28.984,29.134,28.322,27.476,28.934,26.116
9-Jan-13,634,B,45,PV_Generation_kW,0,0.012,0,0.024,0.012,0.026,0,0.012,0,0.012,0,0.012,0.19,1.964,4.306,7.808,11.388,15.522,18.722,20.984,24.196,28.496,29.59,31.564,32.442,34.4,35.42,28.184,29.126,31.122,27.896,22.474,19.766,16.688,12.586,8.122,4.04,1.61,0.37,0,0.024,0.024,0.012,0.012,0,0,0.012,0
9-Jan-13,634,A,69,GC_Load_kW,85.556,86.922,81.9,72.16,69.97,64.758,61.246,61.308,58.21,59.036,56.51,51,47.8,54.484,47.42,41.548,44.916,48.446,49.962,46.678,50.856,47.066,46.732,48.86,52.448,50.202,47.08,47.088,42.346,43.482,41.106,43.164,44.35,47.036,53.878,54.894,57.692,59.08,58.59,51.834,51.708,52.72,53.034,45.848,49.928,46.63,38.054,34.95
9-Jan-13,634,A,69,PV_Generation_kW,0.012,0.002,0,0.012,0,0.012,0.012,0.036,0.002,0.012,0,0.012,0.33,2.858,6.424,12.582,17.44,22.954,30.742,35.67,39.578,44.23,48.548,51.448,58.278,61.43,62.802,54.584,55.092,55.404,52.492,42.856,35.632,35.52,30.356,18.534,6.894,2.616,0.576,0.002,0.036,0.024,0.012,0.012,0.014,0,0,0
10-Jan-13,646,Ph2,102,GC_Load_kW,42.642,42.104,38.33,37.88,39.796,33.048,33.718,33.322,31.474,31.138,38.556,43.568,48.98,47.452,49.302,46.69,48.828,53.878,58.102,52.474,49.95,55.142,48.73,56,54.482,54.618,54.212,56.946,53.42,53.892,51.078,54.178,53.766,56.864,64.162,68.954,70.538,69.53,73.532,73.316,76.562,76.604,74.404,67.32,68.498,63.194,60.404,52.704
10-Jan-13,646,Ph2,102,PV_Generation_kW,0.012,0,0.024,0.014,0.012,0.012,0.024,0.012,0.012,0.024,0.012,0.012,0.052,0.85,3.768,8.37,14.678,20.52,22.514,27.892,36.368,37.402,41.642,44.924,51.084,48.89,45.324,44.232,46.998,49.192,46.76,42.304,41.386,38.964,29.814,21.416,15.888,11.322,5.328,0.832,0.014,0.024,0.012,0.012,0.036,0.014,0.012,0
10-Jan-13,645,Ph2,63,GC_Load_kW,43.568,37.722,30.852,28.106,26.608,27.514,27.97,27.954,29.914,27.736,29.256,28.964,27.486,31.576,34.484,35.628,31.986,35.774,40.19,45.002,46.422,45.814,44.65,39.412,36.126,35.812,33.682,34.02,33.872,33.882,32.928,31.42,35.324,32.96,43.456,51.362,45.65,44.238,44.942,45.798,49.418,49.718,48.436,45.776,45.48,49.708,43.198,38.288
10-Jan-13,645,Ph2,63,PV_Generation_kW,0,0.024,0.012,0.012,0.012,0,0,0,0,0,0.024,0.024,0.002,0.652,2.454,5.654,11.392,17.052,18.094,22.336,29.55,29.672,28.944,32.86,38.436,36.998,32.736,31.89,34.654,36.578,35.354,30.98,30.424,27.794,19.776,12.668,8.508,5.376,2.884,0.572,0.002,0.012,0.012,0.012,0.002,0,0,0.012
10-Jan-13,611,Ph3,68,GC_Load_kW,25.178,22.09,23.788,22.616,20.518,19.23,20.11,19.852,20.758,19.136,21.842,20.73,28.878,31.648,33.88,32.238,39.29,34.968,34.554,31.374,31.456,35.82,32.288,32.576,31.416,36.904,36.15,35.404,28.124,29.94,29.924,27.44,27.984,34.49,34.248,39.38,44.494,43.212,43.63,46.012,45.024,47.018,45.206,44.936,42.492,44.29,30.73,31.27
10-Jan-13,611,Ph3,68,PV_Generation_kW,0,0,0,0,0,0,0,0,0.012,0.012,0.012,0.024,0.024,0.538,2.026,4.672,8.644,12.18,14.106,17.54,23.844,23.314,24.076,27.998,32.502,30.25,27.456,26.348,28.456,31.426,30.642,26.994,26.872,24.49,17.648,11.676,8.258,5.898,3.336,0.668,0,0,0.024,0,0.012,0,0.012,0
10-Jan-13,652,Ph1,46,GC_Load_kW,25.918,27.15,20.664,20.582,23.198,22.448,21.844,17.56,17.536,16.064,16.088,17.538,18.58,19.298,22.58,21.198,20.842,24.434,24.278,21.974,21.986,23.654,25.744,27.666,29.212,24.308,24.852,23.246,26.926,30.03,29.632,24.862,25.544,26.572,27.434,33.766,33.954,36.022,32.182,30.314,36.334,33.32,31.646,26.98,28.23,26.336,26.806,23.164
10-Jan-13,652,Ph1,46,PV_Generation_kW,0.002,0.024,0,0.014,0,0,0.026,0,0.012,0,0,0.002,0.014,0.342,1.554,2.982,5.874,8.474,9.548,12.246,16.852,17.762,18.706,19.61,22.782,21.798,19.796,20.088,22.204,23.498,22.51,19.596,18.6,17.144,12.988,8.884,6.408,4.548,2.078,0.32,0.014,0.014,0.012,0.012,0.012,0,0,0.002
10-Jan-13,671,A,159,GC_Load_kW,80.132,77.76,66.596,64.87,67.222,59.194,58.198,58.618,57.524,55.308,63.768,68.236,73.944,76.168,79.514,78.148,80.864,88.176,90.874,91.378,90.5,92.042,82.314,88.312,86.626,85.596,84.504,87.35,85.222,85.35,78.418,81.584,83.324,88.56,100.412,108.502,111.874,110.098,115.5,114.388,122.316,122.52,117.926,108.27,107.914,101.694,93.98,84.29
10-Jan-13,671,A,159,PV_Generation_kW,0.012,0.024,0.036,0.026,0.024,0.012,0.036,0.024,0.012,0.024,0.048,0.036,0.052,1.318,5.736,13.268,23.95,33.722,36.198,45.716,58.962,60.488,64.538,71.116,82.432,77.554,70.674,68.244,73.366,77.226,74.686,67.67,66.814,62.446,46.2,32.112,23.326,16.228,7.86,1.336,0.016,0.06,0.024,0.012,0.048,0.014,0.012,0.012
10-Jan-13,671,B,155,GC_Load_kW,73.764,68.014,63.278,61.058,62.378,60.166,62.182,56.758,58.064,54.06,54.906,53.928,62.45,68.12,77.724,74.406,77.052,80.946,81.23,76.506,73.318,81.744,83.174,82.916,83.486,82.518,82.132,77.88,73.378,78.616,77.268,70.92,76.432,79.582,90.834,104.942,106.304,106.994,102.688,102.796,109.162,108.916,108.702,100.5,99.432,99.188,83.11,78.804
10-Jan-13,671,B,155,PV_Generation_kW,0.002,0.048,0,0.014,0,0,0.038,0,0.024,0.012,0.024,0.026,0.04,1.438,5.47,12.016,23.298,33.66,37.282,46.618,62.124,61.886,62.496,70.574,81.172,77.01,70.268,69.018,74.612,79.872,77.164,67.282,66.004,60.534,43.812,28.964,20.004,14.096,7.388,1.332,0.014,0.038,0.06,0.024,0.038,0,0.012,0.002
10-Jan-13,671,C,159,GC_Load_kW,82.84,77.214,66.756,63.72,64.118,58.338,58.146,58.648,58.714,56.526,65.988,70.862,74.97,76.948,79.018,77.614,78.676,88.348,94.378,93.506,92.914,96.402,88.68,92.176,86.692,89.31,86.54,89.618,86.296,85.89,81.932,84.398,87.902,88.678,100.842,110.972,111.066,108.724,116.48,117.55,123.232,122.5,116.54,109.196,111.602,107.986,99.978,88.018
10-Jan-13,671,C,159,PV_Generation_kW,0.012,0.024,0.036,0.026,0.024,0.012,0.024,0.024,0.012,0.024,0.036,0.036,0.054,1.32,5.632,12.69,23.22,33.014,36.094,44.958,59.566,61.496,65.318,71.736,83.318,79.116,71.444,69.246,74.954,78.754,75.676,68.356,67.244,62.71,46.762,32.536,23.616,16.138,7.67,1.296,0.016,0.036,0.012,0.012,0.038,0.014,0.012,0.012
10-Jan-13,692,C,66,GC_Load_kW,28.42,22.234,23.136,22.474,20.074,19.828,21.776,20.684,21.38,19.804,22.372,21.502,26.904,30.976,33.968,32.282,36.094,33.868,33.384,32.496,31.22,35.52,32.068,30.818,31.12,34.354,32.804,31.512,24.958,27.076,27.4,23.584,24.218,27.378,38.662,46.38,45.98,46.802,43.924,44.41,45.066,44.826,46.324,42.26,37.132,43.356,31.846,33.054
10-Jan-13,692,C,66,PV_Generation_kW,0,0,0,0,0,0,0,0,0,0,0.012,0.024,0.024,0.722,2.504,5.536,10.676,15.79,17,21.192,27.786,27.48,27.098,31.612,35.91,33.8,30.538,29.626,32.308,34.656,32.994,29.116,28.982,26.584,19.15,12.522,8.654,5.934,3.37,0.736,0,0,0.012,0.012,0.012,0,0,0
10-Jan-13,692,B,0,GC_Load_kW,0,0,0,0,0,0,0,0,0,0,0,0,0,0,0,0,0,0,0,0,0,0,0,0,0,0,0,0,0,0,0,0,0,0,0,0,0,0,0,0,0,0,0,0,0,0,0,0
10-Jan-13,692,B,0,PV_Generation_kW,0,0,0,0,0,0,0,0,0,0,0,0,0,0,0,0,0,0,0,0,0,0,0,0,0,0,0,0,0,0,0,0,0,0,0,0,0,0,0,0,0,0,0,0,0,0,0,0
10-Jan-13,692,A,0,GC_Load_kW,0,0,0,0,0,0,0,0,0,0,0,0,0,0,0,0,0,0,0,0,0,0,0,0,0,0,0,0,0,0,0,0,0,0,0,0,0,0,0,0,0,0,0,0,0,0,0,0
10-Jan-13,692,A,0,PV_Generation_kW,0,0,0,0,0,0,0,0,0,0,0,0,0,0,0,0,0,0,0,0,0,0,0,0,0,0,0,0,0,0,0,0,0,0,0,0,0,0,0,0,0,0,0,0,0,0,0,0
10-Jan-13,675,C,119,GC_Load_kW,55.876,54.966,46.3,45.476,50.726,45.348,46.146,42.37,41.452,38.004,41.014,43.714,51.02,49.522,57.394,51.972,56.516,60.178,58.946,55.092,56.49,64.594,59.424,63.91,66.566,57.178,60.606,58.266,61.484,63.572,60.748,59.18,62.538,67.606,68.542,77.048,84.62,85.252,77.722,75.056,85.162,86.73,82.848,73.542,75.466,66.686,60.654,56.282
10-Jan-13,675,C,119,PV_Generation_kW,0.002,0.036,0.024,0.016,0.012,0.012,0.05,0.012,0.036,0.024,0.024,0.002,0.014,0.86,3.796,8.53,16.33,22.77,25.736,32.478,42.164,42.016,43.362,48.86,56.596,53.188,49.398,48.524,51.548,55.704,54.8,47.946,47.204,43.784,31.75,21.572,15.7,11.532,5.84,0.82,0.016,0.05,0.048,0.024,0.036,0.014,0.012,0.002
10-Jan-13,675,B,36,GC_Load_kW,18.936,16.958,15.422,14.232,14.966,13.026,12.958,12.238,13.392,12.962,14.526,14.848,15.282,16.226,17.444,20.086,18.734,21.984,21.008,19.822,17.278,18.884,18.792,23.738,22.974,25.256,24.4,23.85,20.768,21.098,20.202,21.294,17.502,21.056,24.966,24.926,24.87,25.232,28.736,26.596,25.05,22.684,25.356,24.814,27.424,24.542,27.974,24.64
10-Jan-13,675,B,36,PV_Generation_kW,0.012,0,0,0.012,0,0,0.012,0,0,0.012,0,0.012,0.002,0.164,1.194,2.712,4.864,7.022,7.37,9.46,12.784,12.986,13.946,14.124,15.83,15.76,14.93,13.936,14.666,15.99,14.992,13.882,13.784,11.738,8.86,6.414,3.986,2.996,1.656,0.296,0.012,0,0.012,0,0.012,0,0,0
10-Jan-13,675,A,191,GC_Load_kW,97.782,93.494,81.916,78.886,77.352,74.196,74.624,69.98,70.636,67.69,73.75,74.118,86.614,91.348,99.018,95.458,99.578,102.772,111.712,109.63,107.57,108.448,107.576,105.302,99.828,105.854,101.568,102.566,94.232,99.51,96.852,91.186,97.386,101.026,112.118,132.16,129.884,126.894,130.984,136.554,147.524,146.43,138.758,131.848,128.728,132.068,108.79,99.148
10-Jan-13,675,A,191,PV_Generation_kW,0.002,0.048,0.012,0.026,0.012,0,0.026,0.012,0.024,0.012,0.036,0.05,0.09,1.876,7.018,15.372,28.636,41.53,45.196,55.974,76.004,77.59,81.814,91.644,106.448,100.732,90.054,87.962,97.552,102.98,98.718,87.7,85.1,79.182,58.652,39.734,28.706,19.366,9.28,1.7,0.002,0.026,0.048,0.024,0.026,0,0.024,0.014
10-Jan-13,634,C,52,GC_Load_kW,23.954,20.698,19.778,19.076,22.476,19.624,20.47,20.452,19.586,17.142,18.038,20.94,21.84,22.182,24.32,21.578,22.824,25.592,21.822,21.818,22.282,28.118,23.452,25.822,30.05,22.652,23.83,22.512,25.688,26.852,24.906,23.264,26.442,28.164,31.548,36.85,39.15,40.816,37.046,33.196,33.212,36.102,36.562,29.706,31.78,27.976,25.442,23.134
10-Jan-13,634,C,52,PV_Generation_kW,0,0.012,0.012,0,0.012,0.012,0.024,0.012,0.012,0,0.012,0,0,0.47,1.816,3.93,7.492,10.32,11.384,15.02,18.46,19.384,19.092,22.098,25.664,23.424,21.792,21.122,21.446,22.28,21.872,19.37,20.148,19.334,13.976,9.326,6.876,4.996,2.812,0.472,0.014,0.048,0.012,0.012,0.024,0.002,0,0
10-Jan-13,634,B,45,GC_Load_kW,20.17,19.146,16.268,15.666,16.12,12.35,13.058,12.544,13.106,13.372,16.5,17.782,19.474,20.982,21.562,22.266,22.39,24.01,24.554,21.724,20.554,24.918,21.688,25.952,24.022,25.002,25.638,25.492,23.83,24.878,23.328,25.086,21.826,24.052,30.48,27.76,28.892,29.488,31.322,28.612,32.03,30.848,31.83,27.974,29.442,26.438,29.042,26.228
10-Jan-13,634,B,45,PV_Generation_kW,0.012,0,0.012,0.014,0,0,0,0,0,0.024,0.012,0.012,0.002,0.222,1.45,3.66,6.644,9.254,10.224,13.032,16.858,16.012,16.702,17.346,19.452,18.54,17.272,17.114,18.084,20.224,19.562,17.042,16.72,14.408,10.3,7.074,4.652,3.606,1.856,0.258,0.014,0,0.012,0,0.024,0.012,0,0
10-Jan-13,634,A,69,GC_Load_kW,36.838,37.618,29.902,29.36,28.428,26.936,25.076,25.486,24.608,24.112,29.366,31.248,32.388,34.618,34.59,34.748,35.096,38.064,44.072,44.51,43.646,38.162,35.314,36.212,35.372,36.872,34.98,38.496,37.632,36.318,32.7,33.952,37.178,38.036,39.104,49.656,49.52,46.844,52.896,56.548,58.792,56.614,53.356,48.93,48.926,47.088,39.85,36.096
10-Jan-13,634,A,69,PV_Generation_kW,0,0,0.012,0.012,0.012,0,0.012,0.012,0,0,0.024,0.024,0.05,0.638,2.62,5.742,9.94,14.364,15.318,19.028,25.466,27.534,30.664,32.48,38.9,37.508,33.784,31.852,35.23,36.1,34.842,32.442,30.936,29.222,22.646,16.35,12.302,8.14,3.536,0.692,0.002,0.024,0,0,0.012,0,0.012,0.012
11-Jan-13,646,Ph2,102,GC_Load_kW,43.296,43.146,39.286,37.014,33.74,33.628,36.502,34.66,32.394,34.294,39.232,41.598,43.192,46.26,43.956,46.622,46.934,57.756,63.832,58.048,56.82,58.61,71.786,79.552,84.998,93.162,95.128,97.574,100.074,106.768,110.262,113.996,107.786,116.362,123.4,117.26,126.154,135.478,139.002,137.962,140.482,147.59,137.21,121.574,110.304,94.968,93.264,80.308
11-Jan-13,646,Ph2,102,PV_Generation_kW,0.012,0.012,0.012,0.014,0.024,0.012,0,0.012,0.012,0.024,0.036,0,0.17,2.314,8.298,18.102,32.332,48.52,64.782,78.816,92.01,103.64,114.784,122.844,119.86,127.5,130.76,125.246,118.472,109.794,93.95,96.824,87.92,73.386,58.142,42.432,26.57,12.158,4.378,0.772,0.012,0.012,0,0.012,0.036,0.024,0.072,0.002
11-Jan-13,645,Ph2,63,GC_Load_kW,37.914,34.664,29.532,27.078,22.994,23.346,25.522,25.358,24.224,25.254,27.314,27.796,26.48,26.786,32.2,31.712,31.51,34.712,37.176,42.126,40.022,44.742,48.028,52.644,60.868,63.686,63.264,59.35,76.87,69.078,73.366,78.178,72.368,86.236,99.66,108.588,112.966,111.778,120.646,116.432,107.2,109.826,103.396,98.092,90.556,90.302,90.24,76.632
11-Jan-13,645,Ph2,63,PV_Generation_kW,0,0.024,0.012,0,0.012,0,0,0.012,0.012,0,0,0,0.156,1.656,5.988,15.124,26.402,39.184,50.112,60.064,68.262,75.258,80.172,83.62,79.668,83.832,85.41,81.586,79.118,71.346,62.974,64.168,57.688,46.752,35.666,25.404,15.064,7.532,3.252,0.654,0,0,0.002,0.012,0.024,0.002,0.012,0
11-Jan-13,611,Ph3,68,GC_Load_kW,26.028,24.532,24.216,22.042,20.41,20.424,21.566,23.554,23.834,21.842,23.13,22.96,26.954,29.24,28.892,33.96,34.334,36.526,36.384,32.314,30.604,30.566,43.61,43.52,55.844,50.49,57.022,51.904,58.41,66.904,65.818,65.476,60.628,68.782,68.376,78.1,80.66,86.404,84.022,82.86,84.248,91.606,81.78,78.042,70.856,78.322,69.92,63.782
11-Jan-13,611,Ph3,68,PV_Generation_kW,0.012,0,0,0,0.024,0,0.024,0.002,0.012,0,0,0.012,0.084,1.416,5.28,12.024,20.978,30.878,40.686,50.188,58.526,64.524,69.78,73.072,68.822,74.458,75.758,72.892,67.152,61.488,54.468,58.29,53.324,44.442,33.606,22.426,13.832,7.716,3.328,0.538,0.014,0.024,0.012,0,0,0.002,0.024,0.024
11-Jan-13,652,Ph1,46,GC_Load_kW,24.322,23.95,21.076,21.214,25.212,23.952,22.818,17.468,15.71,14.998,16.144,15.732,18.426,22.13,22.974,28.23,25.806,26.968,28.982,28.812,27.986,30.984,27.074,37.008,37.756,33.748,36.566,35.856,38.628,38.082,42.038,52.404,61.95,65.86,63.854,64,67.076,72.174,71.594,66.99,63.6,61.26,62.994,58.994,55.89,51.382,47.974,38.362
11-Jan-13,652,Ph1,46,PV_Generation_kW,0,0,0.04,0,0,0,0.012,0.024,0.012,0,0,0,0.09,0.758,3.512,7.77,13.796,21.53,30.178,35.856,42.158,47.28,51.078,53.5,51.608,53.89,55.532,53.144,49.684,46.846,42.292,42.462,39.356,32.974,26.246,18.78,12.598,6.722,2.536,0.466,0.012,0.012,0.012,0.012,0,0.004,0.012,0.002
11-Jan-13,671,A,159,GC_Load_kW,76.902,76.322,67.978,64.266,58.564,56.16,59.89,56.172,55.586,57.196,62.63,65.17,67.182,69.688,71.756,76.446,77.658,89.466,99.13,96.964,94.204,96.638,119.41,128.062,131.034,145.324,148.034,147.664,165.508,170.136,175.728,186.102,174.804,198.358,217.64,215.116,230.278,237.592,250.722,250.53,250.134,252.744,234.632,210.388,189.27,165.436,161.308,145.94
11-Jan-13,671,A,159,PV_Generation_kW,0.024,0.036,0.012,0.014,0.024,0.012,0,0.012,0.024,0.036,0.036,0,0.298,3.578,12.866,28.172,50.906,77.774,103.21,125.112,147.118,164.726,180.106,191.742,185.808,197.7,202.472,193.12,183.586,168.9,146.402,150.714,137.448,114.518,90.044,65.05,40.546,19.28,7.354,1.368,0.024,0.024,0,0.024,0.072,0.024,0.084,0.002
11-Jan-13,671,B,155,GC_Load_kW,70.384,68.688,62.666,60.746,64.368,62.856,63.784,59.696,59.064,56.032,58.174,55.856,61.916,67.336,72.74,81.38,77.316,80.264,85.12,84.714,80.124,85.458,99.482,113.386,134.23,120.426,126.324,118.146,139.198,147.086,156.252,167.828,170.118,186.952,191.554,207.55,221.226,222.006,225.006,213.302,208.226,210.664,204.458,195.89,178.53,185.066,175.682,147.298
11-Jan-13,671,B,155,PV_Generation_kW,0.012,0,0.052,0,0.036,0,0.036,0.038,0.024,0.012,0,0.012,0.264,3.494,13.234,30.936,54.486,81.224,107.438,129.31,149.33,164.988,177.002,184.812,175.446,187.168,190.632,183.422,173.422,157.828,140.654,145.142,132.388,109.07,83.588,57.67,35.412,18.454,7.544,1.338,0.038,0.048,0.026,0.012,0.012,0.008,0.036,0.026
11-Jan-13,671,C,159,GC_Load_kW,80.032,76.376,67.538,62.528,55.266,54.898,60.092,57.2,55.128,57.35,64.91,67.222,67.956,70.744,71.308,75.872,77.258,90.018,99.102,97.564,95.544,100.436,118.616,127.736,141.21,156.56,156.866,157.942,180.266,178.808,179.946,187.154,174.756,198.846,216.376,216.456,231.394,241.928,256.554,253.826,244.162,249.518,235.54,215.408,197.862,176.524,172.24,151.536
11-Jan-13,671,C,159,PV_Generation_kW,0.024,0.036,0.024,0.014,0.036,0.012,0,0.024,0.024,0.024,0.036,0,0.288,3.398,12.608,28.02,50.858,77.598,103.034,124.9,146.3,163.514,179.12,190.318,184.022,195.354,200.332,191.608,181.976,167.294,144.98,150.044,135.97,113.248,88.84,64.636,40.18,19.104,7.3,1.38,0.012,0.012,0,0.024,0.06,0.026,0.084,0.002
11-Jan-13,692,C,66,GC_Load_kW,27.596,25.932,25.108,21.82,20.456,20.634,22.112,24.764,22.276,21.714,22.62,23.178,27.752,28.672,32.636,33.56,32.144,35.47,31.888,29.756,26.984,28.668,40.788,44.356,54.424,47.9,53.464,47.354,49.37,55.85,61.396,61.384,60.8,67.428,69.682,78.128,84.708,88.446,85.624,83.952,88.522,96.334,84.334,82.408,74.798,85.658,75.808,65.132
11-Jan-13,692,C,66,PV_Generation_kW,0,0,0,0,0.024,0,0.024,0.002,0.012,0,0,0.012,0.124,1.81,6.696,16.412,28.088,39.518,50.2,60.186,68.362,74.86,79.786,82.934,79.078,83.228,85.33,82.05,75.978,70.42,61.582,64.668,58.034,46.66,34.642,23.098,13.348,6.84,3.01,0.514,0.014,0.024,0.014,0,0,0.002,0.012,0.012
11-Jan-13,692,B,0,GC_Load_kW,0,0,0,0,0,0,0,0,0,0,0,0,0,0,0,0,0,0,0,0,0,0,0,0,0,0,0,0,0,0,0,0,0,0,0,0,0,0,0,0,0,0,0,0,0,0,0,0
11-Jan-13,692,B,0,PV_Generation_kW,0,0,0,0,0,0,0,0,0,0,0,0,0,0,0,0,0,0,0,0,0,0,0,0,0,0,0,0,0,0,0,0,0,0,0,0,0,0,0,0,0,0,0,0,0,0,0,0
11-Jan-13,692,A,0,GC_Load_kW,0,0,0,0,0,0,0,0,0,0,0,0,0,0,0,0,0,0,0,0,0,0,0,0,0,0,0,0,0,0,0,0,0,0,0,0,0,0,0,0,0,0,0,0,0,0,0,0
11-Jan-13,692,A,0,PV_Generation_kW,0,0,0,0,0,0,0,0,0,0,0,0,0,0,0,0,0,0,0,0,0,0,0,0,0,0,0,0,0,0,0,0,0,0,0,0,0,0,0,0,0,0,0,0,0,0,0,0
11-Jan-13,675,C,119,GC_Load_kW,52.048,53.436,46.532,46.626,50.622,47.566,47.9,42.482,41.86,37.982,41.632,39.936,43.216,48.804,52.022,60.458,56.52,60.174,67.118,67.604,64.276,70.588,77.642,87.824,88.35,83.38,91.558,87.342,103.112,106.426,117.418,133.688,137.49,147.81,151.174,156.482,167.486,165.832,168.502,165.832,163.602,154.188,149.712,134.392,121.78,111.84,109.558,91.984
11-Jan-13,675,C,119,PV_Generation_kW,0.024,0.012,0.052,0.002,0,0.012,0.012,0.036,0.012,0.024,0.024,0,0.204,2.328,8.722,19.404,35.098,52.832,71.804,87.75,104.596,117.048,127.222,134.47,128.64,137.514,140.154,134.594,127.38,117.098,104.028,105.084,96.714,80.874,63.854,45.352,29.854,15.908,6.11,1.036,0.024,0.024,0.012,0.024,0.024,0.016,0.048,0.014
11-Jan-13,675,B,36,GC_Load_kW,18.306,16.214,14.758,13.344,12.804,12.574,12.736,11.896,13.608,15.234,14.668,14.858,13.826,16.136,16.678,19.25,20.492,21.426,21.85,20.204,23.208,22.552,20.872,21.188,24.172,36.926,36.904,39.744,38.704,43.15,41.366,40.74,37.954,36.872,44.162,43.506,45.042,54.04,56.208,52.408,49.952,58.57,53.276,51.77,46.358,37.36,33.708,28.718
11-Jan-13,675,B,36,PV_Generation_kW,0,0,0,0,0.012,0,0,0,0,0.012,0,0,0.076,0.896,3.278,6.818,12.038,19.282,25.348,29.882,34.122,37.402,40.138,41.706,38.808,43.506,43.564,41.802,40.576,34.344,30.948,32.344,27.416,22.06,16.536,11.504,6.272,3.01,1.206,0.188,0.012,0,0,0,0,0,0.024,0
11-Jan-13,675,A,191,GC_Load_kW,93.83,90.534,82.138,76.418,74.272,72.59,75.324,70.88,68.38,67.768,74.752,76.566,85.114,88.59,90.754,98.386,96.53,107.526,113.728,108.83,102.544,109.08,135.95,154.824,176.51,167.528,174.972,165.464,188.36,192.978,201.35,215.62,211.536,237.59,244.304,252.364,266.638,278.722,286.752,285.428,281.144,285.836,268.986,252.092,234.724,238.588,226.944,198.524
11-Jan-13,675,A,191,PV_Generation_kW,0.024,0.024,0.04,0.012,0.048,0,0.024,0.038,0.036,0,0.012,0.012,0.328,4.14,15.99,37.444,66.088,99.036,130.554,157.502,182.66,203.938,221.508,233.928,225.868,236.844,244.22,232.892,218.238,203.914,177.436,185.428,170.626,141.518,109.99,77.47,47.894,23.56,9.52,1.808,0.014,0.036,0.014,0.012,0.048,0.02,0.06,0.026
11-Jan-13,634,C,52,GC_Load_kW,21.98,22.542,20.306,20.578,20.726,20.26,21.586,20.76,18.918,16.984,17.802,17.074,17.226,19.84,22.168,23.834,23.382,24.284,29.506,31.97,30.066,29.502,32.562,36.918,39.506,35.882,34.49,33.476,43.766,44.238,46.78,48.352,45.888,54.708,62.074,72.732,76.494,67.026,71.05,67.71,66.588,63.994,63.808,58.144,52.08,45.282,45.756,38.76
11-Jan-13,634,C,52,PV_Generation_kW,0.012,0,0.012,0,0,0.012,0.012,0,0.012,0.024,0.012,0,0.058,1.068,4.032,8.726,15.906,23.646,32.568,40.096,47.768,52.57,56.654,59.772,56.334,61.286,61.726,59.624,56.898,50.96,45.064,44.876,41.008,34.738,26.99,19.052,12.21,6.158,2.376,0.412,0.024,0.024,0.012,0.024,0.012,0.012,0.036,0.002
11-Jan-13,634,B,45,GC_Load_kW,18.382,17.426,15.176,15.278,13.598,13.448,14.164,12.576,13.422,15.574,16.422,16.598,17.482,19.45,19.74,23.354,21.992,23.564,23.678,23.612,24.606,27.946,31.44,30.662,32.222,45.022,48.026,50.04,51.986,58.302,58.768,63.468,63.31,65.284,69.776,62.266,69.428,78.238,76.724,69.418,68.83,66.366,65.712,60.328,52.918,45.282,42.644,35.108
11-Jan-13,634,B,45,PV_Generation_kW,0,0.012,0.012,0.002,0.012,0,0,0.012,0,0,0.012,0,0.096,1.092,3.778,8.056,14.294,22.26,28.732,34.54,40.238,44.878,48.744,51.044,48.372,53.338,53.556,51.662,50.254,43.912,40,40.408,35.67,29.188,22.44,16.404,10.346,5.452,1.922,0.288,0,0,0,0,0.012,0,0,0
11-Jan-13,634,A,69,GC_Load_kW,38.372,38.772,35.152,32.08,26.536,26.168,27.492,25.27,24.518,25.4,29.504,33.2,33.954,33.81,32.546,33.462,35.346,42.886,47.798,43.056,41.934,43.004,56.472,65.816,67.7,68.54,68.408,69.1,78.588,73.216,73.106,78.34,70.296,87.684,92.322,90.096,92.368,96.652,105.74,108.752,115.848,124.92,104.588,90.658,84.484,73.17,73.942,69.582
11-Jan-13,634,A,69,PV_Generation_kW,0.012,0.024,0,0.012,0.012,0,0,0,0.024,0.012,0.012,0,0.082,1.402,5.256,11.208,20.726,32.828,44.448,54.178,63.708,72.376,80.276,86.158,86.07,89.016,92.486,87.94,82.592,79.37,66.902,70.186,65.43,55.376,44.428,32.48,19.902,8.358,2.956,0.606,0.012,0.012,0,0.012,0.048,0.012,0.06,0.002
