Step,SimHour,Battery646_kW,BatteryAction,SoC_Predicted_pct,SoC_Measured_pct,SoC_Error_pctPoint
1,0.5,33.8329,Discharge,48.3415,49.83,1.48849999999999
2,1,29.6957,Discharge,48.3743,48.2,-0.174299999999995
3,1.5,24.4894,Discharge,46.9995,46.76,-0.2395
4,2,25.7526,Discharge,45.4976,45.57,0.0724000000000018
5,2.5,16.5048,Discharge,44.7609,44.34,-0.420899999999996
6,3,16.6915,Discharge,43.5218,43.51,-0.0118000000000009
7,3.5,15.3795,Discharge,42.7561,42.68,-0.0761000000000038
8,4,16.7906,Discharge,41.8569,41.94,0.0830999999999946
9,4.5,15.0385,Discharge,41.2028,41.11,-0.092800000000004
10,5,14.3692,Discharge,40.4056,40.38,-0.0255999999999972
11,5.5,19.6812,Discharge,39.4152,39.67,0.254800000000003
12,6,23.2491,Discharge,38.5303,38.67,0.139700000000005
13,6.5,21.0329,Discharge,37.639,37.56,-0.0790000000000006
14,7,18.7475,Discharge,36.641,36.54,-0.100999999999999
15,7.5,26.1547,Discharge,35.2579,35.57,0.312100000000001
16,8,16.5962,Discharge,34.7565,34.34,-0.416499999999999
17,8.5,9.1436,Discharge,33.8918,33.55,-0.341800000000006
18,9,6.6332,Discharge,33.2248,33.11,-0.114800000000002
19,9.5,-8.1036,Charge,33.5072,32.84,-0.667199999999994
20,10,-20.8173,Charge,33.8605,33.3,-0.560500000000005
21,10.5,-30.1035,Charge,34.7757,34.37,-0.405700000000003
22,11,-40.1492,Charge,36.3381,35.89,-0.448099999999997
23,11.5,-52.3709,Charge,38.4572,37.91,-0.547200000000004
24,12,-56.2216,Charge,40.666,40.48,-0.186
25,12.5,-62.2545,Charge,43.5317,43.26,-0.271700000000003
26,13,-64.0325,Charge,46.3988,46.31,-0.0887999999999991
27,13.5,-67.3279,Charge,49.6104,49.46,-0.150399999999998
28,14,-68.4944,Charge,52.8176,52.75,-0.0675999999999988
29,14.5,-51.2468,Charge,55.2621,56,0.737900000000003
30,15,-47.0193,Charge,58.3049,58.48,0.175099999999993
31,15.5,-33.5938,Charge,60.1268,60.72,0.593199999999996
32,16,-17.3197,Charge,61.569,62.3,0.730999999999995
33,16.5,-1.6377,Charge,62.3803,63.06,0.679700000000004
34,17,14.7243,Discharge,62.3382,63.07,0.7318
35,17.5,33.2696,Discharge,61.4391,62.25,0.810899999999997
36,18,60.4984,Discharge,59.2844,60.5,1.2156
37,18.5,76.9431,Discharge,56.7283,57.48,0.7517
38,19,80.398,Discharge,53.5389,53.69,0.1511
39,19.5,75.2975,Discharge,49.9989,49.79,-0.2089
40,20,75.0744,Discharge,46.1099,46.11,9.99999999962142e-05
41,20.5,44.3165,Discharge,43.9376,42.59,-1.3476
42,21,51.9678,Discharge,40.0426,40.39,0.3474
43,21.5,45.9185,Discharge,38.1391,37.87,-0.269100000000002
44,22,56.7881,Discharge,35.0863,35.56,0.473700000000001
45,22.5,-4.8025,Charge,35.7954,33.07,-2.7254
46,23,-29.8656,Charge,34.534,33.44,-1.094
47,23.5,-43.4416,Charge,35.5695,34.97,-0.599499999999999
48,24,-54.8097,Charge,37.6568,37.14,-0.516799999999996
49,24.5,-61.9128,Charge,40.1749,39.87,-0.304900000000004
50,25,-66.3442,Charge,43.1222,42.93,-0.1922
51,25.5,-73.982,Charge,46.5566,46.2,-0.3566
52,26,-75.5739,Charge,49.9046,49.84,-0.0645999999999987
53,26.5,-76.3843,Charge,53.5843,53.57,-0.0142999999999986
54,27,-77.2797,Charge,57.3582,57.3,-0.0581999999999994
55,27.5,-77.7086,Charge,61.1092,61.08,-0.029200000000003
56,28,-77.1305,Charge,64.8609,64.9,0.0391000000000048
57,28.5,-75.724,Charge,68.612,68.67,0.0580000000000069
58,29,-77.5184,Charge,72.4699,72.4,-0.0698999999999899
59,29.5,-75.487,Charge,76.1003,76.21,0.109699999999989
60,30,-69.4924,Charge,79.6165,79.86,0.243499999999997
61,30.5,-65.7775,Charge,83.0844,83.23,0.145600000000002
62,31,-65.9171,Charge,86.4612,86.46,-0.00120000000001141
63,31.5,-12.7357,Charge,87.0843,89.44,2.3557
64,32,-15.618,Charge,90.2056,90.09,-0.115600000000001
65,32.5,-19.556,Charge,91.0486,90.89,-0.158599999999993
66,33,-28.0405,Charge,92.2645,91.91,-0.354500000000002
67,33.5,-40.5737,Charge,93.8989,93.35,-0.548900000000003
68,34,-46.29,Charge,95.6191,95.38,-0.239100000000008
69,34.5,-23.5587,Charge,96.5348,97.53,0.995199999999997
70,35,-17.6825,Charge,98.3968,98.68,0.283200000000008
71,35.5,-6.8447,Charge,99.0155,99.51,0.494500000000002
72,36,-9.996,Charge,100,99.86,-0.140000000000001
73,36.5,-2.856,Charge,100,100,0
74,37,-0,Idle,100,100,0
75,37.5,0,Idle,100,100,0
76,38,0,Idle,100,100,0
77,38.5,53.0117,Discharge,97.4014,99.73,2.32860000000001
78,39,70.3721,Discharge,96.2804,97.06,0.779600000000002
79,39.5,84.0623,Discharge,92.9393,93.55,0.610699999999994
80,40,96.1379,Discharge,88.8374,89.38,0.542599999999993
81,40.5,115.5792,Discharge,83.7144,84.57,0.855599999999995
82,41,130.3397,Discharge,78.1808,78.82,0.639199999999988
83,41.5,157.8732,Discharge,71.0811,72.31,1.2289
84,42,180.69,Discharge,63.4526,64.45,0.997400000000006
85,42.5,190.7078,Discharge,55.1016,55.53,0.428400000000003
86,43,192.8357,Discharge,46.0773,46.16,0.0826999999999956
87,43.5,209.0345,Discharge,35.9132,36.62,0.706799999999994
88,44,227.419,Discharge,25.472,26.29,0.817999999999998
89,44.5,147.1183,Discharge,19.0783,15.56,-3.5183
90,45,115.2827,Discharge,9.9089,8.5,-1.4089
91,45.5,95.616,Discharge,3.8129,2.96,-0.8529
92,46,60.384,Discharge,-0,0,0
93,46.5,-0.0011,Idle,0.0001,0,-0.0001
94,47,0.0027,Idle,-0.0001,0,0.0001
95,47.5,-0.0026,Idle,0.0001,0,-0.0001
96,48,0.002,Idle,-0.0001,0,0.0001
97,48.5,0.0007,Idle,-0,0,0
98,49,-0.0005,Idle,0,0,0
99,49.5,0.0004,Idle,-0,0,0
100,50,0.0002,Idle,-0,0,0
101,50.5,-5.6335,Charge,0.2762,0.02,-0.2562
102,51,0.408,Idle,0,0.29,0.29
103,51.5,4.578,Discharge,0.0656,0.26,0.1944
104,52,5.304,Discharge,0,0.02,0.02
105,52.5,0.408,Idle,-0,0,0
106,53,-1.2913,Charge,0.0633,0,-0.0633
107,53.5,-1.8176,Charge,0.0891,0.05,-0.0391
108,54,-6.027,Charge,0.3454,0.17,-0.1754
109,54.5,-11.208,Charge,0.7194,0.49,-0.2294
110,55,-4.7067,Charge,0.7207,1,0.2793
111,55.5,17.1573,Discharge,0.159,1.14,0.981
112,56,2.1966,Discharge,1.0323,0.38,-0.6523
113,56.5,-5.5855,Charge,0.6538,0.32,-0.3338
114,57,-7.4897,Charge,0.6871,0.62,-0.0671
115,57.5,-16.7709,Charge,1.4421,1.01,-0.4321
116,58,-28.2572,Charge,2.3952,1.9,-0.4952
117,58.5,-29.1102,Charge,3.327,3.27,-0.0569999999999999
118,59,-42.955,Charge,5.3756,4.77,-0.605600000000001
119,59.5,-49.1313,Charge,7.1784,6.9,-0.2784
120,60,-53.5531,Charge,9.5252,9.33,-0.1952
121,60.5,-61.4322,Charge,12.3414,12.01,-0.3314
122,61,-63.2552,Charge,15.1107,15.01,-0.1007
123,61.5,-62.5208,Charge,18.0747,18.1,0.0253000000000014
124,62,-41.904,Charge,20.1541,21.08,0.925899999999999
125,62.5,-24.0847,Charge,22.2606,23.06,0.799399999999999
126,63,-24.6009,Charge,24.2659,24.24,-0.0259
127,63.5,-19.7955,Charge,25.2104,25.44,0.229600000000001
128,64,-3.3599,Charge,25.6047,26.33,0.725299999999997
129,64.5,4.4581,Discharge,26.1115,26.45,0.3385
130,65,8.8592,Discharge,26.0157,26.23,0.214300000000001
131,65.5,21.4953,Discharge,25.1763,25.73,0.553699999999999
132,66,44.1147,Discharge,23.5675,24.58,1.0125
133,66.5,67.0857,Discharge,21.2915,22.31,1.0185
134,67,70.9248,Discharge,18.8333,19.01,0.1767
135,67.5,68.3029,Discharge,15.6618,15.55,-0.111799999999999
136,68,63.6353,Discharge,12.4306,12.23,-0.2006
137,68.5,43.5925,Discharge,10.0931,9.19,-0.9031
138,69,43.6482,Discharge,7.0504,7.03,-0.0203999999999995
139,69.5,44.1882,Discharge,4.8639,4.88,0.0160999999999998
140,70,36.6716,Discharge,3.0824,2.76,-0.3224
141,70.5,7.8431,Discharge,2.3755,1.08,-1.2955
142,71,1.3887,Discharge,1.0119,0.73,-0.2819
143,71.5,-4.632,Charge,0.9571,0.71,-0.2471
144,72,-11.8693,Charge,1.2918,0.99,-0.3018
145,72.5,-19.8483,Charge,1.963,1.61,-0.353
146,73,-20.66,Charge,2.6227,2.6,-0.0226999999999999
147,73.5,-24.4772,Charge,3.7999,3.65,-0.1499
148,74,-25.049,Charge,4.8779,4.83,-0.0479000000000003
149,74.5,-23.175,Charge,5.966,6.04,0.0739999999999998
150,75,-29.8518,Charge,7.5033,7.2,-0.3033
151,75.5,-29.5009,Charge,8.6461,8.67,0.0238999999999994
152,76,-29.8587,Charge,10.1337,10.15,0.0163000000000011
153,76.5,-31.6884,Charge,11.7034,11.63,-0.0733999999999995
154,77,-32.127,Charge,13.2049,13.19,-0.0149000000000008
155,77.5,-24.7169,Charge,14.4016,14.73,0.3284
156,78,-19.2589,Charge,15.6741,15.93,0.2559
157,78.5,-13.5192,Charge,16.5927,16.83,0.237299999999998
158,79,-15.4785,Charge,17.5887,17.52,-0.0686999999999998
159,79.5,14.5613,Discharge,16.8062,18.11,1.3038
160,80,8.4654,Discharge,17.695,17.41,-0.285
161,80.5,4.0552,Discharge,17.2112,17.04,-0.171200000000002
162,81,3.1,Discharge,16.888,16.85,-0.0380000000000003
163,81.5,5.2919,Discharge,16.5906,16.69,0.0994000000000028
164,82,-5.6095,Charge,16.965,16.5,-0.465
165,82.5,-17.1251,Charge,17.3395,16.85,-0.4895
166,83,-13.5409,Charge,17.5138,17.66,0.1462
167,83.5,-24.011,Charge,18.837,18.4,-0.437000000000001
168,84,-20.6337,Charge,19.4115,19.56,0.148499999999999
169,84.5,-28.0673,Charge,20.9358,20.63,-0.305800000000001
170,85,-26.2846,Charge,21.9185,21.99,0.0714999999999968
171,85.5,-22.9843,Charge,23.1167,23.25,0.133299999999998
172,86,-18.869,Charge,24.1749,24.36,0.185099999999998
173,86.5,0.3825,Idle,24.3412,25.19,0.848800000000001
174,87,-1.0187,Charge,25.2399,25.2,-0.0398999999999994
175,87.5,-1.4143,Charge,25.2693,25.25,-0.0193000000000012
176,88,6.1351,Discharge,24.9493,25.26,0.310700000000001
177,88.5,6.7503,Discharge,24.9291,24.96,0.0309000000000026
178,89,12.2814,Discharge,24.358,24.6,0.242000000000001
179,89.5,28.8176,Discharge,23.1874,23.92,0.732600000000001
180,90,42.2793,Discharge,21.8475,22.44,0.592500000000001
181,90.5,49.6135,Discharge,20.008,20.34,0.332000000000001
182,91,53.279,Discharge,17.7283,17.87,0.1417
183,91.5,63.3216,Discharge,14.766,15.23,0.464
184,92,67.7568,Discharge,11.9086,12.11,0.2014
185,92.5,52.2545,Discharge,9.5485,8.86,-0.688500000000001
186,93,51.0096,Discharge,6.3595,6.32,-0.0394999999999994
187,93.5,46.8027,Discharge,4.0257,3.84,-0.1857
188,94,37.7079,Discharge,1.9916,1.58,-0.4116
189,94.5,5.453,Discharge,1.3127,0,-1.3127
190,95,-2.454,Charge,0.1203,0,-0.1203
191,95.5,-6.3687,Charge,0.3122,0.12,-0.1922
192,96,-15.1332,Charge,0.8618,0.46,-0.4018
