step,day,date_label,profile_time,eta_per_kwh,p_load_forecast_total_kw,p_pv_forecast_total_kw,p_load_actual_total_kw,p_pv_actual_total_kw,baseline_grid_actual_kw,pbat_aggregate_kw,battery_action,grid_forecast_qp_kw,grid_actual_calculated_kw,soc_predicted_pct,soc646_measured_pct,qp_status,qp_objective_day,pbat_646_B_kw,pbat_645_B_kw,pbat_611_C_kw,pbat_652_A_kw,pbat_671_A_kw,pbat_671_B_kw,pbat_671_C_kw,pbat_692_C_kw,pbat_692_B_kw,pbat_692_A_kw,pbat_675_C_kw,pbat_675_B_kw,pbat_675_A_kw,pbat_634_C_kw,pbat_634_B_kw,pbat_634_A_kw
1,1,7-Jan-13,0:30,0.03,770.334,0.128,770.334,0.128,770.206,76.368057,Discharge,693.837943,693.837943,49.712902,49.97,optimal,406508.912253,5.856798,3.617434,3.904532,2.641301,9.129715,8.900037,9.129715,3.789693,0.0,0.0,6.832931,2.067105,10.967142,2.985819,2.583882,3.961952
2,1,7-Jan-13,1:00,0.03,727.572,0.104,727.572,0.104,727.468,33.630057,Discharge,693.837943,693.837943,49.586473,49.69,optimal,406508.912253,2.579147,1.593003,1.719431,1.163145,4.020435,3.919292,4.020435,1.66886,0.0,0.0,3.009005,0.910287,4.82958,1.314859,1.137859,1.744717
3,1,7-Jan-13,1:30,0.03,628.524,0.144,628.524,0.144,628.38,-65.457943,Charge,693.837943,693.837943,49.832556,49.58,optimal,406508.912253,-5.020083,-3.100639,-3.346722,-2.263959,-7.825423,-7.628557,-7.825423,-3.248289,-0.0,-0.0,-5.856763,-1.771794,-9.400351,-2.559258,-2.214742,-3.395938
4,1,7-Jan-13,2:00,0.03,587.784,0.212,587.784,0.212,587.572,-106.265943,Charge,693.837943,693.837943,50.232052,49.84,optimal,406508.912253,-8.149719,-5.03365,-5.433146,-3.675363,-12.703974,-12.384377,-12.703974,-5.273348,-0.0,-0.0,-9.508005,-2.876371,-15.260748,-4.154759,-3.595464,-5.513045
5,1,7-Jan-13,2:30,0.03,548.304,0.108,548.304,0.108,548.196,-145.641943,Charge,693.837943,693.837943,50.779578,50.25,optimal,406508.912253,-11.169532,-6.898829,-7.446355,-5.03724,-17.41133,-16.973309,-17.41133,-7.227345,-0.0,-0.0,-13.031121,-3.942188,-20.915497,-5.694271,-4.927735,-7.55586
6,1,7-Jan-13,3:00,0.03,546.074,0.058,546.074,0.058,546.016,-147.821943,Charge,693.837943,693.837943,51.335299,50.78,optimal,406508.912253,-11.33672,-7.002092,-7.557814,-5.112639,-17.671947,-17.227369,-17.671947,-7.335525,-0.0,-0.0,-13.226174,-4.001195,-21.228565,-5.779505,-5.001494,-7.668958
7,1,7-Jan-13,3:30,0.03,536.482,0.2,536.482,0.2,536.282,-157.555943,Charge,693.837943,693.837943,51.927615,51.33,optimal,406508.912253,-12.083238,-7.463176,-8.055492,-5.449303,-18.835635,-18.361783,-18.835635,-7.818566,-0.0,-0.0,-14.097111,-4.264672,-22.626455,-6.160082,-5.33084,-8.173955
8,1,7-Jan-13,4:00,0.03,531.554,0.048,531.554,0.048,531.506,-162.331943,Charge,693.837943,693.837943,52.537886,51.92,optimal,406508.912253,-12.449517,-7.689408,-8.299678,-5.614488,-19.406601,-18.918384,-19.406601,-8.05557,-0.0,-0.0,-14.524437,-4.393947,-23.312332,-6.346813,-5.492434,-8.421732
9,1,7-Jan-13,4:30,0.03,529.484,0.3,529.484,0.3,529.184,-164.653943,Charge,693.837943,693.837943,53.156885,52.51,optimal,406508.912253,-12.627596,-7.799397,-8.418397,-5.694798,-19.684193,-19.188993,-19.684193,-8.170797,-0.0,-0.0,-14.732195,-4.456798,-23.645792,-6.437598,-5.570998,-8.542197
10,1,7-Jan-13,5:00,0.03,525.65,0.116,525.65,0.116,525.534,-168.303943,Charge,693.837943,693.837943,53.789607,53.15,optimal,406508.912253,-12.90752,-7.972292,-8.605014,-5.821039,-20.120547,-19.614369,-20.120547,-8.351925,-0.0,-0.0,-15.058774,-4.555595,-24.169965,-6.580305,-5.694494,-8.731558
11,1,7-Jan-13,5:30,0.03,564.876,0.07,564.876,0.07,564.806,-129.031943,Charge,693.837943,693.837943,54.274689,53.77,optimal,406508.912253,-9.895683,-6.112039,-6.597122,-4.462759,-15.425623,-15.037557,-15.425623,-6.403089,-0.0,-0.0,-11.544963,-3.492594,-18.530151,-5.044858,-4.365742,-6.694138
12,1,7-Jan-13,6:00,0.03,582.84,0.108,582.84,0.108,582.732,-111.105943,Charge,693.837943,693.837943,54.692381,54.26,optimal,406508.912253,-8.520907,-5.262913,-5.680605,-3.842762,-13.28259,-12.948437,-13.28259,-5.513528,-0.0,-0.0,-9.941058,-3.007379,-15.955816,-4.343992,-3.759224,-5.764143
13,1,7-Jan-13,6:30,0.03,585.75,5.42,585.75,5.42,580.33,-113.507943,Charge,693.837943,693.837943,55.119102,54.7,optimal,406508.912253,-8.70512,-5.376692,-5.803414,-3.925839,-13.569747,-13.228369,-13.569747,-5.632725,-0.0,-0.0,-10.155974,-3.072395,-16.300765,-4.437905,-3.840494,-5.888758
14,1,7-Jan-13,7:00,0.03,638.194,49.568,638.194,49.568,588.626,-105.211943,Charge,693.837943,693.837943,55.514636,55.13,optimal,406508.912253,-8.068886,-4.983724,-5.379257,-3.638909,-12.577969,-12.261542,-12.577969,-5.221044,-0.0,-0.0,-9.4137,-2.847842,-15.109384,-4.11355,-3.559803,-5.458364
15,1,7-Jan-13,7:30,0.06,665.806,127.012,665.806,127.012,538.794,192.000028,Discharge,346.793972,346.793972,54.792831,55.41,optimal,406508.912253,14.724814,9.094738,9.816543,6.640602,22.953387,22.375943,22.953387,9.527821,0.0,0.0,17.17895,5.196993,27.572936,7.506768,6.496242,9.960904
16,1,7-Jan-13,8:00,0.06,636.794,237.926,636.794,237.926,398.868,52.074028,Discharge,346.793972,346.793972,54.597064,54.73,optimal,406508.912253,3.993647,2.466665,2.662432,1.801057,6.225391,6.068778,6.225391,2.584125,0.0,0.0,4.659255,1.409523,7.4783,2.035977,1.761903,2.701585
17,1,7-Jan-13,8:30,0.06,676.108,366.944,676.108,366.944,309.164,-37.629972,Charge,346.793972,346.793972,54.738531,54.57,optimal,406508.912253,-2.885908,-1.782472,-1.923938,-1.301488,-4.498621,-4.385448,-4.498621,-1.867352,-0.0,-0.0,-3.366892,-1.018556,-5.404003,-1.471247,-1.273195,-1.952232
18,1,7-Jan-13,9:00,0.06,729.828,505.332,729.828,505.332,224.496,-122.297972,Charge,346.793972,346.793972,55.198297,54.75,optimal,406508.912253,-9.379243,-5.793062,-6.252829,-4.229855,-14.620585,-14.252771,-14.620585,-6.068922,-0.0,-0.0,-10.94245,-3.310321,-17.563092,-4.781575,-4.137901,-6.344782
19,1,7-Jan-13,9:30,0.06,680.404,658.94,680.404,658.94,21.464,-325.329972,Charge,346.793972,346.793972,56.421342,55.26,optimal,406508.912253,-24.950118,-15.410367,-16.633412,-11.252014,-38.892831,-37.914395,-38.892831,-16.144194,-0.0,-0.0,-29.108471,-8.805924,-46.720319,-12.719668,-11.007405,-16.878021
20,1,7-Jan-13,10:00,0.06,682.818,829.604,682.818,829.604,-146.786,-493.579972,Charge,346.793972,346.793972,58.276906,56.55,optimal,406508.912253,-37.853502,-23.380104,-25.235668,-17.071187,-59.006929,-57.522478,-59.006929,-24.493442,-0.0,-0.0,-44.162419,-13.360059,-70.882537,-19.297864,-16.700074,-25.60678
21,1,7-Jan-13,10:30,0.06,710.68,970.704,710.68,970.704,-260.024,-606.817972,Charge,346.793972,346.793972,60.558177,58.46,optimal,406508.912253,-46.53792,-28.744009,-31.02528,-20.987689,-72.544404,-70.719388,-72.544404,-30.112772,-0.0,-0.0,-54.29424,-16.425148,-87.144536,-23.725214,-20.531435,-31.481534
22,1,7-Jan-13,11:00,0.06,757.052,1171.376,757.052,1171.376,-414.324,-761.117972,Charge,346.793972,346.793972,63.419522,60.82,optimal,406508.912253,-58.371453,-36.052957,-38.914302,-26.324381,-90.990795,-88.701718,-90.990795,-37.769764,-0.0,-0.0,-68.100029,-20.601689,-109.303408,-29.757996,-25.752112,-39.486571
23,1,7-Jan-13,11:30,0.06,721.462,1275.472,721.462,1275.472,-554.01,-900.803972,Charge,346.793972,346.793972,66.806004,63.72,optimal,406508.912253,-69.084214,-42.669662,-46.056143,-31.155626,-107.690099,-104.980914,-107.690099,-44.70155,-0.0,-0.0,-80.59825,-24.382664,-129.363578,-35.219403,-30.47833,-46.733439
24,1,7-Jan-13,12:00,0.06,763.036,1318.254,763.036,1318.254,-555.218,-902.011972,Charge,346.793972,346.793972,70.197026,67.1,optimal,406508.912253,-69.176858,-42.726883,-46.117905,-31.197407,-107.834514,-105.121696,-107.834514,-44.761496,-0.0,-0.0,-80.706334,-24.415362,-129.537058,-35.266633,-30.519202,-46.79611
25,1,7-Jan-13,12:30,0.06,817.948,1394.428,817.948,1394.428,-576.48,-923.273972,Charge,346.793972,346.793972,73.667981,70.49,optimal,406508.912253,-70.807478,-43.73403,-47.204985,-31.932784,-110.376362,-107.599598,-110.376362,-45.816603,-0.0,-0.0,-82.608724,-24.990874,-132.590473,-36.09793,-31.238593,-47.899176
26,1,7-Jan-13,13:00,0.06,850.872,1450.29,850.872,1450.29,-599.418,-946.211972,Charge,346.793972,346.793972,77.225169,73.98,optimal,406508.912253,-72.566632,-44.820567,-48.377755,-32.726128,-113.118574,-110.272824,-113.118574,-46.95488,-0.0,-0.0,-84.661071,-25.611753,-135.884576,-36.994754,-32.014691,-49.089193
27,1,7-Jan-13,13:30,0.06,832.132,1468.562,832.132,1468.562,-636.43,-983.223972,Charge,346.793972,346.793972,80.921499,77.57,optimal,406508.912253,-75.405147,-46.573767,-50.270098,-34.006243,-117.543317,-114.586252,-117.543317,-48.791566,-0.0,-0.0,-87.972671,-26.613581,-141.199834,-38.441839,-33.266976,-51.009364
28,1,7-Jan-13,14:00,0.06,867.434,1539.744,867.434,1539.744,-672.31,-1019.103972,Charge,346.793972,346.793972,84.752717,81.26,optimal,406508.912253,-78.156846,-48.273346,-52.104564,-35.247205,-121.83273,-118.767756,-121.83273,-50.572077,-0.0,-0.0,-91.182987,-27.584769,-146.352525,-39.844667,-34.480961,-52.870808
29,1,7-Jan-13,14:30,0.3,966.92,1537.734,966.92,1537.734,-570.814,-639.972794,Charge,69.158794,69.158794,87.15863,84.94,optimal,406508.912253,-49.08062,-30.314501,-32.720414,-22.134397,-76.508026,-74.583296,-76.508026,-31.758048,-0.0,-0.0,-57.260724,-17.322572,-91.905867,-25.021493,-21.653215,-33.201596
30,1,7-Jan-13,15:00,0.3,1001.206,1483.066,1001.206,1483.066,-481.86,-551.018794,Charge,69.158794,69.158794,89.230129,87.31,optimal,406508.912253,-42.258584,-26.10089,-28.172389,-19.057793,-65.873675,-64.216476,-65.873675,-27.34379,-0.0,-0.0,-49.301682,-14.914794,-79.13127,-21.543592,-18.643493,-28.586689
31,1,7-Jan-13,15:30,0.3,1117.768,1391.096,1117.768,1391.096,-273.328,-342.486794,Charge,69.158794,69.158794,90.517674,89.29,optimal,406508.912253,-26.265905,-16.223059,-17.510603,-11.845408,-40.94391,-39.913875,-40.94391,-16.995585,-0.0,-0.0,-30.643555,-9.270319,-49.184194,-13.390461,-11.587899,-17.768112
32,1,7-Jan-13,16:00,0.3,1215.124,1279.638,1215.124,1279.638,-64.514,-133.672794,Charge,69.158794,69.158794,91.020203,90.49,optimal,406508.912253,-10.251598,-6.331869,-6.834399,-4.62327,-15.980432,-15.578408,-15.980432,-6.633387,-0.0,-0.0,-11.960197,-3.618211,-19.196619,-5.226305,-4.522764,-6.934904
33,1,7-Jan-13,16:30,0.3,1177.174,1106.536,1177.174,1106.536,70.638,1.479206,Discharge,69.158794,69.158794,91.014642,90.93,optimal,406508.912253,0.113443,0.070068,0.075629,0.05116,0.176837,0.172389,0.176837,0.073404,0.0,0.0,0.13235,0.040039,0.212427,0.057834,0.050048,0.076741
34,1,7-Jan-13,17:00,0.3,1190.878,914.84,1190.878,914.84,276.038,206.879206,Discharge,69.158794,69.158794,90.236901,90.85,optimal,406508.912253,15.865924,9.799541,10.577283,7.155221,24.732176,24.109983,24.732176,10.266186,0.0,0.0,18.510245,5.599738,29.709721,8.08851,6.999672,10.732831
35,1,7-Jan-13,17:30,0.3,1282.982,728.164,1282.982,728.164,554.818,485.659206,Discharge,69.158794,69.158794,88.411114,89.96,optimal,406508.912253,37.246044,23.00491,24.830696,16.797236,58.06001,56.599381,58.06001,24.100382,0.0,0.0,43.453718,13.145663,69.745044,18.988179,16.432078,25.195854
36,1,7-Jan-13,18:00,0.3,1461.024,523.1,1461.024,523.1,937.924,868.765206,Discharge,69.158794,69.158794,85.14508,88.0,optimal,406508.912253,66.627106,41.152036,44.418071,30.047518,103.859901,101.247073,103.859901,43.111657,0.0,0.0,77.731624,23.515449,124.762522,33.96676,29.394311,45.071278
37,1,7-Jan-13,18:30,0.3,1475.752,325.53,1475.752,325.53,1150.222,1081.063206,Discharge,69.158794,69.158794,81.080932,84.64,optimal,406508.912253,82.908607,51.208257,55.272405,37.390156,129.239887,125.988569,129.239887,53.646746,0.0,0.0,96.726708,29.261861,155.25043,42.267133,36.577327,56.085234
38,1,7-Jan-13,19:00,0.3,1447.248,165.692,1447.248,165.692,1281.556,1212.397206,Discharge,69.158794,69.158794,76.523048,80.52,optimal,406508.912253,92.980838,57.429341,61.987226,41.932535,144.940719,141.294411,144.940719,60.164072,0.0,0.0,108.477645,32.816766,174.111178,47.401996,41.020958,62.898802
39,1,7-Jan-13,19:30,0.3,1341.372,67.068,1341.372,67.068,1274.304,1205.145206,Discharge,69.158794,69.158794,71.992427,75.97,optimal,406508.912253,92.42467,57.085826,61.616447,41.681714,144.07375,140.449253,144.07375,59.804198,0.0,0.0,107.828782,32.620472,173.069725,47.118459,40.77559,62.522571
40,1,7-Jan-13,20:00,0.3,1296.616,12.324,1296.616,12.324,1284.292,1215.133206,Discharge,69.158794,69.158794,67.424257,71.45,optimal,406508.912253,93.190667,57.558941,62.127111,42.027164,145.267804,141.613268,145.267804,60.299843,0.0,0.0,108.722445,32.890824,174.504092,47.508967,41.11353,63.040745
41,1,7-Jan-13,20:30,0.06,1239.91,0.068,1239.91,0.068,1239.842,893.048028,Discharge,346.793972,346.793972,64.066934,67.02,optimal,406508.912253,68.489398,42.302275,45.659598,30.887375,106.762885,104.077026,106.762885,44.316669,0.0,0.0,79.904297,24.172729,128.249754,34.916164,30.215911,46.331063
42,1,7-Jan-13,21:00,0.06,1251.986,0.264,1251.986,0.264,1251.722,904.928028,Discharge,346.793972,346.793972,60.664948,63.68,optimal,406508.912253,69.400495,42.865012,46.266997,31.298263,108.183125,105.461537,108.183125,44.906203,0.0,0.0,80.967245,24.494292,129.95583,35.380645,30.617866,46.947394
43,1,7-Jan-13,21:30,0.06,1205.092,0.168,1205.092,0.168,1204.924,858.130028,Discharge,346.793972,346.793972,57.438896,60.31,optimal,406508.912253,65.811476,40.648265,43.874317,29.679685,102.588477,100.007635,102.588477,42.583896,0.0,0.0,76.780055,23.22758,123.235215,33.550948,29.034475,44.519528
44,1,7-Jan-13,22:00,0.06,1250.378,0.0,1250.378,0.0,1250.378,903.584028,Discharge,346.793972,346.793972,54.041963,57.06,optimal,406508.912253,69.297422,42.801349,46.198281,31.251778,108.022452,105.304906,108.022452,44.839508,0.0,0.0,80.846992,24.457914,129.762819,35.328097,30.572392,46.877668
45,1,7-Jan-13,22:30,0.03,1158.618,0.066,1158.618,0.066,1158.552,464.714057,Discharge,693.837943,693.837943,52.294918,53.84,optimal,406508.912253,35.639725,22.012771,23.759816,16.072817,55.556041,54.158405,55.556041,23.060998,0.0,0.0,41.579679,12.578726,66.737131,18.169271,15.723408,24.109225
46,1,7-Jan-13,23:00,0.03,1021.238,0.258,1021.238,0.258,1020.98,327.142057,Discharge,693.837943,693.837943,51.065061,52.13,optimal,406508.912253,25.08909,15.496203,16.72606,11.314688,39.109464,38.125578,39.109464,16.234117,0.0,0.0,29.270605,8.854973,46.980551,12.790517,11.068716,16.972032
47,1,7-Jan-13,23:30,0.03,884.048,0.108,884.048,0.108,883.94,190.102057,Discharge,693.837943,693.837943,50.350391,50.95,optimal,406508.912253,14.579255,9.004834,9.719504,6.574958,22.726486,22.154751,22.726486,9.433636,0.0,0.0,17.009131,5.14562,27.300371,7.432562,6.432024,9.862438
48,1,8-Jan-13,0:00,0.03,787.258,0.216,787.258,0.216,787.042,93.204057,Discharge,693.837943,693.837943,50.0,50.25,optimal,406508.912253,7.14798,4.414929,4.76532,3.223599,11.14244,10.862127,11.14244,4.625164,0.0,0.0,8.33931,2.522817,13.384943,3.644068,3.153521,4.835398
49,2,8-Jan-13,0:30,0.03,757.586,0.176,757.586,0.176,757.41,-486.734927,Charge,1244.144927,1244.144927,51.829831,50.13,optimal,5739425.688652,-37.328543,-23.055865,-24.885696,-16.834441,-58.188612,-56.724747,-58.188612,-24.153763,-0.0,-0.0,-43.549967,-13.17478,-69.899527,-19.030238,-16.468475,-25.251662
50,2,8-Jan-13,1:00,0.03,684.528,0.0,684.528,0.0,684.528,-559.616927,Charge,1244.144927,1244.144927,53.933654,51.97,optimal,5739425.688652,-42.91799,-26.50817,-28.611993,-19.355172,-66.901572,-65.218514,-66.901572,-27.770464,-0.0,-0.0,-50.070988,-15.147526,-80.36604,-21.87976,-18.934407,-29.032758
51,2,8-Jan-13,1:30,0.03,601.122,0.164,601.122,0.164,600.958,-643.186927,Charge,1244.144927,1244.144927,56.35165,54.11,optimal,5739425.688652,-49.327118,-30.466749,-32.884745,-22.245563,-76.892272,-74.957875,-76.892272,-31.917547,-0.0,-0.0,-57.548304,-17.409571,-92.367446,-25.147158,-21.761964,-33.368344
52,2,8-Jan-13,2:00,0.03,559.964,0.156,559.964,0.156,559.808,-684.336927,Charge,1244.144927,1244.144927,58.924345,56.53,optimal,5739425.688652,-52.482982,-32.41596,-34.988655,-23.668796,-81.811708,-79.753552,-81.811708,-33.959577,-0.0,-0.0,-61.230146,-18.523406,-98.276957,-26.75603,-23.154257,-35.503194
53,2,8-Jan-13,2:30,0.03,585.936,0.296,585.936,0.296,585.64,-658.504927,Charge,1244.144927,1244.144927,61.399927,59.07,optimal,5739425.688652,-50.501882,-31.192339,-33.667921,-22.775358,-78.723521,-76.743055,-78.723521,-32.677688,-0.0,-0.0,-58.918862,-17.824194,-94.567249,-25.746057,-22.280242,-34.163038
54,2,8-Jan-13,3:00,0.03,558.69,0.2,558.69,0.2,558.49,-685.654927,Charge,1244.144927,1244.144927,63.977577,61.58,optimal,5739425.688652,-52.584062,-32.478391,-35.056041,-23.714381,-81.969273,-79.907153,-81.969273,-34.024981,-0.0,-0.0,-61.348072,-18.559081,-98.466234,-26.807561,-23.198851,-35.571571
55,2,8-Jan-13,3:30,0.03,575.054,0.0,575.054,0.0,575.054,-669.090927,Charge,1244.144927,1244.144927,66.492957,64.17,optimal,5739425.688652,-51.31374,-31.693781,-34.20916,-23.141491,-79.989066,-77.976762,-79.989066,-33.203008,-0.0,-0.0,-59.86603,-18.110732,-96.087494,-26.159946,-22.638415,-34.712236
56,2,8-Jan-13,4:00,0.03,568.032,0.06,568.032,0.06,567.972,-676.172927,Charge,1244.144927,1244.144927,69.03496,66.67,optimal,5739425.688652,-51.856871,-32.029244,-34.571247,-23.386432,-80.835711,-78.802108,-80.835711,-33.554446,-0.0,-0.0,-60.499683,-18.302425,-97.104533,-26.436836,-22.878031,-35.079648
57,2,8-Jan-13,4:30,0.03,571.316,0.108,571.316,0.108,571.208,-672.936927,Charge,1244.144927,1244.144927,71.564798,69.22,optimal,5739425.688652,-51.608697,-31.87596,-34.405798,-23.27451,-80.448851,-78.42498,-80.448851,-33.393863,-0.0,-0.0,-60.210146,-18.214834,-96.639814,-26.310316,-22.768543,-34.911765
58,2,8-Jan-13,5:00,0.03,560.216,0.44,560.216,0.44,559.776,-684.368927,Charge,1244.144927,1244.144927,74.137614,71.77,optimal,5739425.688652,-52.485436,-32.417475,-34.990291,-23.669903,-81.815533,-79.757281,-81.815533,-33.961165,-0.0,-0.0,-61.233009,-18.524272,-98.281553,-26.757281,-23.15534,-35.504854
59,2,8-Jan-13,5:30,0.03,559.922,0.232,559.922,0.232,559.69,-684.454927,Charge,1244.144927,1244.144927,76.710753,74.32,optimal,5739425.688652,-52.492032,-32.421549,-34.994688,-23.672877,-81.825815,-79.767304,-81.825815,-33.965432,-0.0,-0.0,-61.240704,-18.5266,-98.293903,-26.760644,-23.158249,-35.509316
60,2,8-Jan-13,6:00,0.03,587.524,0.228,587.524,0.228,587.296,-656.848927,Charge,1244.144927,1244.144927,79.180109,76.86,optimal,5739425.688652,-50.37488,-31.113897,-33.583253,-22.718083,-78.525548,-76.550063,-78.525548,-32.595511,-0.0,-0.0,-58.770693,-17.779369,-94.329432,-25.681311,-22.224212,-34.077125
61,2,8-Jan-13,6:30,0.03,604.91,9.206,604.91,9.206,595.704,-648.440927,Charge,1244.144927,1244.144927,81.617857,79.31,optimal,5739425.688652,-49.730056,-30.715623,-33.153371,-22.42728,-77.520381,-75.570183,-77.520381,-32.178272,-0.0,-0.0,-58.018399,-17.551784,-93.121968,-25.352578,-21.939731,-33.64092
62,2,8-Jan-13,7:00,0.03,661.894,64.44,661.894,64.44,597.454,-646.690927,Charge,1244.144927,1244.144927,84.049026,81.76,optimal,5739425.688652,-49.595846,-30.632728,-33.063897,-22.366754,-77.311171,-75.366236,-77.311171,-32.091429,-0.0,-0.0,-57.86182,-17.504416,-92.870652,-25.284157,-21.88052,-33.550131
63,2,8-Jan-13,7:30,0.06,689.118,175.972,689.118,175.972,513.146,-108.801463,Charge,621.947463,621.947463,84.458054,84.01,optimal,5739425.688652,-8.344172,-5.153754,-5.562782,-3.763058,-13.007092,-12.67987,-13.007092,-5.39917,-0.0,-0.0,-9.734868,-2.945002,-15.624872,-4.253892,-3.681253,-5.644587
64,2,8-Jan-13,8:00,0.06,743.098,314.808,743.098,314.808,428.29,-193.657463,Charge,621.947463,621.947463,85.18609,84.43,optimal,5739425.688652,-14.851926,-9.173248,-9.901284,-6.697927,-23.151531,-22.569103,-23.151531,-9.61007,-0.0,-0.0,-17.327247,-5.241856,-27.810959,-7.57157,-6.55232,-10.046891
65,2,8-Jan-13,8:30,0.06,823.554,443.502,823.554,443.502,380.052,-241.895463,Charge,621.947463,621.947463,86.095471,85.19,optimal,5739425.688652,-18.551381,-11.458206,-12.367588,-8.366309,-28.91833,-28.190825,-28.91833,-12.003835,-0.0,-0.0,-21.643278,-6.547546,-34.738371,-9.457567,-8.184433,-12.549464
66,2,8-Jan-13,9:00,0.06,851.35,595.642,851.35,595.642,255.708,-366.239463,Charge,621.947463,621.947463,87.472311,86.16,optimal,5739425.688652,-28.087538,-17.348185,-18.725025,-12.666929,-43.783515,-42.682043,-43.783515,-18.174289,-0.0,-0.0,-32.768794,-9.913249,-52.595291,-14.319137,-12.391561,-19.000393
67,2,8-Jan-13,9:30,0.06,888.854,789.788,888.854,789.788,99.066,-522.881463,Charge,621.947463,621.947463,89.438031,87.6,optimal,5739425.688652,-40.100684,-24.768069,-26.733789,-18.084622,-62.509889,-60.937313,-62.509889,-25.947501,-0.0,-0.0,-46.784131,-14.153182,-75.090496,-20.443486,-17.691478,-27.126933
68,2,8-Jan-13,10:00,0.06,993.1,982.948,993.1,982.948,10.152,-611.795463,Charge,621.947463,621.947463,91.738014,89.59,optimal,5739425.688652,-46.919652,-28.979785,-31.279768,-21.159843,-73.139458,-71.299471,-73.139458,-30.359775,-0.0,-0.0,-54.739594,-16.559877,-87.859349,-23.919823,-20.699847,-31.739765
69,2,8-Jan-13,10:30,0.06,1218.084,1036.966,1218.084,1036.966,181.118,-440.829463,Charge,621.947463,621.947463,93.395268,91.83,optimal,5739425.688652,-33.807974,-20.881396,-22.538649,-15.246733,-52.700665,-51.374862,-52.700665,-21.875748,-0.0,-0.0,-39.442636,-11.932226,-63.307088,-17.235438,-14.915283,-22.8701
70,2,8-Jan-13,11:00,0.06,1283.24,1090.962,1283.24,1090.962,192.278,-429.669463,Charge,621.947463,621.947463,95.010566,93.49,optimal,5739425.688652,-32.952094,-20.352764,-21.968063,-14.860748,-51.3665,-50.074261,-51.3665,-21.321943,-0.0,-0.0,-38.44411,-11.630151,-61.704412,-16.799107,-14.537689,-22.291123
71,2,8-Jan-13,11:30,0.06,1446.28,1178.128,1446.28,1178.128,268.152,-353.795463,Charge,621.947463,621.947463,96.340625,95.08,optimal,5739425.688652,-27.133186,-16.758732,-18.088791,-12.236535,-42.295849,-41.231802,-42.295849,-17.556767,-0.0,-0.0,-31.655384,-9.576419,-50.808221,-13.832605,-11.970523,-18.354802
72,2,8-Jan-13,12:00,0.06,1578.538,1355.272,1578.538,1355.272,223.266,-398.681463,Charge,621.947463,621.947463,97.839427,96.42,optimal,5739425.688652,-30.575571,-18.884911,-20.383714,-13.788983,-47.661919,-46.462877,-47.661919,-19.784193,-0.0,-0.0,-35.671499,-10.791378,-57.254255,-15.587546,-13.489222,-20.683474
73,2,8-Jan-13,12:30,0.06,1841.69,1500.324,1841.69,1500.324,341.366,-280.581463,Charge,621.947463,621.947463,98.894245,97.9,optimal,5739425.688652,-21.518278,-13.290701,-14.345518,-9.704321,-33.543198,-32.699343,-33.543198,-13.923591,-0.0,-0.0,-25.104657,-7.594686,-40.29403,-10.970102,-9.493358,-14.556482
74,2,8-Jan-13,13:00,0.06,1973.82,1516.364,1973.82,1516.364,457.456,-164.491463,Charge,621.947463,621.947463,99.512634,98.93,optimal,5739425.688652,-12.615135,-7.791701,-8.41009,-5.689178,-19.664769,-19.170058,-19.664769,-8.162734,-0.0,-0.0,-14.717657,-4.452401,-23.622458,-6.431245,-5.565501,-8.533768
75,2,8-Jan-13,13:30,0.06,2069.084,1576.776,2069.084,1576.776,492.308,-129.639463,Charge,621.947463,621.947463,100.0,99.56,optimal,5739425.688652,-9.942275,-6.140817,-6.628183,-4.483771,-15.498252,-15.108359,-15.498252,-6.433237,-0.0,-0.0,-11.59932,-3.509038,-18.617397,-5.068611,-4.386298,-6.725656
76,2,8-Jan-13,14:00,0.06,2252.562,1550.002,2252.562,1550.002,702.56,0.0,Idle,702.56,702.56,100.0,100.0,optimal,5739425.688652,0.0,0.0,0.0,0.0,0.0,0.0,0.0,0.0,0.0,0.0,0.0,0.0,0.0,0.0,0.0,0.0
77,2,8-Jan-13,14:30,0.3,2376.652,1383.374,2376.652,1383.374,993.278,523.983917,Discharge,469.294083,469.294083,98.030136,99.8,optimal,5739425.688652,40.185233,24.820291,26.790155,18.122752,62.641686,61.065795,62.641686,26.002209,0.0,0.0,46.882771,14.183023,75.248818,20.486589,17.728779,27.184128
78,2,8-Jan-13,15:00,0.3,2483.374,1253.08,2483.374,1253.08,1230.294,760.999917,Discharge,469.294083,469.294083,95.169234,97.75,optimal,5739425.688652,58.3624,36.047364,38.908266,26.320298,90.976682,88.68796,90.976682,37.763906,0.0,0.0,68.089466,20.598494,109.286454,29.75338,25.748117,39.480447
79,2,8-Jan-13,15:30,0.3,2550.682,1185.186,2550.682,1185.186,1365.496,896.201917,Discharge,469.294083,469.294083,91.800054,94.85,optimal,5739425.688652,68.731275,42.45167,45.82085,30.996457,107.139928,104.444584,107.139928,44.473178,0.0,0.0,80.186487,24.258097,128.702681,35.039473,30.322621,46.494686
80,2,8-Jan-13,16:00,0.3,2615.23,1134.09,2615.23,1134.09,1481.14,1011.845917,Discharge,469.294083,469.294083,87.996122,91.43,optimal,5739425.688652,77.600213,47.929543,51.733475,34.996175,120.965038,117.921893,120.965038,50.211903,0.0,0.0,90.533582,27.388311,145.310203,39.560893,34.235388,52.494262
81,2,8-Jan-13,16:30,0.3,2676.102,991.514,2676.102,991.514,1684.588,1215.293917,Discharge,469.294083,469.294083,83.427347,87.53,optimal,5739425.688652,93.202992,57.566554,62.135328,42.032722,145.287017,141.631998,145.287017,60.307818,0.0,0.0,108.736824,32.895174,174.527171,47.515251,41.118967,63.049083
82,2,8-Jan-13,17:00,0.3,2840.86,774.424,2840.86,774.424,2066.436,1597.141917,Discharge,469.294083,469.294083,77.423055,82.83,optimal,5739425.688652,122.487576,75.654091,81.658384,55.239495,190.936515,186.133081,190.936515,79.256667,0.0,0.0,142.902171,43.230909,229.36399,62.444646,54.038636,82.859242
83,2,8-Jan-13,17:30,0.3,2979.258,591.472,2979.258,591.472,2387.786,1918.491917,Discharge,469.294083,469.294083,70.210679,76.72,optimal,5739425.688652,147.132463,90.875933,98.088309,66.353856,229.353545,223.583644,229.353545,95.203358,0.0,0.0,171.65454,51.929105,275.512749,75.008707,64.911381,99.530784
84,2,8-Jan-13,18:00,0.3,3124.774,388.886,3124.774,388.886,2735.888,2266.593917,Discharge,469.294083,469.294083,61.689649,69.38,optimal,5739425.688652,173.829007,107.364975,115.886005,78.393474,270.968746,264.151923,270.968746,112.477593,0.0,0.0,202.800508,61.351414,325.503337,88.61871,76.689268,117.590211
85,2,8-Jan-13,18:30,0.3,3289.958,272.084,3289.958,272.084,3017.874,2548.579917,Discharge,469.294083,469.294083,52.108522,60.75,optimal,5739425.688652,195.455001,120.722207,130.303334,88.146373,304.679855,297.014953,304.679855,126.470883,0.0,0.0,228.030835,68.984118,365.999071,99.643726,86.230148,132.21956
86,2,8-Jan-13,19:00,0.3,3254.864,165.43,3254.864,165.43,3089.434,2620.139917,Discharge,469.294083,469.294083,42.258372,51.16,optimal,5739425.688652,200.943061,124.111891,133.962041,90.621381,313.234772,305.354652,313.234772,130.021981,0.0,0.0,234.433571,70.92108,376.275732,102.441561,88.651351,135.932071
87,2,8-Jan-13,19:30,0.3,3290.296,65.964,3290.296,65.964,3224.332,2755.037917,Discharge,469.294083,469.294083,31.901086,41.26,optimal,5739425.688652,211.288622,130.501796,140.859081,95.287026,329.361676,321.075847,329.361676,136.716167,0.0,0.0,246.503393,74.572455,395.648302,107.715768,93.215569,142.930539
88,2,8-Jan-13,20:00,0.3,3289.316,13.89,3289.316,13.89,3275.426,2806.131917,Discharge,469.294083,469.294083,21.351718,30.9,optimal,5739425.688652,215.207109,132.922038,143.471406,97.054187,335.469906,327.030411,335.469906,139.251659,0.0,0.0,251.074961,75.95545,402.985862,109.713428,94.944313,145.58128
89,2,8-Jan-13,20:30,0.06,3251.492,0.196,3251.492,0.196,3251.296,903.825583,Discharge,2347.470417,2347.470417,17.953878,21.07,optimal,5739425.688652,69.315947,42.812791,46.210631,31.260133,108.051329,105.333057,108.051329,44.851495,0.0,0.0,80.868605,24.464452,129.797509,35.337542,30.580565,46.890199
90,2,8-Jan-13,21:00,0.06,3191.914,0.172,3191.914,0.172,3191.742,844.271583,Discharge,2347.470417,2347.470417,14.779924,17.71,optimal,5739425.688652,64.748648,39.991812,43.165765,29.200371,100.931716,98.392553,100.931716,41.896184,0.0,0.0,75.540089,22.852464,121.245017,33.009115,28.56558,43.800556
91,2,8-Jan-13,21:30,0.06,2980.566,0.272,2980.566,0.272,2980.294,632.823583,Discharge,2347.470417,2347.470417,12.400888,14.6,optimal,5739425.688652,48.532335,29.975854,32.35489,21.887131,75.653346,73.750117,75.653346,31.403276,0.0,0.0,56.621057,17.129059,90.879176,24.741975,21.411324,32.830697
92,2,8-Jan-13,22:00,0.06,2861.296,0.174,2861.296,0.174,2861.122,513.651583,Discharge,2347.470417,2347.470417,10.469867,12.25,optimal,5739425.688652,39.392828,24.330864,26.261885,17.765393,61.406467,59.861651,61.406467,25.489477,0.0,0.0,45.9583,13.903351,73.765002,20.082618,17.379189,26.64809
93,2,8-Jan-13,22:30,0.03,2487.95,0.234,2487.95,0.234,2487.716,-2207.474833,Charge,4695.190833,4695.190833,18.768645,11.36,optimal,5739425.688652,-169.295062,-104.564597,-112.863375,-76.348754,-263.901127,-257.262105,-263.901127,-109.543864,-0.0,-0.0,-197.510906,-59.751198,-317.013303,-86.307287,-74.688998,-114.52313
94,2,8-Jan-13,23:00,0.03,2227.222,0.124,2227.222,0.124,2227.098,-2468.092833,Charge,4695.190833,4695.190833,28.047189,19.74,optimal,5739425.688652,-189.282308,-116.909661,-126.188205,-85.362609,-295.057715,-287.634879,-295.057715,-122.476787,-0.0,-0.0,-220.829359,-66.80552,-354.440399,-96.496863,-83.5069,-128.043914
95,2,8-Jan-13,23:30,0.03,1848.324,0.16,1848.324,0.16,1848.164,-2847.026833,Charge,4695.190833,4695.190833,38.750298,29.15,optimal,5739425.688652,-218.343411,-134.859166,-145.562274,-98.468597,-340.358847,-331.79636,-340.358847,-141.281031,-0.0,-0.0,-254.73398,-77.06238,-408.858741,-111.312327,-96.327976,-147.702896
96,2,9-Jan-13,0:00,0.03,1702.788,0.018,1702.788,0.018,1702.77,-2992.420833,Charge,4695.190833,4695.190833,50.0,39.89,optimal,5739425.688652,-229.493929,-141.74625,-152.995952,-103.497262,-357.740536,-348.740774,-357.740536,-148.496071,-0.0,-0.0,-267.742917,-80.997857,-429.738631,-116.996905,-101.247321,-155.245893
97,3,9-Jan-13,0:30,0.03,1505.618,0.108,1505.618,0.108,1505.51,524.405674,Discharge,981.104326,981.104326,48.02855,49.8,optimal,813645.572143,40.217578,24.840269,26.811719,18.137339,62.692107,61.114947,62.692107,26.023139,0.0,0.0,46.920508,14.194439,75.309386,20.503079,17.743049,27.206009
98,3,9-Jan-13,1:00,0.03,1455.584,0.126,1455.584,0.126,1455.458,474.353674,Discharge,981.104326,981.104326,46.245266,47.86,optimal,813645.572143,36.379004,22.469385,24.252669,16.406217,56.708447,55.281819,56.708447,23.539355,0.0,0.0,42.442171,12.839648,68.121467,18.546159,16.04956,24.609326
99,3,9-Jan-13,1:30,0.03,1345.458,0.144,1345.458,0.144,1345.314,364.209674,Discharge,981.104326,981.104326,44.876056,46.13,optimal,813645.572143,27.93187,17.252037,18.621246,12.596726,43.540856,42.445488,43.540856,18.073563,0.0,0.0,32.587181,9.858307,52.303795,14.239777,12.322884,18.895088
100,3,9-Jan-13,2:00,0.03,1233.96,0.18,1233.96,0.18,1233.78,252.675674,Discharge,981.104326,981.104326,43.926148,44.8,optimal,813645.572143,19.378134,11.968848,12.918756,8.739159,30.207092,29.447165,30.207092,12.538793,0.0,0.0,22.607823,6.839342,36.286507,9.879049,8.549177,13.108738
101,3,9-Jan-13,2:30,0.03,1231.682,0.108,1231.682,0.108,1231.574,250.469674,Discharge,981.104326,981.104326,42.984532,43.87,optimal,813645.572143,19.208952,11.864353,12.805968,8.662861,29.943367,29.190075,29.943367,12.429322,0.0,0.0,22.410444,6.77963,35.969705,9.792799,8.474538,12.994291
102,3,9-Jan-13,3:00,0.03,1217.866,0.382,1217.866,0.382,1217.484,236.379674,Discharge,981.104326,981.104326,42.095887,42.94,optimal,813645.572143,18.128366,11.196932,12.085577,8.175538,28.258923,27.548007,28.258923,11.730119,0.0,0.0,21.14976,6.398247,33.946254,9.241912,7.997809,12.263306
103,3,9-Jan-13,3:30,0.03,1142.642,0.108,1142.642,0.108,1142.534,161.429674,Discharge,981.104326,981.104326,41.489009,42.09,optimal,813645.572143,12.380321,7.646669,8.253547,5.583282,19.298735,18.813233,19.298735,8.010796,0.0,0.0,14.443708,4.369525,23.182758,6.311536,5.461906,8.374923
104,3,9-Jan-13,4:00,0.03,1068.226,0.404,1068.226,0.404,1067.822,86.717674,Discharge,981.104326,981.104326,41.163002,41.53,optimal,813645.572143,6.650528,4.107679,4.433686,2.999258,10.367,10.106195,10.367,4.303283,0.0,0.0,7.75895,2.347245,12.45344,3.390465,2.934057,4.498887
105,3,9-Jan-13,4:30,0.03,1022.156,0.114,1022.156,0.114,1022.042,40.937674,Discharge,981.104326,981.104326,41.009101,41.2,optimal,813645.572143,3.139581,1.939153,2.093054,1.415889,4.894053,4.770932,4.894053,2.031494,0.0,0.0,3.662844,1.108087,5.879019,1.600571,1.385109,2.123834
106,3,9-Jan-13,5:00,0.03,988.068,0.12,988.068,0.12,987.948,6.843674,Discharge,981.104326,981.104326,40.983373,41.07,optimal,813645.572143,0.524853,0.324174,0.349902,0.236698,0.818153,0.797571,0.818153,0.339611,0.0,0.0,0.612329,0.185242,0.982813,0.267572,0.231553,0.355048
107,3,9-Jan-13,5:30,0.03,936.502,0.048,936.502,0.048,936.454,-44.650326,Charge,981.104326,981.104326,41.151232,41.04,optimal,813645.572143,-3.424311,-2.115015,-2.282874,-1.544297,-5.337896,-5.203609,-5.337896,-2.21573,-0.0,-0.0,-3.995029,-1.20858,-6.41219,-1.745727,-1.510725,-2.316445
108,3,9-Jan-13,6:00,0.03,856.426,0.324,856.426,0.324,856.102,-125.002326,Charge,981.104326,981.104326,41.621165,41.22,optimal,813645.572143,-9.586645,-5.921163,-6.391096,-4.323389,-14.943887,-14.56794,-14.943887,-6.203123,-0.0,-0.0,-11.184419,-3.383522,-17.951462,-4.887309,-4.229402,-6.485083
109,3,9-Jan-13,6:30,0.03,786.948,6.454,786.948,6.454,780.494,-200.610326,Charge,981.104326,981.104326,42.375339,41.73,optimal,813645.572143,-15.385153,-9.502594,-10.256769,-6.938402,-23.982738,-23.379399,-23.982738,-9.955099,-0.0,-0.0,-17.949345,-5.430054,-28.809453,-7.843411,-6.787567,-10.407603
110,3,9-Jan-13,7:00,0.03,849.116,59.264,849.116,59.264,789.852,-191.252326,Charge,981.104326,981.104326,43.094333,42.47,optimal,813645.572143,-14.667472,-9.059321,-9.778314,-6.614742,-22.864,-22.288805,-22.864,-9.490717,-0.0,-0.0,-17.11205,-5.176755,-27.46556,-7.477535,-6.470943,-9.922113
111,3,9-Jan-13,7:30,0.06,827.288,141.474,827.288,141.474,685.814,195.386837,Discharge,490.427163,490.427163,42.359796,43.06,optimal,813645.572143,14.984554,9.255166,9.989703,6.75774,23.358276,22.770646,23.358276,9.695888,0.0,0.0,17.48198,5.288666,28.059313,7.639185,6.610833,10.13661
112,3,9-Jan-13,8:00,0.06,751.676,256.836,751.676,256.836,494.84,4.412837,Discharge,490.427163,490.427163,42.343206,42.39,optimal,813645.572143,0.338428,0.209029,0.225619,0.152624,0.52755,0.514278,0.52755,0.218983,0.0,0.0,0.394833,0.119445,0.633723,0.172532,0.149307,0.228937
113,3,9-Jan-13,8:30,0.06,774.422,357.312,774.422,357.312,417.11,-73.317163,Charge,490.427163,490.427163,42.618835,42.42,optimal,813645.572143,-5.62282,-3.472918,-3.748547,-2.535782,-8.764984,-8.544481,-8.764984,-3.638295,-0.0,-0.0,-6.559957,-1.984525,-10.529006,-2.866536,-2.480656,-3.803672
114,3,9-Jan-13,9:00,0.06,815.3,485.542,815.3,485.542,329.758,-160.669163,Charge,490.427163,490.427163,43.222854,42.75,optimal,813645.572143,-12.321996,-7.610645,-8.214664,-5.556979,-19.207817,-18.724602,-19.207817,-7.973056,-0.0,-0.0,-14.375662,-4.34894,-23.073541,-6.281802,-5.436175,-8.335468
115,3,9-Jan-13,9:30,0.06,812.048,617.354,812.048,617.354,194.694,-295.733163,Charge,490.427163,490.427163,44.334633,43.39,optimal,813645.572143,-22.680288,-14.008413,-15.120192,-10.228365,-35.354566,-34.465143,-35.354566,-14.67548,-0.0,-0.0,-26.460336,-8.004807,-42.46995,-11.5625,-10.006009,-15.342548
116,3,9-Jan-13,10:00,0.06,766.926,709.204,766.926,709.204,57.722,-432.705163,Charge,490.427163,490.427163,45.961344,44.57,optimal,813645.572143,-33.184907,-20.49656,-22.123271,-14.965742,-51.729414,-50.428045,-51.729414,-21.472587,-0.0,-0.0,-38.715725,-11.71232,-62.140366,-16.917796,-14.6404,-22.448614
117,3,9-Jan-13,10:30,0.06,798.404,795.328,798.404,795.328,3.076,-487.351163,Charge,490.427163,490.427163,47.793491,46.2,optimal,813645.572143,-37.375803,-23.085055,-24.917202,-16.855755,-58.262282,-56.796564,-58.262282,-24.184343,-0.0,-0.0,-43.605104,-13.19146,-69.988024,-19.054331,-16.489325,-25.283632
118,3,9-Jan-13,11:00,0.06,797.428,904.484,797.428,904.484,-107.056,-597.483163,Charge,490.427163,490.427163,50.039669,48.06,optimal,813645.572143,-45.822017,-28.301834,-30.548011,-20.664831,-71.428438,-69.631496,-71.428438,-29.64954,-0.0,-0.0,-53.45902,-16.172477,-85.803973,-23.360244,-20.215596,-30.997247
119,3,9-Jan-13,11:30,0.06,796.616,971.204,796.616,971.204,-174.588,-665.015163,Charge,490.427163,490.427163,52.539726,50.34,optimal,813645.572143,-51.001163,-31.500718,-34.000775,-23.000524,-79.501813,-77.501767,-79.501813,-33.000752,-0.0,-0.0,-59.501357,-18.00041,-95.502178,-26.000593,-22.500513,-34.500787
120,3,9-Jan-13,12:00,0.06,819.762,995.868,819.762,995.868,-176.106,-666.533163,Charge,490.427163,490.427163,55.045489,52.84,optimal,813645.572143,-51.117581,-31.572624,-34.078387,-23.053027,-79.683288,-77.678677,-79.683288,-33.076082,-0.0,-0.0,-59.637178,-18.041499,-95.720176,-26.059943,-22.551874,-34.57954
121,3,9-Jan-13,12:30,0.06,854.308,1076.53,854.308,1076.53,-222.222,-712.649163,Charge,490.427163,490.427163,57.724622,55.36,optimal,813645.572143,-54.654297,-33.757066,-36.436198,-24.648016,-85.196404,-83.053098,-85.196404,-35.364545,-0.0,-0.0,-63.763346,-19.289752,-102.34285,-27.862975,-24.11219,-36.972024
122,3,9-Jan-13,13:00,0.06,826.406,1136.318,826.406,1136.318,-309.912,-800.339163,Charge,490.427163,490.427163,60.733416,58.09,optimal,813645.572143,-61.379394,-37.910802,-40.919596,-27.680903,-95.679644,-93.272609,-95.679644,-39.716079,-0.0,-0.0,-71.609294,-21.663316,-114.935925,-31.291456,-27.079145,-41.521355
123,3,9-Jan-13,13:30,0.06,788.852,1158.078,788.852,1158.078,-369.226,-859.653163,Charge,490.427163,490.427163,63.965194,61.1,optimal,813645.572143,-65.928288,-40.720413,-43.952192,-29.732365,-102.770566,-100.185143,-102.770566,-42.65948,-0.0,-0.0,-76.916336,-23.268807,-123.45395,-33.6105,-29.086009,-44.598548
124,3,9-Jan-13,14:00,0.06,778.816,985.614,778.816,985.614,-206.798,-697.225163,Charge,490.427163,490.427163,66.586342,64.27,optimal,813645.572143,-53.471403,-33.026455,-35.647602,-24.114555,-83.352482,-81.255564,-83.352482,-34.599143,-0.0,-0.0,-62.383304,-18.87226,-100.127824,-27.259931,-23.590325,-36.171832
125,3,9-Jan-13,14:30,0.3,757.296,1010.638,757.296,1010.638,-253.342,-351.227433,Charge,97.885433,97.885433,67.906745,66.74,optimal,813645.572143,-26.936239,-16.637089,-17.957493,-12.147716,-41.988843,-40.93252,-41.988843,-17.429331,-0.0,-0.0,-31.425612,-9.506908,-50.439428,-13.7322,-11.883635,-18.221574
126,3,9-Jan-13,15:00,0.3,789.612,1031.416,789.612,1031.416,-241.804,-339.689433,Charge,97.885433,97.885433,69.183773,68.06,optimal,813645.572143,-26.05137,-16.090552,-17.36758,-11.748657,-40.609489,-39.587866,-40.609489,-16.856769,-0.0,-0.0,-30.393265,-9.194601,-48.782467,-13.281091,-11.493251,-17.622986
127,3,9-Jan-13,15:30,0.3,808.372,944.736,808.372,944.736,-136.364,-234.249433,Charge,97.885433,97.885433,70.06441,69.3,optimal,813645.572143,-17.964994,-11.096026,-11.976663,-8.10186,-28.004255,-27.299746,-28.004255,-11.624408,-0.0,-0.0,-20.95916,-6.340586,-33.640332,-9.158624,-7.925733,-12.15279
128,3,9-Jan-13,16:00,0.3,833.384,759.524,833.384,759.524,73.86,-24.025433,Charge,97.885433,97.885433,70.154732,70.1,optimal,813645.572143,-1.842552,-1.138047,-1.228368,-0.830955,-2.872213,-2.799956,-2.872213,-1.19224,-0.0,-0.0,-2.149644,-0.650312,-3.450269,-0.93934,-0.812891,-1.246432
129,3,9-Jan-13,16:30,0.3,795.028,649.704,795.028,649.704,145.324,47.438567,Discharge,97.885433,97.885433,69.976391,70.17,optimal,813645.572143,3.638146,2.24709,2.425431,1.640732,5.671227,5.528555,5.671227,2.354094,0.0,0.0,4.244503,1.284051,6.812606,1.854741,1.605064,2.461099
130,3,9-Jan-13,17:00,0.3,858.284,605.774,858.284,605.774,252.51,154.624567,Discharge,97.885433,97.885433,69.395096,69.94,optimal,813645.572143,11.858425,7.324322,7.905617,5.347917,18.485193,18.020156,18.485193,7.673099,0.0,0.0,13.83483,4.185327,22.205483,6.045472,5.231658,8.021876
131,3,9-Jan-13,17:30,0.3,879.684,491.478,879.684,491.478,388.206,290.320567,Discharge,97.885433,97.885433,68.303665,69.3,optimal,813645.572143,22.265186,13.752027,14.843458,10.041162,34.707496,33.834352,34.707496,14.406885,0.0,0.0,25.976051,7.858301,41.692653,11.350879,9.822876,15.061744
132,3,9-Jan-13,18:00,0.3,936.972,292.128,936.972,292.128,644.844,546.958567,Discharge,97.885433,97.885433,66.24743,68.12,optimal,813645.572143,41.947198,25.908564,27.964799,18.917364,65.38828,63.743292,65.38828,27.142305,0.0,0.0,48.938398,14.804894,78.548185,21.384846,18.506117,28.376046
133,3,9-Jan-13,18:30,0.3,1028.216,126.16,1028.216,126.16,902.056,804.170567,Discharge,97.885433,97.885433,63.224232,65.96,optimal,813645.572143,61.673231,38.09229,41.115488,27.813418,96.137684,93.719126,96.137684,39.906209,0.0,0.0,71.952103,21.767023,115.486149,31.441255,27.208779,41.720127
134,3,9-Jan-13,19:00,0.3,1019.526,50.478,1019.526,50.478,969.048,871.162567,Discharge,97.885433,97.885433,59.949185,62.9,optimal,813645.572143,66.810964,41.265595,44.540643,30.130435,104.146502,101.526465,104.146502,43.230624,0.0,0.0,77.946124,23.58034,125.106805,34.060491,29.475425,45.195652
135,3,9-Jan-13,19:30,0.3,949.052,12.596,949.052,12.596,936.456,838.570567,Discharge,97.885433,97.885433,56.796664,59.63,optimal,813645.572143,64.311427,39.721764,42.874285,29.003193,100.250166,97.728149,100.250166,41.613276,0.0,0.0,75.029998,22.698151,120.4263,32.786218,28.372688,43.504789
136,3,9-Jan-13,20:00,0.3,912.414,0.392,912.414,0.392,912.022,814.136567,Discharge,97.885433,97.885433,53.736,56.5,optimal,813645.572143,62.437541,38.564364,41.625028,28.158107,97.329108,94.880577,97.329108,40.400762,0.0,0.0,72.843798,22.036779,116.917357,31.830903,27.545974,42.23716
137,3,9-Jan-13,20:30,0.06,952.766,0.452,952.766,0.452,952.314,461.886837,Discharge,490.427163,490.427163,51.999583,53.6,optimal,813645.572143,35.4229,21.87885,23.615267,15.975033,55.21805,53.828917,55.21805,22.9207,0.0,0.0,41.326717,12.5022,66.331117,18.058733,15.62775,23.96255
138,3,9-Jan-13,21:00,0.06,956.926,0.296,956.926,0.296,956.63,466.202837,Discharge,490.427163,490.427163,50.246941,51.88,optimal,813645.572143,35.753902,22.083292,23.835935,16.124309,55.734023,54.33191,55.734023,23.134878,0.0,0.0,41.712885,12.619024,66.950934,18.227479,15.77378,24.186463
139,3,9-Jan-13,21:30,0.06,930.438,0.276,930.438,0.276,930.162,439.734837,Discharge,490.427163,490.427163,48.593803,50.12,optimal,813645.572143,33.724025,20.829545,22.482683,15.208874,52.569804,51.247293,52.569804,21.821428,0.0,0.0,39.344696,11.902597,63.14989,17.19264,14.878246,22.813311
140,3,9-Jan-13,22:00,0.06,862.72,0.272,862.72,0.272,862.448,372.020837,Discharge,490.427163,490.427163,47.195228,48.48,optimal,813645.572143,28.530921,17.62204,19.020614,12.866886,44.474671,43.355812,44.474671,18.461184,0.0,0.0,33.286075,10.069737,53.425549,14.545176,12.587171,19.300329
141,3,9-Jan-13,22:30,0.03,869.446,0.166,869.446,0.166,869.28,-111.824326,Charge,981.104326,981.104326,47.61562,47.24,optimal,813645.572143,-8.576001,-5.296942,-5.717334,-3.867608,-13.368472,-13.032158,-13.368472,-5.549177,-0.0,-0.0,-10.005334,-3.026824,-16.058982,-4.372079,-3.78353,-5.801412
142,3,9-Jan-13,23:00,0.03,839.256,0.144,839.256,0.144,839.112,-141.992326,Charge,981.104326,981.104326,48.149426,47.69,optimal,813645.572143,-10.889637,-6.725952,-7.259758,-4.911013,-16.975022,-16.547978,-16.975022,-7.046236,-0.0,-0.0,-12.704577,-3.843401,-20.391379,-5.55158,-4.804252,-7.366519
143,3,9-Jan-13,23:30,0.03,763.136,0.06,763.136,0.06,763.076,-218.028326,Charge,981.104326,981.104326,48.969081,48.26,optimal,813645.572143,-16.720969,-10.327658,-11.147313,-7.540829,-26.065041,-25.409316,-26.065041,-10.819451,-0.0,-0.0,-19.507798,-5.901519,-31.310835,-8.524416,-7.376898,-11.311244
144,3,10-Jan-13,0:00,0.03,707.032,0.152,707.032,0.152,706.88,-274.224326,Charge,981.104326,981.104326,50.0,49.12,optimal,813645.572143,-21.030738,-12.989573,-14.020492,-9.48445,-32.783209,-31.958474,-32.783209,-13.608124,-0.0,-0.0,-24.535861,-7.422613,-39.381087,-10.721553,-9.278267,-14.226676
145,4,10-Jan-13,0:30,0.03,656.018,0.068,656.018,0.068,655.95,-170.260993,Charge,826.210993,826.210993,50.640079,50.11,optimal,576723.619617,-13.05761,-8.064994,-8.705073,-5.888726,-20.35451,-19.842447,-20.35451,-8.449042,-0.0,-0.0,-15.233878,-4.608568,-24.451015,-6.656821,-5.76071,-8.833089
146,4,10-Jan-13,1:00,0.03,617.168,0.24,617.168,0.24,616.928,-209.282993,Charge,826.210993,826.210993,51.426857,50.76,optimal,576723.619617,-16.050275,-9.913405,-10.700183,-7.238359,-25.019546,-24.390123,-25.019546,-10.385472,-0.0,-0.0,-18.72532,-5.664803,-30.054926,-8.182493,-7.081004,-10.857539
147,4,10-Jan-13,1:30,0.03,542.986,0.18,542.986,0.18,542.806,-283.404993,Charge,826.210993,826.210993,52.492289,51.57,optimal,576723.619617,-21.734819,-13.424447,-14.489879,-9.801977,-33.880747,-33.028401,-33.880747,-14.063706,-0.0,-0.0,-25.357289,-7.671113,-40.699514,-11.080496,-9.588891,-14.702966
148,4,10-Jan-13,2:00,0.03,524.002,0.186,524.002,0.186,523.816,-302.394993,Charge,826.210993,826.210993,53.629113,52.66,optimal,576723.619617,-23.191195,-14.323973,-15.460797,-10.458774,-36.15098,-35.241522,-36.15098,-15.006067,-0.0,-0.0,-27.056394,-8.185128,-43.426649,-11.822962,-10.23141,-15.688161
149,4,10-Jan-13,2:30,0.03,533.98,0.12,533.98,0.12,533.86,-292.350993,Charge,826.210993,826.210993,54.728177,53.78,optimal,576723.619617,-22.420903,-13.848205,-14.947269,-10.111388,-34.950231,-34.07098,-34.950231,-14.507643,-0.0,-0.0,-26.15772,-7.91326,-41.98424,-11.430264,-9.891575,-15.167082
150,4,10-Jan-13,3:00,0.03,491.246,0.06,491.246,0.06,491.186,-335.024993,Charge,826.210993,826.210993,55.987669,54.88,optimal,576723.619617,-25.693646,-15.869605,-17.129097,-11.587331,-40.05186,-39.044266,-40.05186,-16.6253,-0.0,-0.0,-29.97592,-9.068346,-48.112612,-13.098722,-11.335432,-17.380996
151,4,10-Jan-13,3:30,0.03,496.276,0.272,496.276,0.272,496.004,-330.206993,Charge,826.210993,826.210993,57.229049,56.15,optimal,576723.619617,-25.324145,-15.641384,-16.882764,-11.420693,-39.475874,-38.48277,-39.475874,-16.386212,-0.0,-0.0,-29.544836,-8.937934,-47.420703,-12.910349,-11.172417,-17.131039
152,4,10-Jan-13,4:00,0.03,476.466,0.108,476.466,0.108,476.358,-349.852993,Charge,826.210993,826.210993,58.544286,57.38,optimal,576723.619617,-26.830831,-16.571984,-17.887221,-12.100179,-41.824531,-40.772341,-41.824531,-17.361126,-0.0,-0.0,-31.302636,-9.469705,-50.242046,-13.678463,-11.837131,-18.150268
153,4,10-Jan-13,4:30,0.03,478.144,0.156,478.144,0.156,477.988,-348.222993,Charge,826.210993,826.210993,59.853394,58.7,optimal,576723.619617,-26.705824,-16.494773,-17.803882,-12.043803,-41.629666,-40.582379,-41.629666,-17.280239,-0.0,-0.0,-31.156794,-9.425585,-50.007964,-13.614734,-11.781981,-18.065704
154,4,10-Jan-13,5:00,0.03,453.054,0.168,453.054,0.168,452.886,-373.324993,Charge,826.210993,826.210993,61.256872,60.04,optimal,576723.619617,-28.630939,-17.683815,-19.087293,-12.911992,-44.630582,-43.5078,-44.630582,-18.525902,-0.0,-0.0,-33.402763,-10.105037,-53.612837,-14.596165,-12.631297,-19.367988
155,4,10-Jan-13,5:30,0.03,505.97,0.276,505.97,0.276,505.694,-320.516993,Charge,826.210993,826.210993,62.461823,61.44,optimal,576723.619617,-24.581002,-15.182384,-16.387335,-11.08555,-38.317445,-37.353484,-38.317445,-15.905355,-0.0,-0.0,-28.677836,-8.675648,-46.029132,-12.531491,-10.84456,-16.628325
156,4,10-Jan-13,6:00,0.03,527.978,0.284,527.978,0.284,527.694,-298.516993,Charge,826.210993,826.210993,63.584067,62.66,optimal,576723.619617,-22.893784,-14.140279,-15.262523,-10.324648,-35.68737,-34.789574,-35.68737,-14.813625,-0.0,-0.0,-26.709415,-8.080159,-42.869734,-11.671341,-10.100199,-15.486972
157,4,10-Jan-13,6:30,0.03,588.81,0.42,588.81,0.42,588.39,-237.820993,Charge,826.210993,826.210993,64.478131,63.76,optimal,576723.619617,-18.238903,-11.265205,-12.159269,-8.225388,-28.431231,-27.71598,-28.431231,-11.801643,-0.0,-0.0,-21.27872,-6.43726,-34.15324,-9.298264,-8.046575,-12.338082
158,4,10-Jan-13,7:00,0.03,617.064,11.41,617.064,11.41,605.654,-220.556993,Charge,826.210993,826.210993,65.307293,64.64,optimal,576723.619617,-16.914897,-10.447437,-11.276598,-7.628287,-26.36734,-25.70401,-26.36734,-10.944933,-0.0,-0.0,-19.734047,-5.969964,-31.673974,-8.623281,-7.462455,-11.44243
159,4,10-Jan-13,7:30,0.06,664.798,47.038,664.798,47.038,617.76,204.779504,Discharge,412.980496,412.980496,64.537445,65.31,optimal,576723.619617,15.704894,9.700082,10.46993,7.082599,24.481159,23.86528,24.481159,10.16199,0.0,0.0,18.322377,5.542904,29.408184,8.006417,6.92863,10.623899
160,4,10-Jan-13,8:00,0.06,644.312,105.134,644.312,105.134,539.178,126.197504,Discharge,412.980496,412.980496,64.063018,64.55,optimal,576723.619617,9.678305,5.977776,6.452203,4.364726,15.086769,14.707228,15.086769,6.262433,0.0,0.0,11.291356,3.415872,18.1231,4.934038,4.26984,6.547089
161,4,10-Jan-13,8:30,0.06,668.77,195.638,668.77,195.638,473.132,60.151504,Discharge,412.980496,412.980496,63.836885,64.09,optimal,576723.619617,4.613123,2.849282,3.075415,2.080428,7.191044,7.010138,7.191044,2.984962,0.0,0.0,5.381977,1.628161,8.638299,2.351788,2.035201,3.120642
162,4,10-Jan-13,9:00,0.06,712.992,279.672,712.992,279.672,433.32,20.339504,Discharge,412.980496,412.980496,63.760421,63.86,optimal,576723.619617,1.559872,0.96345,1.039914,0.703472,2.431565,2.370393,2.431565,1.009329,0.0,0.0,1.81985,0.550543,2.920936,0.795229,0.688179,1.055207
163,4,10-Jan-13,9:30,0.06,739.104,306.064,739.104,306.064,433.04,20.059504,Discharge,412.980496,412.980496,63.685009,63.76,optimal,576723.619617,1.538398,0.950187,1.025599,0.693787,2.398091,2.337762,2.398091,0.995434,0.0,0.0,1.794798,0.542964,2.880726,0.784281,0.678705,1.040681
164,4,10-Jan-13,10:00,0.06,717.306,383.49,717.306,383.49,333.816,-79.164496,Charge,412.980496,412.980496,63.98262,63.7,optimal,576723.619617,-6.071262,-3.749897,-4.047508,-2.73802,-9.464026,-9.225938,-9.464026,-3.928464,-0.0,-0.0,-7.083139,-2.142798,-11.368736,-3.095153,-2.678498,-4.10703
165,4,10-Jan-13,10:30,0.06,705.586,506.788,705.586,506.788,198.798,-214.182496,Charge,412.980496,412.980496,64.787817,64.04,optimal,576723.619617,-16.426026,-10.145487,-10.950684,-7.407816,-25.605276,-24.961118,-25.605276,-10.628605,-0.0,-0.0,-19.163697,-5.797421,-30.758539,-8.374052,-7.246776,-11.111724
166,4,10-Jan-13,11:00,0.06,749.262,515.022,749.262,515.022,234.24,-178.740496,Charge,412.980496,412.980496,65.459774,64.82,optimal,576723.619617,-13.707918,-8.466655,-9.138612,-6.182002,-21.368225,-20.830659,-21.368225,-8.869829,-0.0,-0.0,-15.992571,-4.838089,-25.668748,-6.98835,-6.047611,-9.273003
167,4,10-Jan-13,11:30,0.06,703.894,538.398,703.894,538.398,165.496,-247.484496,Charge,412.980496,412.980496,66.390167,65.53,optimal,576723.619617,-18.980014,-11.72295,-12.653343,-8.559614,-29.586492,-28.842178,-29.586492,-12.281186,-0.0,-0.0,-22.14335,-6.698828,-35.541007,-9.676086,-8.373536,-12.839421
168,4,10-Jan-13,12:00,0.06,730.812,596.982,730.812,596.982,133.83,-279.150496,Charge,412.980496,412.980496,67.439605,66.47,optimal,576723.619617,-21.408534,-13.222918,-14.272356,-9.654829,-33.372127,-32.532577,-33.372127,-13.852581,-0.0,-0.0,-24.976623,-7.555953,-40.08853,-10.914155,-9.444942,-14.482244
169,4,10-Jan-13,12:30,0.06,717.972,690.526,717.972,690.526,27.446,-385.534496,Charge,412.980496,412.980496,68.888983,67.54,optimal,576723.619617,-29.567307,-18.26216,-19.711538,-13.334276,-46.090214,-44.930712,-46.090214,-19.131787,-0.0,-0.0,-34.495192,-10.43552,-55.366232,-15.073529,-13.0444,-20.001414
170,4,10-Jan-13,13:00,0.06,716.234,654.568,716.234,654.568,61.666,-351.314496,Charge,412.980496,412.980496,70.209714,69.0,optimal,576723.619617,-26.942916,-16.641213,-17.961944,-12.150727,-41.999252,-40.942667,-41.999252,-17.433652,-0.0,-0.0,-31.433402,-9.509265,-50.451931,-13.735604,-11.886581,-18.22609
171,4,10-Jan-13,13:30,0.06,705.898,595.466,705.898,595.466,110.432,-302.548496,Charge,412.980496,412.980496,71.347114,70.3,optimal,576723.619617,-23.202967,-14.331245,-15.468645,-10.464083,-36.169332,-35.259411,-36.169332,-15.013685,-0.0,-0.0,-27.070129,-8.189283,-43.448694,-11.828964,-10.236603,-15.696125
172,4,10-Jan-13,14:00,0.06,707.158,579.202,707.158,579.202,127.956,-285.024496,Charge,412.980496,412.980496,72.418635,71.43,optimal,576723.619617,-21.859022,-13.50116,-14.572681,-9.85799,-34.074357,-33.217141,-34.074357,-14.144073,-0.0,-0.0,-25.502192,-7.714949,-40.932089,-11.143815,-9.643686,-14.786985
173,4,10-Jan-13,14:30,0.3,675.83,626.078,675.83,626.078,49.752,-32.644099,Charge,82.396099,82.396099,72.541357,72.41,optimal,576723.619617,-2.503532,-1.546299,-1.669022,-1.129044,-3.902565,-3.804388,-3.902565,-1.619933,-0.0,-0.0,-2.920788,-0.8836,-4.687987,-1.276311,-1.1045,-1.693566
174,4,10-Jan-13,15:00,0.3,696.904,664.48,696.904,664.48,32.424,-49.972099,Charge,82.396099,82.396099,72.729222,72.56,optimal,576723.619617,-3.832447,-2.367099,-2.554964,-1.728358,-5.974108,-5.823816,-5.974108,-2.479818,-0.0,-0.0,-4.471188,-1.352628,-7.176444,-1.953796,-1.690785,-2.592537
175,4,10-Jan-13,15:30,0.3,667.316,640.572,667.316,640.572,26.744,-55.652099,Charge,82.396099,82.396099,72.93844,72.76,optimal,576723.619617,-4.268056,-2.636152,-2.84537,-1.924809,-6.653146,-6.485771,-6.653146,-2.761683,-0.0,-0.0,-4.979398,-1.506373,-7.992144,-2.175872,-1.882966,-2.887214
176,4,10-Jan-13,16:00,0.3,652.348,570.68,652.348,570.68,81.668,-0.728099,Charge,82.396099,82.396099,72.941178,72.94,optimal,576723.619617,-0.055839,-0.034489,-0.037226,-0.025182,-0.087043,-0.084854,-0.087043,-0.036131,-0.0,-0.0,-0.065146,-0.019708,-0.104562,-0.028467,-0.024635,-0.037774
177,4,10-Jan-13,16:30,0.3,677.366,560.218,677.366,560.218,117.148,34.751901,Discharge,82.396099,82.396099,72.810531,72.92,optimal,576723.619617,2.665183,1.646143,1.776789,1.201945,4.154551,4.050034,4.154551,1.72453,0.0,0.0,3.109381,0.940653,4.990686,1.358721,1.175816,1.802918
178,4,10-Jan-13,17:00,0.3,715.024,518.334,715.024,518.334,196.69,114.293901,Discharge,82.396099,82.396099,72.380855,72.74,optimal,576723.619617,8.765397,5.413922,5.843598,3.953022,13.663707,13.319966,13.663707,5.671727,0.0,0.0,10.226296,3.093669,16.413635,4.468634,3.867087,5.929533
179,4,10-Jan-13,17:30,0.3,806.808,382.334,806.808,382.334,424.474,342.077901,Discharge,82.396099,82.396099,71.094848,72.22,optimal,576723.619617,26.234546,16.20369,17.489697,11.831266,40.895027,39.866222,40.895027,16.975294,0.0,0.0,30.60697,9.259251,49.125473,13.374474,11.574064,17.746899
180,4,10-Jan-13,18:00,0.3,912.658,261.248,912.658,261.248,651.41,569.013901,Discharge,82.396099,82.396099,68.955698,70.86,optimal,576723.619617,43.63866,26.95329,29.09244,19.68018,68.02497,66.31365,68.02497,28.23678,0.0,0.0,50.91177,15.40188,81.71553,22.24716,19.25235,29.52027
181,4,10-Jan-13,18:30,0.3,926.796,186.884,926.796,186.884,739.912,657.515901,Discharge,82.396099,82.396099,66.483834,68.67,optimal,576723.619617,50.426031,31.14549,33.617354,22.741151,78.605284,76.627793,78.605284,32.628609,0.0,0.0,58.83037,17.797423,94.425216,25.707389,22.246779,34.111727
182,4,10-Jan-13,19:00,0.3,920.146,130.176,920.146,130.176,789.97,707.573901,Discharge,82.396099,82.396099,63.823781,66.2,optimal,576723.619617,54.265066,33.516658,36.176711,24.472481,84.589662,82.46162,84.589662,35.11269,0.0,0.0,63.309244,19.152376,101.613996,27.664543,23.94047,36.708721
183,4,10-Jan-13,19:30,0.3,931.584,64.894,931.584,64.894,866.69,784.293901,Discharge,82.396099,82.396099,60.875308,63.52,optimal,576723.619617,60.148856,37.150764,40.099237,27.125954,93.761451,91.402673,93.761451,38.919848,0.0,0.0,70.173665,21.229008,112.63168,30.664122,26.53626,40.688932
184,4,10-Jan-13,20:00,0.3,931.146,11.33,931.146,11.33,919.816,837.419901,Discharge,82.396099,82.396099,57.727113,60.56,optimal,576723.619617,64.22318,39.667258,42.815454,28.963395,100.112605,97.594049,100.112605,41.556176,0.0,0.0,74.927044,22.667005,120.261053,32.741229,28.333756,43.445093
185,4,10-Jan-13,20:30,0.06,988.884,0.136,988.884,0.136,988.748,575.767504,Discharge,412.980496,412.980496,55.562573,57.52,optimal,576723.619617,44.156606,27.273198,29.437737,19.913763,68.832356,67.100724,68.832356,28.571921,0.0,0.0,51.51604,15.584684,82.685408,22.511211,19.480855,29.870645
186,4,10-Jan-13,21:00,0.06,984.83,0.332,984.83,0.332,984.498,571.517504,Discharge,412.980496,412.980496,53.414011,55.37,optimal,576723.619617,43.830666,27.071882,29.220444,19.766771,68.324273,66.605423,68.324273,28.361019,0.0,0.0,51.135777,15.469647,82.07507,22.345045,19.337058,29.650156
187,4,10-Jan-13,21:30,0.06,957.894,0.3,957.894,0.3,957.594,544.613504,Discharge,412.980496,412.980496,51.366592,53.22,optimal,576723.619617,41.767351,25.797482,27.844901,18.836257,65.10793,63.469995,65.10793,27.025933,0.0,0.0,48.728577,14.741418,78.211413,21.29316,18.426773,28.254385
188,4,10-Jan-13,22:00,0.06,882.052,0.156,882.052,0.156,881.896,468.915504,Discharge,412.980496,412.980496,49.603752,51.19,optimal,576723.619617,35.961941,22.211787,23.974627,16.21813,56.05832,54.648047,56.05832,23.269491,0.0,0.0,41.955598,12.69245,67.340497,18.333538,15.865562,24.327195
189,4,10-Jan-13,22:30,0.03,882.546,0.332,882.546,0.332,882.214,56.003007,Discharge,826.210993,826.210993,49.393214,49.58,optimal,576723.619617,4.294967,2.652774,2.863312,1.936946,6.695096,6.526666,6.695096,2.779097,0.0,0.0,5.010795,1.515871,8.042537,2.189591,1.894839,2.905419
190,4,10-Jan-13,23:00,0.03,860.55,0.07,860.55,0.07,860.48,34.269007,Discharge,826.210993,826.210993,49.264384,49.39,optimal,576723.619617,2.628149,1.623269,1.7521,1.185244,4.096821,3.993756,4.096821,1.700567,0.0,0.0,3.066174,0.927582,4.921339,1.339841,1.159478,1.777866
191,4,10-Jan-13,23:30,0.03,761.804,0.108,761.804,0.108,761.696,-64.514993,Charge,826.210993,826.210993,49.506921,49.28,optimal,576723.619617,-4.947766,-3.055973,-3.298511,-2.231346,-7.712695,-7.518665,-7.712695,-3.201496,-0.0,-0.0,-5.772394,-1.74627,-9.264935,-2.522391,-2.182838,-3.347018
192,4,11-Jan-13,0:00,0.03,695.12,0.068,695.12,0.068,695.052,-131.158993,Charge,826.210993,826.210993,50.0,49.55,optimal,576723.619617,-10.05881,-6.212794,-6.705873,-4.536326,-15.67991,-15.285447,-15.67991,-6.508642,-0.0,-0.0,-11.735278,-3.550168,-18.835615,-5.128021,-4.43771,-6.804489
193,5,11-Jan-13,0:30,0.03,629.392,0.156,629.392,0.156,629.236,-182.06966,Charge,811.30566,811.30566,50.684472,50.06,optimal,907605.722788,-13.963237,-8.624352,-9.308825,-6.297146,-21.766223,-21.218645,-21.766223,-9.035036,-0.0,-0.0,-16.290443,-4.928201,-26.146846,-7.118513,-6.160252,-9.445719
194,5,11-Jan-13,1:00,0.03,612.534,0.18,612.534,0.18,612.354,-198.95166,Charge,811.30566,811.30566,51.432411,50.75,optimal,907605.722788,-15.257947,-9.424026,-10.171965,-6.881035,-23.784447,-23.186096,-23.784447,-9.872789,-0.0,-0.0,-17.800938,-5.385158,-28.571253,-7.778561,-6.731447,-10.321552
195,5,11-Jan-13,1:30,0.03,551.462,0.268,551.462,0.268,551.194,-260.11166,Charge,811.30566,811.30566,52.410274,51.51,optimal,907605.722788,-19.948413,-12.321079,-13.298942,-8.996343,-31.096056,-30.313765,-31.096056,-12.907797,-0.0,-0.0,-23.273149,-7.040616,-37.354381,-10.169779,-8.80077,-13.494515
196,5,11-Jan-13,2:00,0.03,521.032,0.07,521.032,0.07,520.962,-290.34366,Charge,811.30566,811.30566,53.501792,52.5,optimal,907605.722788,-22.266957,-13.753121,-14.844638,-10.041961,-34.710257,-33.837043,-34.710257,-14.408031,-0.0,-0.0,-25.978117,-7.858926,-41.695969,-11.351782,-9.823658,-15.062942
197,5,11-Jan-13,2:30,0.03,499.568,0.264,499.568,0.264,499.304,-312.00166,Charge,811.30566,811.30566,54.67473,53.59,optimal,907605.722788,-23.927947,-14.779026,-15.951965,-10.791035,-37.299447,-36.361096,-37.299447,-15.482789,-0.0,-0.0,-27.915938,-8.445158,-44.806253,-12.198561,-10.556447,-16.186552
198,5,11-Jan-13,3:00,0.03,488.504,0.06,488.504,0.06,488.444,-322.86166,Charge,811.30566,811.30566,55.888496,54.77,optimal,907605.722788,-24.760819,-15.293447,-16.507213,-11.166644,-38.597747,-37.626735,-38.597747,-16.021706,-0.0,-0.0,-28.887622,-8.739113,-46.365847,-12.623163,-10.923891,-16.749966
199,5,11-Jan-13,3:30,0.03,511.488,0.144,511.488,0.144,511.344,-299.96166,Charge,811.30566,811.30566,57.016172,55.99,optimal,907605.722788,-23.004578,-14.20871,-15.336386,-10.374614,-35.860078,-34.957938,-35.860078,-14.885315,-0.0,-0.0,-26.838675,-8.119263,-43.077201,-11.727824,-10.149079,-15.561921
200,5,11-Jan-13,4:00,0.03,482.736,0.212,482.736,0.212,482.524,-328.78166,Charge,811.30566,811.30566,58.252193,57.13,optimal,907605.722788,-25.214834,-15.573868,-16.809889,-11.371396,-39.305477,-38.31666,-39.305477,-16.315481,-0.0,-0.0,-29.417306,-8.899353,-47.216013,-12.854621,-11.124192,-17.057094
201,5,11-Jan-13,4:30,0.03,468.922,0.216,468.922,0.216,468.706,-342.59966,Charge,811.30566,811.30566,59.540161,58.36,optimal,907605.722788,-26.27456,-16.228405,-17.516374,-11.849312,-40.957403,-39.927028,-40.957403,-17.001186,-0.0,-0.0,-30.653654,-9.273374,-49.200402,-13.394874,-11.591718,-17.773967
202,5,11-Jan-13,5:00,0.03,467.622,0.168,467.622,0.168,467.454,-343.85166,Charge,811.30566,811.30566,60.832837,59.63,optimal,907605.722788,-26.370578,-16.28771,-17.580386,-11.892614,-41.107078,-40.072938,-41.107078,-17.063315,-0.0,-0.0,-30.765675,-9.307263,-49.380201,-13.443824,-11.634079,-17.838921
203,5,11-Jan-13,5:30,0.03,508.934,0.18,508.934,0.18,508.754,-302.55166,Charge,811.30566,811.30566,61.970249,60.89,optimal,907605.722788,-23.20321,-14.331394,-15.468807,-10.464193,-36.16971,-35.25978,-36.16971,-15.013842,-0.0,-0.0,-27.070412,-8.189368,-43.449148,-11.829087,-10.23671,-15.696289
204,5,11-Jan-13,6:00,0.03,517.744,0.048,517.744,0.048,517.696,-293.60966,Charge,811.30566,811.30566,63.074045,62.02,optimal,907605.722788,-22.517433,-13.907826,-15.011622,-10.154921,-35.100704,-34.217667,-35.100704,-14.570103,-0.0,-0.0,-26.270338,-7.947329,-42.164996,-11.479475,-9.934161,-15.232381
205,5,11-Jan-13,6:30,0.03,550.676,2.318,550.676,2.318,548.358,-262.94766,Charge,811.30566,811.30566,64.06257,63.13,optimal,907605.722788,-20.165911,-12.455415,-13.443941,-9.09443,-31.435096,-30.644276,-31.435096,-13.048531,-0.0,-0.0,-23.526896,-7.11738,-37.761656,-10.28066,-8.896725,-13.641646
206,5,11-Jan-13,7:00,0.03,587.486,29.35,587.486,29.35,558.136,-253.16966,Charge,811.30566,811.30566,65.014336,64.11,optimal,907605.722788,-19.416019,-11.992247,-12.944013,-8.756244,-30.266147,-29.504735,-30.266147,-12.563306,-0.0,-0.0,-22.652022,-6.852713,-36.357447,-9.898363,-8.565891,-13.134366
207,5,11-Jan-13,7:30,0.06,610.37,109.538,610.37,109.538,500.832,95.30417,Discharge,405.52783,405.52783,64.656049,64.91,optimal,907605.722788,7.309042,4.514408,4.872694,3.296234,11.393506,11.106877,11.393506,4.72938,0.0,0.0,8.527215,2.579662,13.686539,3.726178,3.224577,4.944352
208,5,11-Jan-13,8:00,0.06,666.526,248.216,666.526,248.216,418.31,12.78217,Discharge,405.52783,405.52783,64.607996,64.6,optimal,907605.722788,0.980287,0.605471,0.653524,0.44209,1.528094,1.489651,1.528094,0.634303,0.0,0.0,1.143668,0.345984,1.835635,0.499754,0.432479,0.663135
209,5,11-Jan-13,8:30,0.06,657.222,441.996,657.222,441.996,215.226,-190.30183,Charge,405.52783,405.52783,65.323416,64.63,optimal,907605.722788,-14.594576,-9.014297,-9.729718,-6.581868,-22.750369,-22.178033,-22.750369,-9.443549,-0.0,-0.0,-17.027006,-5.151027,-27.32906,-7.440372,-6.438784,-9.872802
210,5,11-Jan-13,9:00,0.06,731.04,666.11,731.04,666.11,64.93,-340.59783,Charge,405.52783,405.52783,66.603859,65.42,optimal,907605.722788,-26.121037,-16.133581,-17.414024,-11.780075,-40.718086,-39.693732,-40.718086,-16.901847,-0.0,-0.0,-30.474543,-9.219189,-48.912921,-13.316607,-11.523987,-17.670113
211,5,11-Jan-13,9:30,0.06,785.292,883.094,785.292,883.094,-97.802,-503.32983,Charge,405.52783,405.52783,68.496077,66.75,optimal,907605.722788,-38.601235,-23.841939,-25.734157,-17.4084,-60.172514,-58.65874,-60.172514,-24.97727,-0.0,-0.0,-45.034774,-13.623965,-72.282705,-19.679061,-17.029957,-26.1126
212,5,11-Jan-13,10:00,0.06,765.574,1068.38,765.574,1068.38,-302.806,-708.33383,Charge,405.52783,405.52783,71.158986,68.74,optimal,907605.722788,-54.323346,-33.552655,-36.215564,-24.498764,-84.680511,-82.550183,-84.680511,-35.150401,-0.0,-0.0,-63.377237,-19.172946,-101.723129,-27.694255,-23.966182,-36.748146
213,5,11-Jan-13,10:30,0.06,738.922,1245.158,738.922,1245.158,-506.236,-911.76383,Charge,405.52783,405.52783,74.586669,71.47,optimal,907605.722788,-69.924745,-43.188813,-46.616497,-31.534689,-109.000338,-106.258191,-109.000338,-45.245423,-0.0,-0.0,-81.578869,-24.679322,-130.937512,-35.647909,-30.849152,-47.302033
214,5,11-Jan-13,11:00,0.06,778.774,1387.002,778.774,1387.002,-608.228,-1013.75583,Charge,405.52783,405.52783,78.397782,74.94,optimal,907605.722788,-77.746688,-48.020013,-51.831125,-35.062232,-121.193366,-118.144476,-121.193366,-50.30668,-0.0,-0.0,-90.704469,-27.440007,-145.584484,-39.635566,-34.300009,-52.593348
215,5,11-Jan-13,11:30,0.06,923.732,1506.37,923.732,1506.37,-582.638,-988.16583,Charge,405.52783,405.52783,82.112691,78.75,optimal,907605.722788,-75.784146,-46.807855,-50.522764,-34.177164,-118.134111,-115.162183,-118.134111,-49.036801,-0.0,-0.0,-88.414837,-26.747346,-141.909529,-38.635055,-33.434182,-51.265746
216,5,11-Jan-13,12:00,0.06,1023.496,1589.92,1023.496,1589.92,-566.424,-971.95183,Charge,405.52783,405.52783,85.766645,82.47,optimal,907605.722788,-74.540667,-46.039824,-49.693778,-33.616379,-116.195745,-113.272582,-116.195745,-48.232196,-0.0,-0.0,-86.964111,-26.308471,-139.581052,-38.001124,-32.885588,-50.424569
217,5,11-Jan-13,12:30,0.06,1128.824,1528.404,1128.824,1528.404,-399.58,-805.10783,Charge,405.52783,405.52783,88.793366,86.08,optimal,907605.722788,-61.745112,-38.136687,-41.163408,-27.845835,-96.249733,-93.828356,-96.249733,-39.952719,-0.0,-0.0,-72.035964,-21.792392,-115.620749,-31.4779,-27.24049,-41.768752
218,5,11-Jan-13,13:00,0.06,1148.574,1624.634,1148.574,1624.634,-476.06,-881.58783,Charge,405.52783,405.52783,92.107606,89.15,optimal,907605.722788,-67.610495,-41.759424,-45.073663,-30.491008,-105.392831,-102.741439,-105.392831,-43.747968,-0.0,-0.0,-78.878911,-23.862528,-126.603967,-34.468096,-29.82816,-45.736511
219,5,11-Jan-13,13:30,0.06,1191.026,1661.932,1191.026,1661.932,-470.906,-876.43383,Charge,405.52783,405.52783,95.40247,92.48,optimal,907605.722788,-67.215226,-41.515287,-44.810151,-30.312749,-104.776676,-102.140785,-104.776676,-43.492205,-0.0,-0.0,-78.417764,-23.723021,-125.863806,-34.266586,-29.653776,-45.469124
220,5,11-Jan-13,14:00,0.06,1160.956,1591.582,1160.956,1591.582,-430.626,-836.15383,Charge,405.52783,405.52783,98.545906,95.75,optimal,907605.722788,-64.126083,-39.607287,-42.750722,-28.919606,-99.961247,-97.446499,-99.961247,-41.493348,-0.0,-0.0,-74.813764,-22.632735,-120.079234,-32.691729,-28.290919,-43.379409
221,5,11-Jan-13,14:30,0.3,1312.84,1505.326,1312.84,1505.326,-192.486,-273.391566,Charge,80.905566,80.905566,99.573693,98.68,optimal,907605.722788,-20.966872,-12.950127,-13.977915,-9.455648,-32.683653,-31.861423,-32.683653,-13.5668,-0.0,-0.0,-24.461351,-7.400072,-39.261496,-10.688994,-9.250091,-14.183472
222,5,11-Jan-13,15:00,0.3,1351.022,1383.514,1351.022,1383.514,-32.492,-113.397566,Charge,80.905566,80.905566,100.0,99.65,optimal,907605.722788,-8.696655,-5.371464,-5.79777,-3.922021,-13.556551,-13.215506,-13.556551,-5.627248,-0.0,-0.0,-10.146098,-3.069408,-16.284914,-4.433589,-3.83676,-5.883032
223,5,11-Jan-13,15:30,0.3,1403.594,1211.68,1403.594,1211.68,191.914,39.3122,Discharge,152.6018,152.6018,99.85221,99.98,optimal,907605.722788,3.014921,1.862157,2.009947,1.35967,4.699729,4.581497,4.699729,1.950831,0.0,0.0,3.517407,1.06409,5.645587,1.537018,1.330112,2.039505
224,5,11-Jan-13,16:00,0.3,1492.73,1250.638,1492.73,1250.638,242.092,89.4902,Discharge,152.6018,152.6018,99.51578,99.81,optimal,907605.722788,6.863158,4.239009,4.575439,3.09515,10.698452,10.429309,10.698452,4.440867,0.0,0.0,8.007018,2.422291,12.8516,3.498865,3.027864,4.642725
225,5,11-Jan-13,16:30,0.3,1449.684,1138.992,1449.684,1138.992,310.692,158.0902,Discharge,152.6018,152.6018,98.921456,99.45,optimal,907605.722788,12.124211,7.488483,8.082807,5.467781,18.899505,18.424046,18.899505,7.845078,0.0,0.0,14.144913,4.279133,22.703179,6.18097,5.348917,8.201672
226,5,11-Jan-13,17:00,0.3,1618.772,944.804,1618.772,944.804,673.968,521.3662,Discharge,152.6018,152.6018,96.961433,98.72,optimal,907605.722788,39.984475,24.696294,26.656317,18.032214,62.328741,60.760723,62.328741,25.872308,0.0,0.0,46.648555,14.112168,74.87289,20.384242,17.64021,27.048322
227,5,11-Jan-13,17:30,0.3,1714.354,735.012,1714.354,735.012,979.342,826.7402,Discharge,152.6018,152.6018,93.853387,96.65,optimal,907605.722788,63.404136,39.161378,42.269424,28.594022,98.835858,96.349422,98.835858,41.026205,0.0,0.0,73.971492,22.37793,118.727352,32.323677,27.972413,42.891033
228,5,11-Jan-13,18:00,0.3,1762.644,521.758,1762.644,521.758,1240.886,1088.2842,Discharge,152.6018,152.6018,89.762093,93.46,optimal,907605.722788,83.462397,51.550304,55.641598,37.639905,130.103149,126.830114,130.103149,54.005081,0.0,0.0,97.372797,29.457317,156.28743,42.549457,36.821646,56.459857
229,5,11-Jan-13,18:30,0.3,1871.918,324.028,1871.918,324.028,1547.89,1395.2882,Discharge,152.6018,152.6018,84.516649,89.27,optimal,907605.722788,107.007065,66.092599,71.338043,48.258088,166.805131,162.608775,166.805131,69.239866,0.0,0.0,124.841576,37.767199,200.375975,54.552621,47.208999,72.387132
230,5,11-Jan-13,19:00,0.3,1936.316,160.252,1936.316,160.252,1776.064,1623.4622,Discharge,152.6018,152.6018,78.413408,83.94,optimal,907605.722788,124.506124,76.900841,83.004082,56.14982,194.083075,189.200482,194.083075,80.562786,0.0,0.0,145.257144,43.943338,233.14382,63.47371,54.929172,84.224731
231,5,11-Jan-13,19:30,0.3,1998.146,62.792,1998.146,62.792,1935.354,1782.7522,Discharge,152.6018,152.6018,71.711332,77.75,optimal,907605.722788,136.722349,84.446157,91.148233,61.659099,213.126015,207.764354,213.126015,88.467402,0.0,0.0,159.509407,48.254947,256.019301,69.70159,60.318683,92.488648
232,5,11-Jan-13,20:00,0.3,1955.402,11.368,1955.402,11.368,1944.034,1791.4322,Discharge,152.6018,152.6018,64.976624,71.04,optimal,907605.722788,137.388033,84.857315,91.592022,61.959309,214.163699,208.775933,214.163699,88.898139,0.0,0.0,160.286039,48.489894,257.265827,70.040958,60.612368,92.938964
233,5,11-Jan-13,20:30,0.06,1932.538,0.212,1932.538,0.212,1932.326,1168.317,Discharge,764.009,764.009,60.584455,64.55,optimal,907605.722788,89.600251,55.341332,59.733501,40.407956,139.67098,136.157244,139.67098,57.976633,0.0,0.0,104.533626,31.623618,167.780862,45.678559,39.529523,60.611935
234,5,11-Jan-13,21:00,0.06,1973.416,0.252,1973.416,0.252,1973.164,1209.155,Discharge,764.009,764.009,56.038759,60.13,optimal,907605.722788,92.732188,57.275763,61.821459,41.820398,144.553117,140.91656,144.553117,60.00318,0.0,0.0,108.187553,32.729008,173.645568,47.275233,40.911259,62.730598
235,5,11-Jan-13,21:30,0.06,1850.426,0.104,1850.426,0.104,1850.322,1086.313,Discharge,764.009,764.009,51.954876,55.62,optimal,907605.722788,83.311223,51.456932,55.540815,37.571728,129.867494,126.600387,129.867494,53.907262,0.0,0.0,97.196426,29.403961,156.004348,42.472388,36.754951,56.357592
236,5,11-Jan-13,22:00,0.06,1708.18,0.168,1708.18,0.168,1708.012,944.003,Discharge,764.009,764.009,48.405992,51.6,optimal,907605.722788,72.397223,44.715932,48.264815,32.649728,112.854494,110.015387,112.854494,46.845262,0.0,0.0,84.463426,25.551961,135.567348,36.908388,31.939951,48.974592
237,5,11-Jan-13,22:30,0.03,1560.41,0.348,1560.41,0.348,1560.062,31.794,Discharge,1528.268,1528.268,48.286466,48.41,optimal,907605.722788,2.438337,1.506032,1.625558,1.099642,3.800937,3.705316,3.800937,1.577747,0.0,0.0,2.844726,0.860589,4.565905,1.243074,1.075737,1.649463
238,5,11-Jan-13,23:00,0.03,1479.18,0.152,1479.18,0.152,1479.028,-49.24,Charge,1528.268,1528.268,48.471579,48.35,optimal,907605.722788,-3.776301,-2.332421,-2.517534,-1.703038,-5.886586,-5.738496,-5.886586,-2.443489,-0.0,-0.0,-4.405684,-1.332812,-7.071308,-1.925173,-1.666015,-2.554556
239,5,11-Jan-13,23:30,0.03,1418.988,0.564,1418.988,0.564,1418.424,-109.844,Charge,1528.268,1528.268,48.884526,48.56,optimal,907605.722788,-8.424126,-5.203137,-5.616084,-3.799116,-13.131726,-12.801368,-13.131726,-5.450905,-0.0,-0.0,-9.828147,-2.973221,-15.774589,-4.294653,-3.716526,-5.698674
240,5,12-Jan-13,0:00,0.03,1231.666,0.114,1231.666,0.114,1231.552,-296.716,Charge,1528.268,1528.268,50.0,49.03,optimal,907605.722788,-22.755663,-14.054968,-15.170442,-10.262358,-35.472063,-34.579684,-35.472063,-14.724253,-0.0,-0.0,-26.548274,-8.031411,-42.611095,-11.600926,-10.039263,-15.393537
