SimHour,Node646B_ActivePower_kW,Node646B_RMSVoltage_V
0,227.669671875,2443.53979492188
0.0625,228.269828125,2444.84057617188
0.125,228.184484375,2443.52319335938
0.1875,228.146515625,2443.5244140625
0.25,228.120609375,2443.52490234375
0.3125,228.12340625,2443.52490234375
0.375,228.1139375,2443.52514648438
0.4375,228.11771875,2443.52685546875
0.5,227.693578125,2443.52514648438
0.5625,228.123890625,2443.52514648438
0.625,228.120046875,2443.52514648438
0.6875,228.12171875,2443.52514648438
0.75,228.119125,2443.52514648438
0.8125,228.1230625,2443.52514648438
0.875,228.123125,2443.52514648438
0.9375,228.119984375,2443.52514648438
1,228.115234375,2443.52514648438
1.0625,227.690296875,2443.52514648438
1.125,228.12021875,2443.52514648438
1.1875,228.114234375,2444.84545898438
1.25,228.1201875,2443.52490234375
1.3125,228.1155625,2443.52514648438
1.375,228.121734375,2443.52490234375
1.4375,228.12521875,2443.52514648438
1.5,228.115015625,2443.52514648438
1.5625,228.1201875,2443.52514648438
1.625,227.688921875,2443.52661132812
1.6875,228.1135,2443.52514648438
1.75,228.113046875,2444.845703125
1.8125,228.11271875,2443.52490234375
1.875,228.11746875,2443.52514648438
1.9375,228.119484375,2443.52514648438
2,228.11678125,2443.52514648438
2.0625,228.119015625,2443.52514648438
2.125,228.11496875,2443.52514648438
2.1875,227.694140625,2443.52514648438
2.25,228.117375,2443.52514648438
2.3125,228.11721875,2444.845703125
2.375,228.112703125,2443.52514648438
2.4375,228.1196875,2443.52514648438
2.5,228.115203125,2443.52514648438
2.5625,228.117875,2443.52514648438
2.625,228.113703125,2443.52490234375
2.6875,0,2460.8935546875
2.75,0,2460.8935546875
2.8125,0,2460.8935546875
2.875,0,2460.8935546875
2.9375,0,2460.8935546875
3,0,2462.22338867188
3.0625,0,2460.8935546875
3.125,0,2460.8935546875
3.1875,0,2460.8935546875
3.25,0,2460.8935546875
3.3125,0,2460.8935546875
3.375,0,2460.8935546875
3.4375,0,2460.8935546875
3.5,0,2460.8935546875
3.5625,0,2460.8935546875
3.625,0,2460.8935546875
3.6875,0,2460.8935546875
3.75,0,2460.8935546875
3.8125,0,2460.8935546875
3.875,0,2460.8935546875
3.9375,0,2460.8935546875
4,0,2460.8935546875
4.0625,0,2460.8935546875
4.125,0,2460.8935546875
4.1875,5.75639599609375,2456.82739257812
4.25,5.75644970703125,2456.82763671875
4.3125,5.7532041015625,2458.1533203125
4.375,5.75072265625,2456.82958984375
4.4375,5.74586376953125,2456.82836914062
4.5,5.75325,2456.82788085938
4.5625,5.7510048828125,2456.82690429688
4.625,5.749732421875,2456.82641601562
4.6875,6.756689453125,2456.99877929688
4.75,6.75738623046875,2457.00073242188
4.8125,6.749435546875,2456.9970703125
4.875,6.75294775390625,2458.32836914062
4.9375,6.751375,2458.3251953125
5,6.74807763671875,2456.99853515625
5.0625,6.7496494140625,2456.99853515625
5.125,6.75374609375,2456.99877929688
5.1875,11.757162109375,2456.982421875
5.25,11.762736328125,2456.97875976562
5.3125,11.763888671875,2456.978515625
5.375,11.759484375,2456.98095703125
5.4375,11.760263671875,2458.30859375
5.5,11.7592001953125,2456.97998046875
5.5625,11.7465458984375,2456.9794921875
5.625,11.759009765625,2456.97875976562
5.6875,18.75679296875,2456.890625
5.75,18.76105078125,2456.8896484375
5.8125,18.765578125,2456.88940429688
5.875,18.769138671875,2456.890625
5.9375,18.76944140625,2456.888671875
6,18.768591796875,2458.216796875
6.0625,18.76048828125,2456.89135742188
6.125,18.7427578125,2456.89038085938
6.1875,12.7565009765625,2457.046875
6.25,12.7513740234375,2457.04711914062
6.3125,12.7577685546875,2457.046875
6.375,12.7601953125,2457.046875
6.4375,12.761076171875,2457.046875
6.5,12.7563212890625,2457.046875
6.5625,12.7556787109375,2458.37451171875
6.625,12.7596650390625,2457.04736328125
6.6875,14.74384375,2456.97778320312
6.75,14.7646083984375,2456.97705078125
6.8125,14.76138671875,2456.97729492188
6.875,14.759890625,2456.9794921875
6.9375,14.763396484375,2456.97509765625
7,14.7617216796875,2456.97705078125
7.0625,14.7644755859375,2456.97705078125
7.125,14.761501953125,2458.3046875
7.1875,16.76158203125,2456.8583984375
7.25,16.746765625,2456.85595703125
7.3125,16.760298828125,2456.85620117188
7.375,16.764109375,2456.85595703125
7.4375,16.760431640625,2456.85620117188
7.5,16.764123046875,2456.85766601562
7.5625,16.766568359375,2456.85595703125
7.625,16.765953125,2456.85620117188
7.6875,19.76596875,2456.69995117188
7.75,19.7634375,2456.70068359375
7.8125,19.7449765625,2456.69995117188
7.875,19.767265625,2456.70043945312
7.9375,19.76603125,2456.69848632812
8,19.765162109375,2456.703125
8.0625,19.767720703125,2456.7001953125
8.125,19.76823046875,2456.69995117188
8.1875,19.7629921875,2456.69995117188
8.25,19.765865234375,2456.7001953125
8.3125,19.76587890625,2456.70239257812
8.375,19.7472421875,2456.70043945312
8.4375,19.765345703125,2456.69873046875
8.5,19.7695390625,2456.70385742188
8.5625,19.768947265625,2456.69995117188
8.625,19.768357421875,2456.69946289062
8.6875,20.768107421875,2456.560546875
8.75,20.767697265625,2456.56225585938
8.8125,20.769029296875,2457.8916015625
8.875,20.772515625,2457.88989257812
8.9375,20.74528515625,2456.56225585938
9,20.76569140625,2456.56225585938
9.0625,20.7552578125,2456.564453125
9.125,20.768314453125,2456.5634765625
9.1875,23.774326171875,2456.40649414062
9.25,23.7743515625,2456.408203125
9.3125,23.772427734375,2456.40649414062
9.375,23.772240234375,2457.73559570312
9.4375,23.771787109375,2457.73217773438
9.5,23.744671875,2456.40625
9.5625,23.77142578125,2456.40649414062
9.625,23.76505859375,2456.40625
9.6875,27.7743828125,2456.32006835938
9.75,27.778525390625,2456.3203125
9.8125,27.77616796875,2456.318359375
9.875,27.779912109375,2456.31860351562
9.9375,27.772826171875,2456.31665039062
10,27.774115234375,2456.31884765625
10.0625,27.74787109375,2456.32055664062
10.125,27.778810546875,2456.318359375
10.1875,26.767400390625,2456.408203125
10.25,26.763708984375,2456.40478515625
10.3125,26.7779765625,2456.40478515625
10.375,26.777455078125,2456.40478515625
10.4375,26.77842578125,2456.40502929688
10.5,26.774962890625,2456.40478515625
10.5625,26.771740234375,2456.40307617188
10.625,26.77733984375,2456.40478515625
10.6875,24.775814453125,2456.57739257812
10.75,24.7618515625,2456.57739257812
10.8125,24.764419921875,2456.5791015625
10.875,24.77317578125,2456.578125
10.9375,24.768859375,2456.5771484375
11,24.770341796875,2456.57739257812
11.0625,24.7738515625,2457.90478515625
11.125,24.768001953125,2456.57763671875
11.1875,10.7551943359375,2457.47436523438
11.25,10.75615234375,2457.47607421875
11.3125,10.7559013671875,2457.47631835938
11.375,10.7498349609375,2457.47631835938
11.4375,10.7585419921875,2457.47631835938
11.5,10.762625,2457.47631835938
11.5625,10.7580751953125,2457.47631835938
11.625,10.758833984375,2458.80419921875
11.6875,12.758638671875,2457.35546875
11.75,12.7586591796875,2457.35522460938
11.8125,12.758169921875,2457.35473632812
11.875,12.758662109375,2457.35693359375
11.9375,12.75493359375,2457.35668945312
12,12.75726171875,2457.35595703125
12.0625,12.7641748046875,2457.35522460938
12.125,12.7602890625,2457.35693359375
12.1875,12.76114453125,2457.25268554688
12.25,12.7578349609375,2457.25244140625
12.3125,12.7568134765625,2457.25244140625
12.375,12.760818359375,2457.25244140625
12.4375,12.7563984375,2457.25415039062
12.5,12.7527373046875,2457.25463867188
12.5625,12.7546220703125,2457.25268554688
12.625,12.75662890625,2457.25244140625
12.6875,17.7656875,2457.02880859375
12.75,17.7653359375,2457.029296875
12.8125,17.74496484375,2457.02685546875
12.875,17.763048828125,2457.02685546875
12.9375,17.759671875,2457.02661132812
13,17.75521484375,2457.02709960938
13.0625,17.756736328125,2457.02856445312
13.125,17.76303515625,2457.02685546875
13.1875,18.763435546875,2457.30126953125
13.25,18.765951171875,2457.30053710938
13.3125,18.763041015625,2458.62841796875
13.375,18.759654296875,2457.30053710938
13.4375,18.76587890625,2457.30004882812
13.5,18.770728515625,2457.30053710938
13.5625,18.763064453125,2457.30224609375
13.625,18.75675,2457.30053710938
13.6875,19.76326953125,2457.4716796875
13.75,19.76694140625,2457.47290039062
13.8125,19.765173828125,2457.47265625
13.875,19.763697265625,2457.47119140625
13.9375,19.76606640625,2457.47143554688
14,19.76969921875,2457.47119140625
14.0625,19.768388671875,2457.47143554688
14.125,19.76209375,2457.47143554688
14.1875,18.75783984375,2457.50634765625
14.25,18.764482421875,2457.505859375
14.3125,18.769982421875,2457.50610351562
14.375,18.766595703125,2457.50610351562
14.4375,18.764087890625,2457.50634765625
14.5,18.767552734375,2457.50634765625
14.5625,18.766251953125,2457.50634765625
14.625,18.763859375,2457.50610351562
14.6875,20.75463671875,2457.7451171875
14.75,20.76044921875,2457.74560546875
14.8125,20.763986328125,2457.74536132812
14.875,20.76585546875,2457.74633789062
14.9375,20.771607421875,2457.74487304688
15,20.767806640625,2459.07299804688
15.0625,20.76378515625,2457.74462890625
15.125,20.766103515625,2457.74487304688
15.1875,20.771576171875,2457.48779296875
15.25,20.755439453125,2457.48779296875
15.3125,20.76132421875,2457.48950195312
15.375,20.765830078125,2457.48803710938
15.4375,20.7655078125,2457.48779296875
15.5,20.765595703125,2457.48950195312
15.5625,20.76333203125,2457.48803710938
15.625,20.762435546875,2457.48779296875
15.6875,17.7626875,2457.59228515625
15.75,17.76388671875,2457.59204101562
15.8125,17.755365234375,2457.59252929688
15.875,17.759302734375,2457.59301757812
15.9375,17.76128125,2457.59375
16,17.765185546875,2457.59228515625
16.0625,17.76555078125,2458.92065429688
16.125,17.769244140625,2457.59252929688
16.1875,11.758044921875,2457.595703125
16.25,11.756494140625,2457.595703125
16.3125,11.7548017578125,2457.59741210938
16.375,11.75505859375,2457.59423828125
16.4375,11.7544453125,2457.59545898438
16.5,11.751447265625,2457.59545898438
16.5625,11.7576474609375,2457.595703125
16.625,11.7517607421875,2457.595703125
16.6875,12.7441669921875,2457.66381835938
16.75,12.7532060546875,2457.66528320312
16.8125,12.756841796875,2457.66357421875
16.875,12.7625810546875,2457.66357421875
16.9375,12.7528955078125,2457.66357421875
17,12.7546884765625,2457.66381835938
17.0625,12.746291015625,2457.66357421875
17.125,12.7607236328125,2457.66381835938
17.1875,13.7617919921875,2459.21411132812
17.25,13.76065234375,2457.8857421875
17.3125,13.7475322265625,2457.8857421875
17.375,13.75934375,2457.8857421875
17.4375,13.76526171875,2457.8857421875
17.5,13.7599677734375,2457.88623046875
17.5625,13.7575859375,2457.8857421875
17.625,13.7553291015625,2457.88525390625
17.6875,15.76165234375,2457.40893554688
17.75,15.7657685546875,2458.73120117188
17.8125,15.7652333984375,2457.4052734375
17.875,15.7416787109375,2457.40502929688
17.9375,15.76223046875,2457.40698242188
18,15.762521484375,2457.40502929688
18.0625,15.7673525390625,2457.40234375
18.125,15.760548828125,2457.408203125
18.1875,-1.26062158203125,2457.73999023438
18.25,-1.26008984375,2457.73974609375
18.3125,-1.25135327148437,2459.06811523438
18.375,-1.25794360351563,2457.73974609375
18.4375,-1.25155163574219,2457.73974609375
18.5,-1.25322937011719,2457.74145507812
18.5625,-1.25719140625,2457.73999023438
18.625,-1.25243322753906,2457.73999023438
18.6875,-3.25352563476563,2457.86083984375
18.75,-3.25348046875,2457.85986328125
18.8125,-3.25442578125,2459.18896484375
18.875,-3.25286645507812,2459.18920898438
18.9375,-3.25126684570313,2457.86059570312
19,-3.25535498046875,2457.86108398438
19.0625,-3.25577124023437,2457.8603515625
19.125,-3.25891870117188,2457.86108398438
19.1875,-5.2558984375,2458.03442382812
19.25,-5.25544189453125,2458.03344726562
19.3125,-5.25881005859375,2458.03344726562
19.375,-5.25834716796875,2459.36157226562
19.4375,-5.25644287109375,2459.36376953125
19.5,-5.24573828125,2458.033203125
19.5625,-5.2568798828125,2458.033203125
19.625,-5.25688671875,2458.0341796875
19.6875,-5.25792333984375,2457.9306640625
19.75,-5.26137646484375,2457.9306640625
19.8125,-5.25482958984375,2457.93041992188
19.875,-5.2548447265625,2457.93139648438
19.9375,-5.25561572265625,2459.2587890625
20,-5.2554140625,2459.25903320312
20.0625,-5.24807421875,2457.93041992188
20.125,-5.25532763671875,2457.9306640625
20.1875,0.747254760742188,2457.82470703125
20.25,0.744467895507812,2457.82446289062
20.3125,0.743349975585938,2457.8232421875
20.375,0.745730529785156,2457.82446289062
20.4375,0.750210815429687,2457.82446289062
20.5,0.748211608886719,2459.15454101562
20.5625,0.748496032714844,2459.15258789062
20.625,0.751712097167969,2457.82250976562
20.6875,2.7512216796875,2457.70361328125
20.75,2.74485888671875,2457.70361328125
20.8125,2.74993383789062,2457.70532226562
20.875,2.7458994140625,2457.7021484375
20.9375,2.75007666015625,2457.70361328125
21,2.7524677734375,2457.70336914062
21.0625,2.7465908203125,2457.705078125
21.125,2.75099780273437,2459.02978515625
21.1875,0.7439296875,2457.77294921875
21.25,0.748627502441406,2457.77319335938
21.3125,0.746663269042969,2457.77294921875
21.375,0.7453642578125,2457.77490234375
21.4375,0.744354064941406,2457.77197265625
21.5,0.744027160644531,2457.77319335938
21.5625,0.747773498535156,2457.77319335938
21.625,0.749498962402344,2459.10131835938
21.6875,-0.252388427734375,2458.01342773438
21.75,-0.249031112670898,2458.01342773438
21.8125,-0.254305404663086,2458.013671875
21.875,-0.262303314208984,2458.013671875
21.9375,-0.254238662719727,2458.01342773438
22,-0.254922470092773,2458.01025390625
22.0625,-0.247721984863281,2458.01342773438
22.125,-0.257413360595703,2458.01342773438
22.1875,1.75083630371094,2459.01489257812
22.25,1.74405908203125,2459.01586914062
22.3125,1.74879113769531,2457.68701171875
22.375,1.75189697265625,2457.68579101562
22.4375,1.7510908203125,2457.69067382812
22.5,1.74500329589844,2457.6884765625
22.5625,1.74781079101563,2457.68994140625
22.625,1.74535363769531,2457.68701171875
22.6875,-4.25485595703125,2457.638671875
22.75,-7.26027734375,2457.58862304688
22.8125,-7.25822802734375,2457.5888671875
22.875,-7.25910888671875,2457.5888671875
22.9375,-7.2588134765625,2458.91821289062
23,-7.2569111328125,2458.91674804688
23.0625,-7.2506494140625,2457.5888671875
23.125,-7.25910693359375,2457.58911132812
23.1875,-7.25951611328125,2457.59057617188
23.25,-7.26104736328125,2457.58911132812
23.3125,-6.26083740234375,2457.50268554688
23.375,-6.2572451171875,2457.50268554688
23.4375,-6.26231494140625,2457.50268554688
23.5,-6.26045361328125,2457.50268554688
23.5625,-6.258419921875,2458.83081054688
23.625,-6.24804296875,2457.50244140625
23.6875,-6.25857568359375,2457.5009765625
23.75,-6.26061767578125,2457.5029296875
23.8125,50.8031015625,2454.7958984375
23.875,50.8084609375,2454.79467773438
23.9375,50.80673046875,2454.79614257812
24,50.80448828125,2454.796875
24.0625,50.81070703125,2454.79614257812
24.125,50.8083203125,2456.12255859375
24.1875,50.74764453125,2454.798828125
24.25,50.8040703125,2454.79614257812
24.3125,63.82373046875,2454.60180664062
24.375,63.82691796875,2454.6015625
24.4375,63.82696484375,2454.6005859375
24.5,63.8203828125,2454.60180664062
24.5625,63.82146875,2454.59985351562
24.625,63.8258125,2454.5986328125
24.6875,63.82987890625,2454.59985351562
24.75,63.82994921875,2454.60180664062
24.8125,60.823625,2454.6015625
24.875,60.818625,2454.60180664062
24.9375,60.82014453125,2454.6015625
25,60.8171015625,2454.603515625
25.0625,60.8191015625,2454.6015625
25.125,60.8216875,2454.60180664062
25.1875,60.8164765625,2454.60302734375
25.25,60.8195,2454.6015625
25.3125,68.7413125,2454.47705078125
25.375,68.8253125,2454.47680664062
25.4375,68.805296875,2454.47875976562
25.5,68.8343828125,2454.47680664062
25.5625,68.8342109375,2454.47680664062
25.625,68.813328125,2454.47705078125
25.6875,68.832203125,2454.47705078125
25.75,68.8333359375,2454.47705078125
25.8125,122.891390625,2450.7861328125
25.875,122.7101796875,2452.1123046875
25.9375,122.8980703125,2450.7861328125
26,122.8950546875,2450.7861328125
26.0625,122.8543203125,2450.78955078125
26.125,122.8972890625,2450.7861328125
26.1875,122.896640625,2450.7861328125
26.25,122.8964140625,2450.7861328125
26.3125,109.8864609375,2450.72485351562
26.375,109.88565625,2450.72485351562
26.4375,109.71971875,2450.72485351562
26.5,109.885484375,2450.72485351562
26.5625,109.8399140625,2450.72485351562
26.625,109.8471953125,2450.7265625
26.6875,109.8807890625,2450.724609375
26.75,109.881328125,2450.72485351562
26.8125,108.883125,2450.55224609375
26.875,108.8786875,2450.55419921875
26.9375,108.8849453125,2451.87841796875
27,108.720953125,2450.55322265625
27.0625,108.8815234375,2450.55224609375
27.125,108.880296875,2450.55322265625
27.1875,108.843203125,2450.55419921875
27.25,108.8826171875,2450.5537109375
27.3125,104.8768515625,2450.89990234375
27.375,104.87725,2450.89965820312
27.4375,104.87896875,2450.89965820312
27.5,104.8766484375,2450.90063476562
27.5625,104.7193828125,2450.8994140625
27.625,104.8796328125,2450.89965820312
27.6875,104.8746328125,2450.89965820312
27.75,104.84071875,2450.90283203125
27.8125,100.8666875,2450.72973632812
27.875,100.8775234375,2450.73168945312
27.9375,100.878609375,2450.72924804688
28,100.87140625,2450.72998046875
28.0625,100.871859375,2452.05615234375
28.125,100.876609375,2452.05639648438
28.1875,100.8741015625,2450.72973632812
28.25,100.869640625,2450.72998046875
28.3125,101.839234375,2450.90307617188
28.375,101.8743671875,2450.90161132812
28.4375,101.87209375,2450.90307617188
28.5,101.8734375,2450.90356445312
28.5625,101.8760859375,2450.9013671875
28.625,101.86903125,2452.22583007812
28.6875,101.724984375,2452.228515625
28.75,101.874453125,2450.9013671875
28.8125,101.8718046875,2451.00463867188
28.875,101.837609375,2451.0078125
28.9375,101.8765390625,2451.00463867188
29,101.8710625,2451.00463867188
29.0625,101.8727265625,2451.00463867188
29.125,101.8739296875,2451.00463867188
29.1875,101.87621875,2451.00463867188
29.25,101.72728125,2452.33227539062
29.3125,103.873265625,2451.14086914062
29.375,103.8729921875,2451.14233398438
29.4375,103.838265625,2451.14282226562
29.5,103.8729765625,2451.14111328125
29.5625,103.879328125,2451.14111328125
29.625,103.879578125,2451.14111328125
29.6875,103.876734375,2451.14086914062
29.75,103.876546875,2451.13940429688
29.8125,100.726328125,2451.19555664062
29.875,100.8744453125,2451.1943359375
29.9375,100.8404453125,2451.19702148438
30,100.8382890625,2451.1962890625
30.0625,100.8739921875,2451.1943359375
30.125,100.8768125,2451.1943359375
30.1875,100.8718671875,2451.1943359375
30.25,100.8687578125,2451.1943359375
30.3125,101.87575,2452.58715820312
30.375,101.7275234375,2451.26245117188
30.4375,101.8759453125,2451.26245117188
30.5,101.8734765625,2451.2626953125
30.5625,101.84134375,2451.26586914062
30.625,101.8725859375,2451.26245117188
30.6875,101.879125,2451.2626953125
30.75,101.873328125,2451.26245117188
30.8125,100.87665625,2451.14501953125
30.875,100.869359375,2452.47045898438
30.9375,100.7228125,2451.142578125
31,100.8670234375,2451.14282226562
31.0625,100.8727109375,2451.14282226562
31.125,100.837265625,2451.14721679688
31.1875,100.8734375,2451.14282226562
31.25,100.872421875,2451.14282226562
31.3125,100.8803359375,2450.83129882812
31.375,100.8743984375,2450.83129882812
31.4375,100.872375,2452.15747070312
31.5,100.723765625,2450.83471679688
31.5625,100.8714453125,2450.83325195312
31.625,100.87284375,2450.83325195312
31.6875,100.8361171875,2450.83618164062
31.75,100.8731015625,2450.8330078125
31.8125,102.8720546875,2450.96948242188
31.875,102.8724609375,2450.9697265625
31.9375,102.8798203125,2450.9697265625
32,102.8742421875,2450.96948242188
32.0625,102.72175,2452.29614257812
32.125,102.873375,2450.96948242188
32.1875,102.87328125,2450.96948242188
32.25,102.8363125,2450.9716796875
32.3125,101.8739375,2450.9013671875
32.375,101.8736953125,2450.90209960938
32.4375,101.871796875,2450.90283203125
32.5,101.8666171875,2450.9013671875
32.5625,101.8728203125,2450.90356445312
32.625,101.870078125,2450.90161132812
32.6875,101.8764609375,2450.9013671875
32.75,101.876140625,2450.89599609375
32.8125,103.8544921875,2450.88330078125
32.875,103.877171875,2450.88330078125
32.9375,103.8685390625,2450.884765625
33,103.8759609375,2450.88305664062
33.0625,103.8797890625,2452.2099609375
33.125,103.727296875,2450.88305664062
33.1875,103.872296875,2450.884765625
33.25,107.87646875,2450.74536132812
33.3125,107.8546484375,2450.7431640625
33.375,107.88096875,2450.7431640625
33.4375,107.8769453125,2450.74340820312
33.5,107.87890625,2450.74291992188
33.5625,107.8828984375,2450.7431640625
33.625,107.8829296875,2452.07153320312
33.6875,107.7241484375,2450.74291992188
33.75,108.2821640625,2450.85424804688
33.8125,108.884421875,2450.96826171875
33.875,108.85965625,2450.96435546875
33.9375,108.8805390625,2450.96435546875
34,108.8781640625,2450.96630859375
34.0625,108.877859375,2450.96630859375
34.125,108.8854921875,2450.96606445312
34.1875,108.8726328125,2450.96630859375
34.25,108.7197109375,2451.04663085938
34.3125,108.88190625,2451.12255859375
34.375,108.8795,2451.12475585938
34.4375,108.8608828125,2451.12451171875
34.5,108.8771640625,2451.12084960938
34.5625,108.87946875,2451.12109375
34.625,108.88146875,2451.12109375
34.6875,108.8839765625,2451.12036132812
34.75,57.78889453125,2454.75317382812
34.8125,57.81573046875,2454.76123046875
34.875,57.8118984375,2454.75805664062
34.9375,57.8136953125,2454.75805664062
35,57.81381640625,2454.75634765625
35.0625,57.82256640625,2454.75756835938
35.125,57.82039453125,2454.7578125
35.1875,57.81862109375,2454.75756835938
35.25,55.82077734375,2455.13598632812
35.3125,55.7459453125,2455.13720703125
35.375,55.80934375,2455.13623046875
35.4375,55.8164609375,2455.13647460938
35.5,55.81071875,2455.13745117188
35.5625,55.81343359375,2455.13500976562
35.625,55.8201328125,2455.13623046875
35.6875,55.8112265625,2455.13671875
35.75,56.8125390625,2454.84448242188
35.8125,56.81730859375,2454.84399414062
35.875,56.7434609375,2454.84423828125
35.9375,56.81716015625,2454.84399414062
36,56.817796875,2454.8447265625
36.0625,56.8113046875,2454.84423828125
36.125,56.81769921875,2454.84423828125
36.1875,56.81712109375,2454.84228515625
36.25,56.813515625,2455.0498046875
36.3125,56.814390625,2455.04833984375
36.375,56.8122109375,2456.37719726562
36.4375,56.74471484375,2455.0517578125
36.5,56.8166875,2455.05004882812
36.5625,56.79242578125,2455.05004882812
36.625,56.79736328125,2455.05346679688
36.6875,56.8166640625,2455.05029296875
36.75,57.82062890625,2454.96362304688
36.8125,57.81816796875,2454.96484375
36.875,57.8154609375,2456.28833007812
36.9375,57.81711328125,2456.28955078125
37,57.8193203125,2454.96459960938
37.0625,57.8182734375,2454.96362304688
37.125,57.80025390625,2454.96630859375
37.1875,57.81402734375,2454.9658203125
37.25,61.827625,2454.92553710938
37.3125,61.82353125,2454.92700195312
37.375,61.81728125,2454.92724609375
37.4375,61.826453125,2454.92700195312
37.5,61.81840234375,2456.25439453125
37.5625,61.82221875,2454.92333984375
37.625,61.8236015625,2454.92724609375
37.6875,61.7958125,2454.92651367188
37.75,71.809640625,2454.73413085938
37.8125,71.81896875,2454.732421875
37.875,71.831953125,2454.734375
37.9375,71.839171875,2454.73095703125
38,71.8361171875,2454.73266601562
38.0625,71.8305078125,2454.73461914062
38.125,71.8332890625,2454.73266601562
38.1875,71.828953125,2454.732421875
38.25,71.8092890625,2454.6826171875
38.3125,71.808609375,2454.68579101562
38.375,71.821109375,2454.68115234375
38.4375,71.841203125,2454.67919921875
38.5,71.8403125,2454.67895507812
38.5625,71.8401328125,2456.00756835938
38.625,71.833515625,2454.6826171875
38.6875,71.74465625,2454.68115234375
38.75,74.8412109375,2454.47314453125
38.8125,74.8207109375,2454.47607421875
38.875,74.8186953125,2454.4775390625
38.9375,74.8399375,2454.47338867188
39,74.8442265625,2454.4736328125
39.0625,74.845546875,2454.4736328125
39.125,74.8380859375,2455.80493164062
39.1875,74.8380703125,2455.80053710938
39.25,69.8351015625,2454.38916015625
39.3125,69.8335234375,2454.39038085938
39.375,69.8315859375,2454.390625
39.4375,69.8038984375,2454.39086914062
39.5,69.835546875,2454.390625
39.5625,69.8333203125,2454.390625
39.625,69.8316015625,2454.39184570312
39.6875,69.831125,2454.390625
39.75,71.8304609375,2455.75366210938
39.8125,71.8352421875,2454.42358398438
39.875,71.835046875,2454.42529296875
39.9375,71.8076015625,2454.423828125
40,71.813328125,2454.423828125
40.0625,71.8347734375,2454.42407226562
40.125,71.838390625,2454.423828125
40.1875,71.839640625,2454.42529296875
40.25,73.834046875,2455.26977539062
40.3125,73.832703125,2453.94189453125
40.375,73.7398671875,2453.94189453125
40.4375,73.8312421875,2453.9404296875
40.5,73.8116171875,2453.94189453125
40.5625,73.8121640625,2453.9462890625
40.625,73.837859375,2453.94360351562
40.6875,73.834625,2453.93994140625
40.75,73.8401953125,2453.8388671875
40.8125,73.8362421875,2453.84228515625
40.875,73.8392578125,2455.166015625
40.9375,73.8351875,2453.84106445312
41,73.83815625,2453.84033203125
41.0625,73.8358203125,2453.83813476562
41.125,73.8375,2453.8388671875
41.1875,73.839,2453.84057617188
41.25,65.8315703125,2454.32446289062
41.3125,65.83296875,2454.32421875
41.375,65.827203125,2454.32421875
41.4375,65.82896875,2455.65112304688
41.5,65.743078125,2454.32421875
41.5625,65.8294765625,2454.32421875
41.625,65.820515625,2454.32421875
41.6875,65.79965625,2454.32446289062
41.75,31.767890625,2455.87255859375
41.8125,31.781203125,2455.87036132812
41.875,31.78350390625,2455.87060546875
41.9375,31.774962890625,2455.87036132812
42,31.78249609375,2455.87451171875
42.0625,31.7453203125,2455.87036132812
42.125,31.7791875,2455.87036132812
42.1875,31.76744140625,2455.8720703125
42.25,29.77862890625,2455.63330078125
42.3125,29.77721484375,2455.63256835938
42.375,29.78149609375,2455.63110351562
42.4375,29.78085546875,2455.63134765625
42.5,29.780669921875,2455.62890625
42.5625,29.7761875,2455.62939453125
42.625,29.74480078125,2455.63134765625
42.6875,29.7741015625,2455.63134765625
42.75,32.77522265625,2455.990234375
42.8125,32.77280078125,2455.98999023438
42.875,32.7764375,2455.98974609375
42.9375,32.7865546875,2455.98974609375
43,32.7863359375,2455.99047851562
43.0625,32.78679296875,2455.98999023438
43.125,32.7815078125,2455.98950195312
43.1875,32.739365234375,2455.99169921875
43.25,35.79326171875,2456.50244140625
43.3125,35.7839453125,2456.50366210938
43.375,35.76884375,2456.50268554688
43.4375,35.7792890625,2456.50415039062
43.5,35.7884921875,2456.50268554688
43.5625,35.788,2456.50268554688
43.625,35.7857734375,2456.50268554688
43.6875,35.78380859375,2456.50268554688
43.75,38.743484375,2456.14086914062
43.8125,38.79069921875,2456.14086914062
43.875,38.791484375,2456.13891601562
43.9375,38.7718046875,2456.13818359375
44,38.7819609375,2456.14428710938
44.0625,38.7910078125,2456.13891601562
44.125,38.79374609375,2456.14086914062
44.1875,38.79130078125,2456.140625
44.25,23.76981640625,2456.20043945312
44.3125,23.746912109375,2456.20239257812
44.375,23.772796875,2456.20043945312
44.4375,23.7572421875,2456.20239257812
44.5,23.76937890625,2456.20092773438
44.5625,23.767515625,2456.20434570312
44.625,23.77183984375,2456.20043945312
44.6875,23.771603515625,2456.20043945312
44.75,25.773357421875,2457.66650390625
44.8125,25.772033203125,2456.33715820312
44.875,25.7484609375,2456.33569335938
44.9375,25.770853515625,2456.33740234375
45,25.765869140625,2456.33837890625
45.0625,25.763341796875,2456.341796875
45.125,25.76544921875,2456.33862304688
45.1875,25.7796640625,2456.33642578125
45.25,20.76887109375,2456.45971679688
45.3125,20.762064453125,2457.78857421875
45.375,20.7712578125,2456.46020507812
45.4375,20.767087890625,2456.46142578125
45.5,20.762474609375,2456.45629882812
45.5625,20.764580078125,2456.4580078125
45.625,20.760916015625,2456.46142578125
45.6875,20.767390625,2456.4638671875
45.75,8.7595224609375,2456.41455078125
45.8125,8.753533203125,2456.41455078125
45.875,8.7501083984375,2456.41552734375
45.9375,8.7560390625,2456.41723632812
46,8.754166015625,2456.41333007812
46.0625,8.7584365234375,2456.41674804688
46.125,8.7552880859375,2456.416015625
46.1875,8.754373046875,2456.41455078125
46.25,4.74812060546875,2456.60668945312
46.3125,4.7486669921875,2456.60522460938
46.375,4.75354736328125,2456.60546875
46.4375,4.7546162109375,2456.60717773438
46.5,4.74917578125,2456.60620117188
46.5625,4.7422978515625,2456.60668945312
46.625,4.7525947265625,2456.60717773438
46.6875,4.74915625,2456.60668945312
46.75,10.750603515625,2456.96215820312
46.8125,10.7568076171875,2456.96362304688
46.875,10.7581796875,2456.96044921875
46.9375,10.7528056640625,2456.96215820312
47,10.75981640625,2456.96215820312
47.0625,10.7551962890625,2456.96240234375
47.125,10.7413857421875,2456.96337890625
47.1875,10.7581025390625,2456.9619140625
47.25,24.77182421875,2456.67993164062
47.3125,24.765548828125,2456.68188476562
47.375,24.77126171875,2456.68188476562
47.4375,24.7696796875,2456.68017578125
47.5,24.772318359375,2456.68090820312
47.5625,24.77314453125,2458.00927734375
47.625,24.7753046875,2456.6806640625
47.6875,24.742177734375,2456.68017578125
47.75,141.87159375,2448.62158203125
47.8125,141.869984375,2448.62768554688
47.875,141.86871875,2448.62768554688
47.9375,141.915359375,2448.62353515625
48,141.920265625,2448.62353515625
48.0625,141.9081875,2448.62353515625
48.125,141.914046875,2448.62329101562
48.1875,141.915859375,2448.62353515625
48.25,138.68471875,2450.05712890625
48.3125,138.9113125,2448.728515625
48.375,138.907875,2448.72875976562
48.4375,138.88096875,2448.73095703125
48.5,138.91125,2448.728515625
48.5625,138.912984375,2448.72900390625
48.625,138.911453125,2448.728515625
48.6875,138.908796875,2448.728515625
48.75,149.9179375,2448.80932617188
48.8125,149.91878125,2448.80810546875
48.875,149.92178125,2448.80810546875
48.9375,149.91478125,2448.80834960938
49,149.882,2448.8125
49.0625,149.91765625,2448.80834960938
49.125,149.92878125,2448.81030273438
49.1875,149.924015625,2448.80639648438
49.25,140.915359375,2448.96997070312
49.3125,140.91765625,2448.96850585938
49.375,140.683875,2450.29443359375
49.4375,140.9148125,2448.96875
49.5,140.869171875,2448.9697265625
49.5625,140.880328125,2448.97265625
49.625,140.913140625,2448.96875
49.6875,140.917421875,2448.970703125
49.75,196.91446875,2445.556640625
49.8125,196.952859375,2445.55810546875
49.875,196.95465625,2445.55737304688
49.9375,196.959484375,2445.55737304688
50,196.967125,2445.55712890625
50.0625,196.893703125,2445.5625
50.125,196.8896875,2445.56201171875
50.1875,196.959265625,2445.55737304688
50.25,176.944890625,2446.51953125
50.3125,176.943890625,2446.51782226562
50.375,176.939796875,2446.51782226562
50.4375,176.945421875,2446.51782226562
50.5,176.938234375,2446.51782226562
50.5625,176.948453125,2446.51782226562
50.625,176.88221875,2446.51782226562
50.6875,176.902484375,2446.52368164062
50.75,148.92253125,2448.01635742188
50.8125,148.92640625,2448.01635742188
50.875,148.92496875,2448.01635742188
50.9375,148.921,2448.01782226562
51,148.9223125,2448.01928710938
51.0625,148.92265625,2449.34204101562
51.125,148.927140625,2448.0185546875
51.1875,148.8746875,2448.0205078125
51.25,128.8688046875,2448.97924804688
51.3125,128.9016171875,2448.97534179688
51.375,128.9022578125,2448.97534179688
51.4375,128.9032734375,2448.9755859375
51.5,128.9060703125,2448.97534179688
51.5625,128.897875,2448.97534179688
51.625,128.9045,2448.97802734375
51.6875,128.9005625,2448.97534179688
51.75,101.883421875,2450.33374023438
51.8125,101.8482109375,2450.33666992188
51.875,101.8741953125,2450.33154296875
51.9375,101.87140625,2450.33349609375
52,101.8754765625,2450.33349609375
52.0625,101.8750078125,2450.33349609375
52.125,101.872046875,2450.33422851562
52.1875,101.870359375,2450.33374023438
52.25,95.867953125,2450.59497070312
52.3125,95.83021875,2450.59497070312
52.375,95.8475234375,2450.59838867188
52.4375,95.8670625,2450.59326171875
52.5,95.868265625,2450.59521484375
52.5625,95.865671875,2450.5947265625
52.625,95.8685859375,2450.59497070312
52.6875,95.862609375,2450.59887695312
52.75,90.8635078125,2451.33740234375
52.8125,90.858859375,2451.33740234375
52.875,90.8350546875,2451.33764648438
52.9375,90.8614375,2451.33764648438
53,90.861359375,2451.33764648438
53.0625,90.8621796875,2451.33740234375
53.125,90.865359375,2451.33618164062
53.1875,90.854578125,2451.33740234375
53.25,79.8439921875,2451.93017578125
53.3125,79.84725,2451.92846679688
53.375,79.8481484375,2451.92822265625
53.4375,79.8235859375,2451.93115234375
53.5,79.824109375,2451.93139648438
53.5625,79.8467578125,2451.92846679688
53.625,79.851703125,2451.92846679688
53.6875,79.845390625,2451.92822265625
53.75,71.828578125,2452.05517578125
53.8125,71.7389296875,2452.05322265625
53.875,71.8363515625,2452.05297851562
53.9375,71.831234375,2452.05419921875
54,71.827703125,2452.05590820312
54.0625,71.8091953125,2452.05590820312
54.125,71.8361875,2452.05639648438
54.1875,71.831453125,2452.05297851562
54.25,82.854,2452.03002929688
54.3125,82.8443359375,2452.02978515625
54.375,82.849828125,2452.03173828125
54.4375,82.8489453125,2452.02978515625
54.5,82.8451875,2452.02978515625
54.5625,82.8305703125,2452.02978515625
54.625,82.8189921875,2452.03271484375
54.6875,82.84953125,2452.02978515625
54.75,77.8433359375,2452.56713867188
54.8125,77.8444140625,2452.56567382812
54.875,77.84015625,2452.5654296875
54.9375,77.7434609375,2452.5654296875
55,77.84553125,2452.5654296875
55.0625,77.846265625,2452.56713867188
55.125,77.8209765625,2452.56811523438
55.1875,77.8214609375,2452.56811523438
55.25,73.8363515625,2452.70532226562
55.3125,73.837140625,2452.70532226562
55.375,73.84134375,2452.70727539062
55.4375,73.836125,2452.705078125
55.5,73.7371171875,2452.70825195312
55.5625,73.84203125,2452.70703125
55.625,73.8371640625,2452.70532226562
55.6875,73.821671875,2452.70629882812
55.75,63.80390234375,2453.05444335938
55.8125,63.82146875,2453.05639648438
55.875,63.82580078125,2453.05615234375
55.9375,63.82456640625,2453.05444335938
56,63.82434375,2453.05590820312
56.0625,63.823765625,2453.0556640625
56.125,63.82278125,2453.0546875
56.1875,63.83075,2453.05346679688
56.25,57.8002265625,2453.26611328125
56.3125,57.79994140625,2453.26635742188
56.375,57.8193046875,2453.26391601562
56.4375,57.81771484375,2453.2626953125
56.5,57.810453125,2453.26391601562
56.5625,57.80954296875,2454.59106445312
56.625,57.811390625,2453.26416015625
56.6875,57.81725,2453.26708984375
56.75,57.822453125,2453.52124023438
56.8125,57.8053125,2453.52172851562
56.875,57.8001640625,2453.52392578125
56.9375,57.81739453125,2453.52319335938
57,57.817609375,2453.52294921875
57.0625,57.8174140625,2453.52514648438
57.125,57.817203125,2454.85034179688
57.1875,57.8119296875,2453.52368164062
57.25,57.81666796875,2453.62475585938
57.3125,57.81902734375,2453.6279296875
57.375,57.800171875,2453.62890625
57.4375,57.7988984375,2453.626953125
57.5,57.8120859375,2453.62475585938
57.5625,57.8171484375,2453.62353515625
57.625,57.81015234375,2453.62524414062
57.6875,57.81441796875,2454.95263671875
57.75,58.8151640625,2453.53686523438
57.8125,58.81931640625,2453.53979492188
57.875,58.81784375,2453.5380859375
57.9375,58.80496875,2453.5380859375
58,58.80413671875,2453.53833007812
58.0625,58.81666796875,2453.53784179688
58.125,58.81591796875,2453.53833007812
58.1875,58.8224375,2453.53955078125
58.25,67.74721875,2454.912109375
58.3125,67.830421875,2453.58374023438
58.375,67.8277890625,2453.58471679688
58.4375,67.830359375,2453.58178710938
58.5,67.830640625,2453.58471679688
58.5625,67.833375,2453.5849609375
58.625,67.826,2453.5830078125
58.6875,67.82915625,2453.58325195312
58.75,27.7780546875,2457.44287109375
58.8125,27.745162109375,2456.11254882812
58.875,27.77320703125,2456.11450195312
58.9375,27.78009375,2456.11279296875
59,27.7779609375,2456.11254882812
59.0625,27.776310546875,2456.11108398438
59.125,27.772103515625,2456.11279296875
59.1875,27.7785234375,2456.11279296875
59.25,26.772884765625,2456.0947265625
59.3125,26.775689453125,2457.42333984375
59.375,26.7458828125,2456.099609375
59.4375,26.780029296875,2456.09594726562
59.5,26.77210546875,2456.09692382812
59.5625,26.776396484375,2456.09594726562
59.625,26.783408203125,2456.09423828125
59.6875,26.7765078125,2456.09399414062
59.75,22.767681640625,2456.2353515625
59.8125,22.766275390625,2456.23608398438
59.875,22.77219921875,2457.56274414062
59.9375,22.7744375,2456.23461914062
60,22.766056640625,2456.23559570312
60.0625,22.767970703125,2456.23486328125
60.125,22.767701171875,2456.236328125
60.1875,22.767078125,2456.23388671875
60.25,28.77331640625,2456.12939453125
60.3125,28.779953125,2456.12915039062
60.375,28.779900390625,2456.13037109375
60.4375,28.7828359375,2457.45458984375
60.5,28.779576171875,2456.1298828125
60.5625,28.780755859375,2456.12817382812
60.625,28.7795078125,2456.13110351562
60.6875,28.779380859375,2456.12939453125
60.75,28.7834765625,2455.97314453125
60.8125,28.78246484375,2455.97583007812
60.875,28.777880859375,2455.97680664062
60.9375,28.776875,2455.97485351562
61,28.77771875,2457.30200195312
61.0625,28.748654296875,2455.9755859375
61.125,28.751904296875,2455.97485351562
61.1875,28.767576171875,2455.97680664062
61.25,28.776134765625,2456.07788085938
61.3125,28.7688515625,2456.07861328125
61.375,28.765583984375,2456.07958984375
61.4375,28.774123046875,2456.07934570312
61.5,28.775474609375,2456.078125
61.5625,28.779470703125,2457.40844726562
61.625,28.780841796875,2456.07861328125
61.6875,28.77570703125,2456.07788085938
61.75,32.78717578125,2455.88696289062
61.8125,32.7830234375,2455.88549804688
61.875,32.784796875,2455.88549804688
61.9375,32.7862890625,2455.88525390625
62,32.78411328125,2455.88891601562
62.0625,32.78289453125,2455.88891601562
62.125,32.78087109375,2457.21704101562
62.1875,32.74728125,2455.88818359375
62.25,27.7478125,2456.01245117188
62.3125,27.78112109375,2456.01123046875
62.375,27.774501953125,2456.0078125
62.4375,27.767380859375,2456.00610351562
62.5,27.76525,2456.00952148438
62.5625,27.781619140625,2456.00927734375
62.625,27.775076171875,2456.01000976562
62.6875,27.779671875,2457.3369140625
62.75,26.776193359375,2456.04614257812
62.8125,26.77544140625,2456.04345703125
62.875,26.775833984375,2456.04443359375
62.9375,26.7735234375,2456.04736328125
63,26.779126953125,2456.04296875
63.0625,26.7778359375,2456.04467773438
63.125,26.775263671875,2456.04467773438
63.1875,26.77373046875,2456.04443359375
63.25,22.771685546875,2457.20458984375
63.3125,22.74694140625,2455.87524414062
63.375,22.748474609375,2455.87548828125
63.4375,22.76945703125,2455.87524414062
63.5,22.767291015625,2455.876953125
63.5625,22.76221484375,2455.87353515625
63.625,22.757599609375,2455.87548828125
63.6875,22.772685546875,2455.87768554688
63.75,18.7640546875,2455.91064453125
63.8125,18.7667421875,2457.23876953125
63.875,18.76563671875,2455.91259765625
63.9375,18.76824609375,2455.91186523438
64,18.763900390625,2455.91479492188
64.0625,18.7655390625,2455.91357421875
64.125,18.769513671875,2455.91040039062
64.1875,18.77132421875,2455.91137695312
64.25,24.77668359375,2455.65283203125
64.3125,24.777712890625,2455.65234375
64.375,24.772947265625,2456.97827148438
64.4375,24.77459765625,2455.65112304688
64.5,24.747169921875,2455.65112304688
64.5625,24.77130078125,2455.65087890625
64.625,24.771451171875,2455.65185546875
64.6875,24.770609375,2455.65551757812
64.75,30.7652890625,2456.00610351562
64.8125,30.7788515625,2456.00805664062
64.875,30.781669921875,2456.009765625
64.9375,30.780736328125,2456.00805664062
65,30.781998046875,2456.00854492188
65.0625,30.746705078125,2456.00805664062
65.125,30.7834296875,2456.0078125
65.1875,30.77887109375,2456.01098632812
65.25,37.784125,2456.07104492188
65.3125,37.7939375,2456.07275390625
65.375,37.783875,2456.07446289062
65.4375,37.78595703125,2456.07275390625
65.5,37.790796875,2456.07275390625
65.5625,37.7477265625,2456.0732421875
65.625,37.74871875,2456.07275390625
65.6875,37.78965625,2456.07299804688
65.75,6.7450322265625,2457.87255859375
65.8125,6.74985693359375,2457.87133789062
65.875,6.75229443359375,2457.87255859375
65.9375,6.748615234375,2457.87255859375
66,6.75326416015625,2457.87255859375
66.0625,6.7526005859375,2459.19897460938
66.125,6.7575546875,2457.87255859375
66.1875,6.75500439453125,2457.87255859375
66.25,4.75344677734375,2457.83959960938
66.3125,4.74823486328125,2457.83935546875
66.375,4.754703125,2457.83813476562
66.4375,4.7465693359375,2457.84106445312
66.5,4.75170458984375,2457.83959960938
66.5625,4.751814453125,2457.83911132812
66.625,4.75211328125,2459.16772460938
66.6875,4.75428564453125,2457.83935546875
66.75,1.74594653320312,2457.68676757812
66.8125,1.75197692871094,2457.68676757812
66.875,1.74812145996094,2457.6884765625
66.9375,1.74727209472656,2457.685546875
67,1.74731860351562,2457.68676757812
67.0625,1.74765551757812,2457.68676757812
67.125,1.74712365722656,2457.68701171875
67.1875,1.74776721191406,2457.68920898438
67.25,2.7492861328125,2457.65209960938
67.3125,2.7465517578125,2457.65209960938
67.375,2.751177734375,2457.654296875
67.4375,2.749240234375,2457.65551757812
67.5,2.74858813476563,2457.65209960938
67.5625,2.74732592773438,2457.65209960938
67.625,2.74366186523438,2457.65209960938
67.6875,3.7516123046875,2459.15283203125
67.75,3.75196118164062,2457.82275390625
67.8125,3.74651879882812,2457.82275390625
67.875,3.74996240234375,2457.82275390625
67.9375,3.7463857421875,2457.82299804688
68,3.7505341796875,2457.8203125
68.0625,3.75079272460937,2457.82275390625
68.125,3.74491674804688,2457.82299804688
68.1875,-0.254523223876953,2457.91064453125
68.25,-0.251376068115234,2459.23901367188
68.3125,-0.256593475341797,2457.91064453125
68.375,-0.251505950927734,2457.91088867188
68.4375,-0.251300048828125,2457.91064453125
68.5,-0.253237594604492,2457.91259765625
68.5625,-0.259972503662109,2457.91088867188
68.625,-0.257046142578125,2457.91088867188
68.6875,2.74789501953125,2457.6005859375
68.75,2.74829833984375,2457.6005859375
68.8125,2.75341430664063,2458.92846679688
68.875,2.75208178710938,2457.60302734375
68.9375,2.74937573242187,2457.60205078125
69,2.74976733398438,2457.6005859375
69.0625,2.75093725585937,2457.6015625
69.125,2.74729370117188,2457.59936523438
69.1875,4.75322265625,2457.7353515625
69.25,4.75084521484375,2457.73828125
69.3125,4.7498203125,2457.73681640625
69.375,4.75108935546875,2459.06469726562
69.4375,4.7442138671875,2457.73852539062
69.5,4.7461865234375,2457.73657226562
69.5625,4.7537275390625,2457.7373046875
69.625,4.74806201171875,2457.736328125
69.6875,7.756919921875,2457.68408203125
69.75,7.75064501953125,2457.68359375
69.8125,7.7499013671875,2457.68359375
69.875,7.7562939453125,2457.68359375
69.9375,7.75320068359375,2459.01171875
70,7.75462109375,2457.68359375
70.0625,7.74597216796875,2457.68359375
70.125,7.7544501953125,2457.68334960938
70.1875,5.75263623046875,2457.70166015625
70.25,5.74886181640625,2457.70043945312
70.3125,5.74862548828125,2457.70190429688
70.375,5.75015576171875,2457.70483398438
70.4375,5.74638818359375,2457.70190429688
70.5,5.7520068359375,2459.02978515625
70.5625,5.7559521484375,2457.70385742188
70.625,5.74596826171875,2457.70361328125
70.6875,6.7541123046875,2457.66943359375
70.75,6.7499609375,2457.66845703125
70.8125,6.754181640625,2457.66577148438
70.875,6.75324658203125,2457.66528320312
70.9375,6.7513896484375,2457.66650390625
71,6.753126953125,2457.66674804688
71.0625,6.75540673828125,2458.9951171875
71.125,6.75252197265625,2457.66723632812
71.1875,3.74806274414063,2457.82299804688
71.25,3.74603759765625,2457.8232421875
71.3125,3.74853247070312,2457.82446289062
71.375,3.74589526367187,2457.8203125
71.4375,3.75037329101563,2457.82153320312
71.5,3.74983642578125,2457.82299804688
71.5625,3.74835595703125,2457.82275390625
71.625,3.74426196289062,2457.82299804688
71.6875,27.7816875,2456.37036132812
71.75,27.7408359375,2456.36791992188
71.8125,27.7806015625,2456.37182617188
71.875,27.77362109375,2456.36987304688
71.9375,27.784294921875,2456.36938476562
72,27.76543359375,2456.369140625
72.0625,27.7774140625,2456.36987304688
72.125,27.777771484375,2456.36987304688
72.1875,28.7790078125,2456.43798828125
72.25,28.779927734375,2456.4384765625
72.3125,28.773580078125,2456.43798828125
72.375,28.776537109375,2456.43994140625
72.4375,28.776818359375,2456.43798828125
72.5,28.7830625,2456.43334960938
72.5625,28.777435546875,2456.43725585938
72.625,28.77873046875,2456.43798828125
72.6875,32.7838515625,2456.14208984375
72.75,32.78657421875,2456.14428710938
72.8125,32.78493359375,2456.14404296875
72.875,32.749279296875,2456.14428710938
72.9375,32.7839453125,2456.14428710938
73,32.78083984375,2456.14428710938
73.0625,32.7854765625,2456.142578125
73.125,32.77590625,2456.14428710938
73.1875,30.780884765625,2456.16064453125
73.25,30.783240234375,2456.16259765625
73.3125,30.78306640625,2456.16259765625
73.375,30.785732421875,2456.16284179688
73.4375,30.77836328125,2456.16284179688
73.5,30.7780546875,2456.16235351562
73.5625,30.778185546875,2456.1640625
73.625,30.786705078125,2456.16064453125
73.6875,64.81485546875,2453.63818359375
73.75,64.81980859375,2453.63891601562
73.8125,64.82470703125,2453.63818359375
73.875,64.82921484375,2453.63818359375
73.9375,64.7469453125,2454.96508789062
74,64.82582421875,2453.63818359375
74.0625,64.83016796875,2453.63989257812
74.125,64.82646484375,2453.63989257812
74.1875,61.81004296875,2453.53686523438
74.25,61.81070703125,2453.53662109375
74.3125,61.82229296875,2453.53857421875
74.375,61.8191015625,2453.53833007812
74.4375,61.82283203125,2453.53686523438
74.5,61.82739453125,2454.86206054688
74.5625,61.8191015625,2453.53662109375
74.625,61.82146484375,2453.53662109375
74.6875,60.8201796875,2453.8291015625
74.75,60.8283203125,2453.82788085938
74.8125,60.81941796875,2453.8291015625
74.875,60.8217265625,2453.83032226562
74.9375,60.82033203125,2453.82934570312
75,60.822921875,2453.8291015625
75.0625,60.82651171875,2455.15649414062
75.125,60.7450390625,2453.8291015625
75.1875,57.81380859375,2453.8291015625
75.25,57.821,2453.830078125
75.3125,57.8066171875,2453.82861328125
75.375,57.8118359375,2453.83081054688
75.4375,57.8144140625,2453.83422851562
75.5,57.815671875,2453.83056640625
75.5625,57.8200078125,2453.83178710938
75.625,57.8216015625,2453.83203125
75.6875,54.74713671875,2453.72802734375
75.75,54.8172734375,2453.7294921875
75.8125,54.80848046875,2453.72924804688
75.875,54.8144921875,2453.7314453125
75.9375,54.79652734375,2453.72778320312
76,54.8066875,2453.7294921875
76.0625,54.8112578125,2453.72924804688
76.125,54.81387890625,2453.72924804688
76.1875,56.74188671875,2453.86645507812
76.25,56.74673828125,2453.86596679688
76.3125,56.8141953125,2453.86572265625
76.375,56.8142109375,2453.86547851562
76.4375,56.82191796875,2453.86352539062
76.5,56.80060546875,2453.86572265625
76.5625,56.81582421875,2453.86572265625
76.625,56.810171875,2453.86450195312
76.6875,58.820078125,2454.001953125
76.75,58.75198828125,2455.32934570312
76.8125,58.7464296875,2454.001953125
76.875,58.81776953125,2454.00219726562
76.9375,58.81688671875,2454.001953125
77,58.82366796875,2453.99951171875
77.0625,58.81866796875,2454.00170898438
77.125,58.820671875,2454.00415039062
77.1875,59.8180703125,2454.07006835938
77.25,59.821359375,2454.0703125
77.3125,59.82184765625,2455.396484375
77.375,59.74932421875,2454.07006835938
77.4375,59.8171796875,2454.07006835938
77.5,59.82022265625,2454.07202148438
77.5625,59.81431640625,2454.06787109375
77.625,59.81605078125,2454.06958007812
77.6875,60.81953515625,2454.08666992188
77.75,60.82006640625,2454.08666992188
77.8125,60.81620703125,2454.0869140625
77.875,60.75232421875,2455.41381835938
77.9375,60.82158984375,2454.08666992188
78,60.824796875,2454.08642578125
78.0625,60.82230078125,2454.0869140625
78.125,60.8133125,2454.08276367188
78.1875,57.79832421875,2454.03857421875
78.25,57.82289453125,2454.03662109375
78.3125,57.815828125,2454.03466796875
78.375,57.81244921875,2455.36303710938
78.4375,57.81147265625,2454.03686523438
78.5,57.81159765625,2454.03686523438
78.5625,57.81274609375,2454.037109375
78.625,57.7951953125,2454.03686523438
78.6875,57.804953125,2454.037109375
78.75,57.81752734375,2454.03784179688
78.8125,57.81719140625,2454.03857421875
78.875,57.8152265625,2454.03686523438
78.9375,57.81269921875,2455.36328125
79,57.81698828125,2454.03686523438
79.0625,57.81378125,2454.03881835938
79.125,57.81386328125,2454.03686523438
79.1875,58.7919296875,2453.94897460938
79.25,58.80434375,2453.95043945312
79.3125,58.821859375,2453.94848632812
79.375,58.81836328125,2453.95239257812
79.4375,58.81848046875,2453.95043945312
79.5,58.818109375,2455.275390625
79.5625,58.7462890625,2453.951171875
79.625,58.813703125,2453.95043945312
79.6875,56.79547265625,2453.91723632812
79.75,56.79603515625,2453.91918945312
79.8125,56.80073828125,2453.91723632812
79.875,56.81905078125,2453.91748046875
79.9375,56.81751171875,2453.91723632812
80,56.8177734375,2453.91748046875
80.0625,56.81533984375,2455.24487304688
80.125,56.74619140625,2453.9189453125
80.1875,58.81652734375,2453.89916992188
80.25,58.81294921875,2453.89697265625
80.3125,58.8014453125,2453.89990234375
80.375,58.8103359375,2453.90112304688
80.4375,58.82326171875,2453.90014648438
80.5,58.82250390625,2453.89794921875
80.5625,58.81508984375,2453.89916992188
80.625,58.817265625,2453.90014648438
80.6875,62.823625,2453.8623046875
80.75,62.82016796875,2453.861328125
80.8125,62.80102734375,2453.86254882812
80.875,62.804140625,2453.86499023438
80.9375,62.81387890625,2453.86279296875
81,62.8261796875,2453.86254882812
81.0625,62.82651953125,2453.86181640625
81.125,62.819328125,2453.8642578125
81.1875,65.826515625,2455.13330078125
81.25,65.7397578125,2453.80908203125
81.3125,65.8240625,2453.80908203125
81.375,65.8291484375,2453.80932617188
81.4375,65.8241171875,2453.810546875
81.5,65.8200859375,2453.81176757812
81.5625,65.830765625,2453.80908203125
81.625,65.8298671875,2453.80883789062
81.6875,65.8250703125,2454.06567382812
81.75,65.8283515625,2455.39282226562
81.8125,65.74253125,2454.06665039062
81.875,65.827125,2454.0703125
81.9375,65.8261953125,2454.06884765625
82,65.8246484375,2454.06665039062
82.0625,65.81975,2454.0693359375
82.125,65.8289375,2454.06860351562
82.1875,61.82317578125,2454.0537109375
82.25,61.8183828125,2454.05322265625
82.3125,61.823421875,2455.37622070312
82.375,61.8184921875,2454.0517578125
82.4375,61.81796484375,2454.0517578125
82.5,61.81740234375,2454.05151367188
82.5625,61.79823046875,2454.05200195312
82.625,61.81121484375,2454.05419921875
82.6875,27.783556640625,2456.21557617188
82.75,27.77698046875,2456.2158203125
82.8125,27.774080078125,2456.2158203125
82.875,27.77399609375,2457.54565429688
82.9375,27.745130859375,2456.21557617188
83,27.77775,2456.21557617188
83.0625,27.7658671875,2456.21704101562
83.125,27.77616015625,2456.21557617188
83.1875,27.770599609375,2456.11474609375
83.25,27.7827578125,2456.1123046875
83.3125,27.7783203125,2456.11083984375
83.375,27.77798046875,2456.11083984375
83.4375,27.771904296875,2457.4423828125
83.5,27.749705078125,2456.11254882812
83.5625,27.775544921875,2456.11328125
83.625,27.76731640625,2456.1142578125
83.6875,27.769853515625,2456.42016601562
83.75,27.767845703125,2456.42309570312
83.8125,27.779064453125,2456.4228515625
83.875,27.776947265625,2456.42138671875
83.9375,27.778158203125,2456.4228515625
84,27.774005859375,2457.74877929688
84.0625,27.774951171875,2456.42114257812
84.125,27.774150390625,2456.42138671875
84.1875,29.77415234375,2456.35180664062
84.25,29.7755078125,2456.3515625
84.3125,29.7735078125,2456.35327148438
84.375,29.78547265625,2456.353515625
84.4375,29.782642578125,2456.3525390625
84.5,29.781029296875,2456.3515625
84.5625,29.774724609375,2456.35327148438
84.625,29.745775390625,2456.3515625
84.6875,31.778474609375,2456.1279296875
84.75,31.770826171875,2456.1279296875
84.8125,31.7676796875,2456.130859375
84.875,31.779341796875,2456.1298828125
84.9375,31.785353515625,2456.12768554688
85,31.781498046875,2456.12768554688
85.0625,31.778001953125,2457.45532226562
85.125,31.778478515625,2457.4580078125
85.1875,28.742474609375,2455.92358398438
85.25,28.775205078125,2455.92309570312
85.3125,28.769369140625,2455.92309570312
85.375,28.77446484375,2455.92407226562
85.4375,28.771337890625,2455.92651367188
85.5,28.782740234375,2455.923828125
85.5625,28.775,2455.92333984375
85.625,28.780376953125,2455.92358398438
85.6875,28.780044921875,2457.302734375
85.75,28.743845703125,2455.97485351562
85.8125,28.78337890625,2455.97485351562
85.875,28.776529296875,2455.97509765625
85.9375,28.765609375,2455.97509765625
86,28.772076171875,2455.97680664062
86.0625,28.7756484375,2455.97485351562
86.125,28.77933203125,2455.9775390625
86.1875,30.783744140625,2456.00805664062
86.25,30.779951171875,2457.33569335938
86.3125,30.7746015625,2456.00830078125
86.375,30.779013671875,2456.00830078125
86.4375,30.765701171875,2456.00927734375
86.5,30.7768984375,2456.00830078125
86.5625,30.77691796875,2456.01000976562
86.625,30.78466015625,2456.00805664062
86.6875,24.7734453125,2456.0126953125
86.75,24.77399609375,2456.01147460938
86.8125,24.77329296875,2457.33740234375
86.875,24.7442734375,2456.01025390625
86.9375,24.77033203125,2456.01123046875
87,24.76661328125,2456.01025390625
87.0625,24.768658203125,2456.01147460938
87.125,24.76839453125,2456.01318359375
87.1875,30.783474609375,2456.26733398438
87.25,30.7815625,2456.263671875
87.3125,30.783359375,2456.26708984375
87.375,30.776005859375,2456.26733398438
87.4375,30.74116796875,2456.265625
87.5,30.7798125,2456.26611328125
87.5625,30.766986328125,2456.26733398438
87.625,30.779451171875,2456.26733398438
87.6875,31.779185546875,2456.38500976562
87.75,31.78444140625,2456.38623046875
87.8125,31.783654296875,2456.384765625
87.875,31.77606640625,2456.384765625
87.9375,31.781234375,2457.71264648438
88,31.746177734375,2456.384765625
88.0625,31.7826328125,2456.38305664062
88.125,31.779158203125,2456.38305664062
88.1875,31.780380859375,2456.384765625
88.25,31.7777734375,2456.38671875
88.3125,31.782349609375,2456.384765625
88.375,31.775822265625,2456.38500976562
88.4375,31.781400390625,2457.71215820312
88.5,31.7841484375,2457.71264648438
88.5625,31.746806640625,2456.38500976562
88.625,31.777529296875,2456.384765625
88.6875,30.77598828125,2456.47192382812
88.75,30.779978515625,2456.47119140625
88.8125,30.7772109375,2456.47094726562
88.875,30.777091796875,2456.47119140625
88.9375,30.775751953125,2456.47094726562
89,30.776609375,2456.47241210938
89.0625,30.782875,2457.79907226562
89.125,30.74829296875,2456.47094726562
89.1875,33.7877734375,2456.3154296875
89.25,33.7734765625,2456.31640625
89.3125,33.77462109375,2456.31689453125
89.375,33.7859375,2456.31518554688
89.4375,33.78449609375,2456.31518554688
89.5,33.78402734375,2456.3154296875
89.5625,33.77978515625,2457.64233398438
89.625,33.73983203125,2456.31689453125
89.6875,7.752796875,2457.99072265625
89.75,7.75368505859375,2457.99194335938
89.8125,7.75675146484375,2457.99194335938
89.875,7.75179638671875,2457.99340820312
89.9375,7.751837890625,2457.99194335938
90,7.75661865234375,2457.99169921875
90.0625,7.75313623046875,2457.99194335938
90.125,7.7572509765625,2459.32177734375
90.1875,7.75258251953125,2458.09497070312
90.25,7.75496044921875,2458.09448242188
90.3125,7.75523388671875,2458.09790039062
90.375,7.75505859375,2458.0947265625
90.4375,7.7481474609375,2458.09619140625
90.5,7.74971044921875,2458.0947265625
90.5625,7.75405810546875,2458.09448242188
90.625,7.75634619140625,2459.4228515625
90.6875,6.75194970703125,2459.35595703125
90.75,6.7496494140625,2458.02685546875
90.8125,6.7551455078125,2458.02685546875
90.875,6.7549111328125,2458.02661132812
90.9375,6.7537861328125,2458.02661132812
91,6.74872802734375,2458.0302734375
91.0625,6.75074365234375,2458.02880859375
91.125,6.75027490234375,2458.02661132812
91.1875,10.757533203125,2457.93896484375
91.25,10.7561083984375,2459.26928710938
91.3125,10.7539833984375,2457.93896484375
91.375,10.755580078125,2457.93896484375
91.4375,10.761076171875,2457.93896484375
91.5,10.761294921875,2457.93701171875
91.5625,10.7529345703125,2457.9423828125
91.625,10.753044921875,2457.93896484375
91.6875,8.754396484375,2457.85620117188
91.75,8.75448828125,2457.8544921875
91.8125,8.7555048828125,2459.18237304688
91.875,8.7458896484375,2457.85424804688
91.9375,8.757583984375,2457.85424804688
92,8.7576513671875,2457.8544921875
92.0625,8.75627734375,2457.85424804688
92.125,8.7539638671875,2457.85473632812
92.1875,7.7550712890625,2458.04345703125
92.25,7.74921923828125,2458.04321289062
92.3125,7.75120556640625,2458.04248046875
92.375,7.75741455078125,2458.04516601562
92.4375,7.7528408203125,2458.04321289062
92.5,7.754990234375,2458.04516601562
92.5625,7.75330224609375,2458.04321289062
92.625,7.75352783203125,2458.04345703125
92.6875,6.750974609375,2457.72119140625
92.75,6.752046875,2457.71850585938
92.8125,6.75388232421875,2457.71826171875
92.875,6.75130029296875,2457.71850585938
92.9375,6.75355419921875,2459.04467773438
93,6.749193359375,2457.71850585938
93.0625,6.750359375,2457.71826171875
93.125,6.7568896484375,2457.71826171875
93.1875,2.7510849609375,2457.65209960938
93.25,2.74658129882812,2457.65551757812
93.3125,2.74652270507812,2457.65209960938
93.375,2.74958959960937,2457.6552734375
93.4375,2.7449951171875,2457.65185546875
93.5,2.74921069335937,2458.98071289062
93.5625,2.73958911132812,2457.65209960938
93.625,2.74836572265625,2457.65405273438
93.6875,3.75563452148437,2457.87426757812
93.75,3.75528051757813,2457.87426757812
93.8125,3.7517568359375,2457.87573242188
93.875,3.74886791992187,2457.87426757812
93.9375,3.75095971679688,2457.87426757812
94,3.74762084960937,2457.87451171875
94.0625,3.75200317382812,2459.2021484375
94.125,3.74128979492188,2457.8740234375
94.1875,3.75085205078125,2457.92578125
94.25,3.7531435546875,2457.92626953125
94.3125,3.75196020507813,2457.92553710938
94.375,3.74812084960937,2457.9267578125
94.4375,3.74936279296875,2457.92944335938
94.5,3.74855932617188,2457.92651367188
94.5625,3.75046875,2457.92651367188
94.625,3.75250463867188,2459.25366210938
94.6875,7.74598046875,2457.78637695312
94.75,7.7521748046875,2457.78637695312
94.8125,7.7561796875,2457.78588867188
94.875,7.7542265625,2457.78637695312
94.9375,7.7517998046875,2457.78784179688
95,7.74952880859375,2457.78637695312
95.0625,7.7536630859375,2457.78637695312
95.125,7.75498779296875,2457.78637695312
95.1875,6.75719677734375,2457.81958007812
95.25,6.75194384765625,2457.82104492188
95.3125,6.75382080078125,2457.82104492188
95.375,6.7524892578125,2457.82275390625
95.4375,6.7567822265625,2457.82006835938
95.5,6.74866650390625,2457.82250976562
95.5625,6.75044775390625,2457.82104492188
95.625,6.75300341796875,2457.82299804688
95.6875,31.779876953125,2456.07739257812
95.75,31.780787109375,2457.40454101562
95.8125,31.74621484375,2456.07836914062
95.875,31.782525390625,2456.076171875
95.9375,31.778796875,2456.07641601562
96,31.769564453125,2456.07788085938
