step,day,date_label,profile_time,eta_per_kwh,p_load_forecast_total_kw,p_pv_forecast_total_kw,p_load_actual_total_kw,p_pv_actual_total_kw,baseline_grid_actual_kw,pbat_aggregate_kw,battery_action,grid_forecast_qp_kw,grid_actual_calculated_kw,soc_predicted_pct,soc646_measured_pct,qp_status,qp_objective_day,pbat_646_B_kw,pbat_645_B_kw,pbat_611_C_kw,pbat_652_A_kw,pbat_671_A_kw,pbat_671_B_kw,pbat_671_C_kw,pbat_692_C_kw,pbat_692_B_kw,pbat_692_A_kw,pbat_675_C_kw,pbat_675_B_kw,pbat_675_A_kw,pbat_634_C_kw,pbat_634_B_kw,pbat_634_A_kw
1,1,7-Jan-13,0:30,0.03,770.334,0.128,770.334,0.128,770.206,-98.988326,Charge,869.19433,869.194326,50.372136,50.03,optimal,-324.645079,-7.591586,-4.688921,-5.061057,-3.423656,-11.833943,-11.536233,-11.833943,-4.912203,-0.0,-0.0,-8.85685,-2.679383,-14.215617,-3.87022,-3.349229,-5.135485
2,1,7-Jan-13,1:00,0.03,727.572,0.104,727.572,0.104,727.468,-141.726327,Charge,869.19433,869.194327,50.904942,50.44,optimal,-324.645079,-10.869237,-6.713352,-7.246158,-4.901813,-16.943223,-16.516978,-16.943223,-7.033036,-0.0,-0.0,-12.680777,-3.836201,-20.353179,-5.54118,-4.795252,-7.352719
3,1,7-Jan-13,1:30,0.03,628.524,0.144,628.524,0.144,628.38,-240.814328,Charge,869.19433,869.194328,51.810259,51.01,optimal,-324.645079,-18.468467,-11.406994,-12.312312,-8.328917,-28.789081,-28.064828,-28.789081,-11.950185,-0.0,-0.0,-21.546545,-6.518283,-34.58311,-9.415297,-8.147853,-12.493375
4,1,7-Jan-13,2:00,0.03,587.784,0.212,587.784,0.212,587.572,-281.622329,Charge,869.194328,869.194329,52.86899,51.92,optimal,-324.645079,-21.598103,-13.340005,-14.398736,-9.740321,-33.667632,-32.820647,-33.667632,-13.975243,-0.0,-0.0,-25.197787,-7.62286,-40.443507,-11.010798,-9.528575,-14.610482
5,1,7-Jan-13,2:30,0.03,548.304,0.108,548.304,0.108,548.196,-320.998329,Charge,869.194326,869.194329,54.07575,53.01,optimal,-324.645079,-24.617917,-15.205184,-16.411945,-11.102198,-38.374988,-37.40958,-38.374988,-15.92924,-0.0,-0.0,-28.720903,-8.688677,-46.098256,-12.550311,-10.860846,-16.653297
6,1,7-Jan-13,3:00,0.03,546.074,0.058,546.074,0.058,546.016,-323.178329,Charge,869.194324,869.194329,55.290706,54.24,optimal,-324.645079,-24.785105,-15.308447,-16.523403,-11.177596,-38.635605,-37.66364,-38.635605,-16.037421,-0.0,-0.0,-28.915956,-8.747684,-46.411324,-12.635544,-10.934605,-16.766394
7,1,7-Jan-13,3:30,0.03,536.482,0.2,536.482,0.2,536.282,-332.912328,Charge,869.194322,869.194328,56.542256,55.47,optimal,-324.645079,-25.531622,-15.769531,-17.021081,-11.514261,-39.799293,-38.798053,-39.799293,-16.520461,-0.0,-0.0,-29.786892,-9.011161,-47.809214,-13.016121,-11.263951,-17.271391
8,1,7-Jan-13,4:00,0.03,531.554,0.048,531.554,0.048,531.506,-337.688327,Charge,869.194321,869.194327,57.811761,56.74,optimal,-324.645079,-25.897902,-15.995763,-17.265268,-11.679446,-40.370259,-39.354655,-40.370259,-16.757466,-0.0,-0.0,-30.214219,-9.140436,-48.495091,-13.202852,-11.425545,-17.519169
9,1,7-Jan-13,4:30,0.03,529.484,0.3,529.484,0.3,529.184,-340.010326,Charge,869.194319,869.194326,59.089996,58.02,optimal,-324.645079,-26.07598,-16.105752,-17.383987,-11.759756,-40.647851,-39.625264,-40.647851,-16.872693,-0.0,-0.0,-30.421977,-9.203287,-48.828551,-13.293637,-11.504109,-17.639633
10,1,7-Jan-13,5:00,0.03,525.65,0.116,525.65,0.116,525.534,-343.660326,Charge,869.194319,869.194326,60.381952,59.29,optimal,-324.645079,-26.355905,-16.278647,-17.570603,-11.885996,-41.084204,-40.05064,-41.084204,-17.053821,-0.0,-0.0,-30.748555,-9.302084,-49.352724,-13.436344,-11.627605,-17.828994
11,1,7-Jan-13,5:30,0.03,564.876,0.07,564.876,0.07,564.806,-304.388326,Charge,869.194318,869.194326,61.526269,60.55,optimal,-324.645079,-23.344067,-14.418394,-15.562711,-10.527717,-36.389281,-35.473827,-36.389281,-15.104985,-0.0,-0.0,-27.234745,-8.239083,-43.71291,-11.900897,-10.298853,-15.791575
12,1,7-Jan-13,6:00,0.03,582.84,0.108,582.84,0.108,582.732,-286.462326,Charge,869.194319,869.194326,62.603195,61.67,optimal,-324.645079,-21.969291,-13.569268,-14.646194,-9.90772,-34.246248,-33.384707,-34.246248,-14.215424,-0.0,-0.0,-25.63084,-7.753867,-41.138575,-11.200031,-9.692334,-14.861579
13,1,7-Jan-13,6:30,0.03,585.75,5.42,585.75,5.42,580.33,-288.864326,Charge,869.194319,869.194326,63.689151,62.75,optimal,-324.645079,-22.153505,-13.683047,-14.769003,-9.990796,-34.533404,-33.66464,-34.533404,-14.334621,-0.0,-0.0,-25.845756,-7.818884,-41.483524,-11.293944,-9.773605,-14.986194
14,1,7-Jan-13,7:00,0.03,638.194,49.568,638.194,49.568,588.626,-280.568326,Charge,869.194319,869.194326,64.74392,63.83,optimal,-324.645079,-21.51727,-13.290079,-14.344847,-9.703867,-33.541627,-32.697812,-33.541627,-13.92294,-0.0,-0.0,-25.103482,-7.594331,-40.292143,-10.969589,-9.492913,-14.5558
15,1,7-Jan-13,7:30,0.06,665.806,127.012,665.806,127.012,538.794,229.196833,Discharge,309.59716,309.597167,63.882277,64.71,optimal,-324.645079,17.577501,10.856692,11.718334,7.927108,27.400223,26.710909,27.400223,11.373677,0.0,0.0,20.507085,6.203824,32.914733,8.961079,7.75478,11.890663
16,1,7-Jan-13,8:00,0.06,636.794,237.926,636.794,237.926,398.868,89.270833,Discharge,309.59716,309.597167,63.546673,63.88,optimal,-324.645079,6.846335,4.228618,4.564223,3.087563,10.672227,10.403744,10.672227,4.429981,0.0,0.0,7.98739,2.416353,12.820097,3.490288,3.020442,4.631344
17,1,7-Jan-13,8:30,0.06,676.108,366.944,676.108,366.944,309.164,-0.433166,Idle,309.597161,309.597166,63.548301,63.58,optimal,-324.645079,-0.03322,-0.020518,-0.022147,-0.014982,-0.051784,-0.050482,-0.051784,-0.021495,-0.0,-0.0,-0.038757,-0.011725,-0.062207,-0.016936,-0.014656,-0.022473
18,1,7-Jan-13,9:00,0.06,729.828,505.332,729.828,505.332,224.496,-85.101165,Charge,309.597161,309.597165,63.868231,63.61,optimal,-324.645079,-6.526556,-4.031108,-4.351037,-2.943349,-10.173748,-9.917805,-10.173748,-4.223065,-0.0,-0.0,-7.614315,-2.30349,-12.221295,-3.327264,-2.879363,-4.415023
19,1,7-Jan-13,9:30,0.06,680.404,658.94,680.404,658.94,21.464,-288.133165,Charge,309.597161,309.597165,64.951438,64.03,optimal,-324.645079,-22.097431,-13.648413,-14.73162,-9.965508,-34.445995,-33.579429,-34.445995,-14.298337,-0.0,-0.0,-25.780336,-7.799093,-41.378522,-11.265357,-9.748866,-14.948262
20,1,7-Jan-13,10:00,0.06,682.818,829.604,682.818,829.604,-146.786,-456.383164,Charge,309.597162,309.597164,66.667164,65.17,optimal,-324.645079,-35.000814,-21.61815,-23.333876,-15.784681,-54.560093,-53.187512,-54.560093,-22.647586,-0.0,-0.0,-40.834283,-12.353228,-65.54074,-17.843552,-15.441536,-23.677021
21,1,7-Jan-13,10:30,0.06,710.68,970.704,710.68,970.704,-260.024,-569.621163,Charge,309.597162,309.597163,68.808597,66.93,optimal,-324.645079,-43.685232,-26.982055,-29.123488,-19.701183,-68.097568,-66.384421,-68.097568,-28.266915,-0.0,-0.0,-50.966104,-15.418317,-81.802738,-22.270903,-19.272897,-29.551775
22,1,7-Jan-13,11:00,0.06,757.052,1171.376,757.052,1171.376,-414.324,-723.921163,Charge,309.597163,309.597163,71.530105,69.14,optimal,-324.645079,-55.518766,-34.291002,-37.012511,-25.037875,-86.543959,-84.366752,-86.543959,-35.923907,-0.0,-0.0,-64.771893,-19.594859,-103.961611,-28.303685,-24.493573,-37.556812
23,1,7-Jan-13,11:30,0.06,721.462,1275.472,721.462,1275.472,-554.01,-863.607162,Charge,309.597163,309.597162,74.776749,71.94,optimal,-324.645079,-66.231527,-40.907708,-44.154351,-29.86912,-103.243262,-100.645947,-103.243262,-42.855694,-0.0,-0.0,-77.270114,-23.375833,-124.02178,-33.765092,-29.219791,-44.80368
24,1,7-Jan-13,12:00,0.06,763.036,1318.254,763.036,1318.254,-555.218,-864.815162,Charge,309.597164,309.597162,78.027934,75.17,optimal,-324.645079,-66.32417,-40.964929,-44.216114,-29.9109,-103.387677,-100.786729,-103.387677,-42.91564,-0.0,-0.0,-77.378199,-23.408531,-124.19526,-33.812322,-29.260663,-44.86635
25,1,7-Jan-13,12:30,0.06,817.948,1394.428,817.948,1394.428,-576.48,-886.077161,Charge,309.597164,309.597161,81.359051,78.42,optimal,-324.645079,-67.95479,-41.972076,-45.303193,-30.646278,-105.929525,-103.264632,-105.929525,-43.970746,-0.0,-0.0,-79.280588,-23.984043,-127.248675,-34.643618,-29.980054,-45.969417
26,1,7-Jan-13,13:00,0.06,850.872,1450.29,850.872,1450.29,-599.418,-909.015162,Charge,309.597165,309.597162,84.776401,81.76,optimal,-324.645079,-69.713945,-43.058613,-46.475963,-31.439622,-108.671737,-105.937857,-108.671737,-45.109023,-0.0,-0.0,-81.332936,-24.604922,-130.542779,-35.540442,-30.756152,-47.159433
27,1,7-Jan-13,13:30,0.06,832.132,1468.562,832.132,1468.562,-636.43,-946.027162,Charge,309.597166,309.597162,88.332894,85.21,optimal,-324.645079,-72.552459,-44.811813,-48.368306,-32.719736,-113.09648,-110.251286,-113.09648,-46.945709,-0.0,-0.0,-84.644536,-25.60675,-135.858036,-36.987528,-32.008438,-49.079605
28,1,7-Jan-13,14:00,0.06,867.434,1539.744,867.434,1539.744,-672.31,-981.907163,Charge,309.597167,309.597163,92.024274,88.8,optimal,-324.645079,-75.304158,-46.511392,-50.202772,-33.960699,-117.385894,-114.43279,-117.385894,-48.72622,-0.0,-0.0,-87.854851,-26.577938,-141.010728,-38.390355,-33.222423,-50.941048
29,1,7-Jan-13,14:30,0.3,966.92,1537.734,966.92,1537.734,-570.814,-432.733429,Charge,-138.080567,-138.080571,93.651092,92.27,optimal,-324.645079,-33.187075,-20.497899,-22.124717,-14.96672,-51.732793,-50.431339,-51.732793,-21.47399,-0.0,-0.0,-38.718254,-11.713085,-62.144425,-16.918901,-14.641357,-22.45008
30,1,7-Jan-13,15:00,0.3,1001.206,1483.066,1001.206,1483.066,-481.86,-343.779429,Charge,-138.080566,-138.080571,94.943495,93.85,optimal,-324.645079,-26.365039,-16.284289,-17.576693,-11.890116,-41.098443,-40.06452,-41.098443,-17.059731,-0.0,-0.0,-30.759212,-9.305308,-49.369828,-13.441,-11.631635,-17.835173
31,1,7-Jan-13,15:30,0.3,1117.768,1391.096,1117.768,1391.096,-273.328,-135.24743,Charge,-138.080566,-138.08057,95.451944,95.05,optimal,-324.645079,-10.372359,-6.406457,-6.914906,-4.677731,-16.168678,-15.761918,-16.168678,-6.711527,-0.0,-0.0,-12.101086,-3.660833,-19.422751,-5.287869,-4.576041,-7.016596
32,1,7-Jan-13,16:00,0.3,1215.124,1279.638,1215.124,1279.638,-64.514,73.56657,Discharge,-138.080566,-138.08057,95.175378,95.46,optimal,-324.645079,5.641947,3.484732,3.761298,2.544408,8.7948,8.573548,8.7948,3.650672,0.0,0.0,6.582272,1.991276,10.564823,2.876287,2.489094,3.816612
33,1,7-Jan-13,16:30,0.3,1177.174,1106.536,1177.174,1106.536,70.638,208.718569,Discharge,-138.080566,-138.080569,94.390722,95.12,optimal,-324.645079,16.006988,9.886669,10.671325,7.218838,24.95207,24.324344,24.95207,10.357463,0.0,0.0,18.674819,5.649525,29.97387,8.160425,7.061906,10.828257
34,1,7-Jan-13,17:00,0.3,1190.878,914.84,1190.878,914.84,276.038,414.118568,Discharge,-138.080566,-138.080568,92.833885,94.26,optimal,-324.645079,31.759469,19.616143,21.172979,14.322898,49.507408,48.261938,49.507408,20.550245,0.0,0.0,37.052714,11.209224,59.471163,16.191102,14.01153,21.484347
35,1,7-Jan-13,17:30,0.3,1282.982,728.164,1282.982,728.164,554.818,692.898567,Discharge,-138.080566,-138.080567,90.229003,92.58,optimal,-324.645079,53.139589,32.821511,35.426393,23.964913,82.835242,80.751337,82.835242,34.38444,0.0,0.0,61.996188,18.755149,99.506486,27.090771,23.443936,35.947369
36,1,7-Jan-13,18:00,0.3,1461.024,523.1,1461.024,523.1,937.924,1076.004567,Discharge,-138.080566,-138.080567,86.183873,89.84,optimal,-324.645079,82.520651,50.968637,55.013767,37.215196,128.635132,125.399028,128.635132,53.395715,0.0,0.0,96.274093,29.124936,154.523964,42.069351,36.40617,55.822793
37,1,7-Jan-13,18:30,0.3,1475.752,325.53,1475.752,325.53,1150.222,1288.302566,Discharge,-138.080566,-138.080566,81.340631,85.69,optimal,-324.645079,98.802152,61.024858,65.868101,44.557833,154.015119,150.140525,154.015119,63.930804,0.0,0.0,115.269177,34.871348,185.011872,50.369724,43.589185,66.83675
38,1,7-Jan-13,19:00,0.3,1447.248,165.692,1447.248,165.692,1281.556,1419.636567,Discharge,-138.080566,-138.080567,76.003651,80.79,optimal,-324.645079,108.874383,67.245943,72.582922,49.100212,169.71595,165.446367,169.71595,70.44813,0.0,0.0,127.020114,38.426253,203.87262,55.504588,48.032816,73.650318
39,1,7-Jan-13,19:30,0.3,1341.372,67.068,1341.372,67.068,1274.304,1412.384568,Discharge,-138.080567,-138.080568,70.693935,75.45,optimal,-324.645079,108.318215,66.902427,72.212143,48.849391,168.848982,164.601209,168.848982,70.088257,0.0,0.0,126.371251,38.229958,202.831167,55.221051,47.787448,73.274087
40,1,7-Jan-13,20:00,0.3,1296.616,12.324,1296.616,12.324,1284.292,1422.372569,Discharge,-138.080567,-138.080569,65.346669,70.15,optimal,-324.645079,109.084212,67.375543,72.722808,49.194841,170.043036,165.765224,170.043036,70.583902,0.0,0.0,127.264914,38.50031,204.265534,55.611559,48.125388,73.792261
41,1,7-Jan-13,20:30,0.06,1239.91,0.068,1239.91,0.068,1239.842,930.244835,Discharge,309.597167,309.597165,61.849508,64.99,optimal,-324.645079,71.342085,44.064229,47.56139,32.173881,111.209721,108.411992,111.209721,46.162526,0.0,0.0,83.232433,25.179559,133.591551,36.370475,31.474449,48.260822
42,1,7-Jan-13,21:00,0.06,1251.986,0.264,1251.986,0.264,1251.722,942.124838,Discharge,309.597166,309.597162,58.307686,61.51,optimal,-324.645079,72.253183,44.626966,48.168789,32.584769,112.629962,109.796504,112.629962,46.75206,0.0,0.0,84.29538,25.501123,135.297627,36.834956,31.876404,48.877153
43,1,7-Jan-13,21:30,0.06,1205.092,0.168,1205.092,0.168,1204.924,895.326841,Discharge,309.597165,309.597159,54.941795,57.99,optimal,-324.645079,68.664164,42.410219,45.776109,30.966191,107.035314,104.342602,107.035314,44.429753,0.0,0.0,80.108191,24.234411,128.577013,35.00526,30.293013,46.449287
44,1,7-Jan-13,22:00,0.06,1250.378,0.0,1250.378,0.0,1250.378,940.780843,Discharge,309.597164,309.597157,51.405025,54.59,optimal,-324.645079,72.15011,44.563303,48.100073,32.538285,112.469289,109.639873,112.469289,46.685365,0.0,0.0,84.175128,25.464745,135.104617,36.782409,31.830931,48.807427
45,1,7-Jan-13,22:30,0.03,1158.618,0.066,1158.618,0.066,1158.552,289.357676,Discharge,869.194329,869.194324,50.317214,51.31,optimal,-324.645079,22.191341,13.706416,14.794227,10.007859,34.592384,33.722135,34.592384,14.359103,0.0,0.0,25.889897,7.832238,41.554373,11.313232,9.790297,15.011789
46,1,7-Jan-13,23:00,0.03,1021.238,0.258,1021.238,0.258,1020.98,151.785675,Discharge,869.194328,869.194325,49.746592,50.28,optimal,-324.645079,11.640706,7.189848,7.760471,5.24973,18.145806,17.689308,18.145806,7.532221,0.0,0.0,13.580824,4.108484,21.797792,5.934478,5.135606,7.874595
47,1,7-Jan-13,23:30,0.03,884.048,0.108,884.048,0.108,883.94,14.745674,Discharge,869.194329,869.194326,49.691157,49.75,optimal,-324.645079,1.130871,0.698479,0.753914,0.510001,1.762829,1.718481,1.762829,0.73174,0.0,0.0,1.31935,0.399131,2.117612,0.576523,0.498914,0.765001
48,1,8-Jan-13,0:00,0.03,787.258,0.216,787.258,0.216,787.042,-82.152327,Charge,869.194331,869.194327,50.0,49.73,optimal,-324.645079,-6.300404,-3.891426,-4.200269,-2.841359,-9.821218,-9.574143,-9.821218,-4.076732,-0.0,-0.0,-7.350471,-2.223672,-11.797815,-3.211971,-2.77959,-4.262038
49,2,8-Jan-13,0:30,0.03,757.586,0.176,757.586,0.176,757.41,-565.918971,Charge,1323.328971,1323.328971,52.127515,50.21,optimal,2786.84238,-43.401305,-26.806688,-28.934203,-19.573137,-67.654975,-65.952963,-67.654975,-28.083197,-0.0,-0.0,-50.634855,-15.318107,-81.27107,-22.126155,-19.147634,-29.359706
50,2,8-Jan-13,1:00,0.03,684.528,0.0,684.528,0.0,684.528,-638.801073,Charge,1323.329073,1323.329073,54.529023,52.34,optimal,2786.84238,-48.990759,-30.258998,-32.660506,-22.093872,-76.367948,-74.446742,-76.367948,-31.699903,-0.0,-0.0,-57.155885,-17.290856,-91.737598,-24.975681,-21.61357,-33.140808
51,2,8-Jan-13,1:30,0.03,601.122,0.164,601.122,0.164,600.958,-722.371273,Charge,1323.329273,1323.329273,57.244704,54.78,optimal,2786.84238,-55.399902,-34.217587,-36.933268,-24.98427,-86.358671,-84.186126,-86.358671,-35.846995,-0.0,-0.0,-64.633219,-19.552907,-103.739032,-28.243087,-24.441133,-37.476404
52,2,8-Jan-13,2:00,0.03,559.964,0.156,559.964,0.156,559.808,-763.521567,Charge,1323.329567,1323.329567,60.115086,57.49,optimal,2786.84238,-58.555789,-36.166811,-39.037193,-26.407513,-91.278142,-88.981837,-91.278142,-37.88904,-0.0,-0.0,-68.315088,-20.666749,-109.648586,-29.851971,-25.833436,-39.611269
53,2,8-Jan-13,2:30,0.03,585.936,0.296,585.936,0.296,585.64,-737.68995,Charge,1323.32995,1323.32995,62.888357,60.37,optimal,2786.84238,-56.574718,-34.943208,-37.716479,-25.514089,-88.190002,-85.971385,-88.190002,-36.60717,-0.0,-0.0,-66.003838,-19.967548,-105.938933,-28.842013,-24.959434,-38.271133
54,2,8-Jan-13,3:00,0.03,558.69,0.2,558.69,0.2,558.49,-764.840414,Charge,1323.330414,1323.330414,65.763697,63.18,optimal,2786.84238,-58.656934,-36.229283,-39.104623,-26.453127,-91.435809,-89.135537,-91.435809,-37.954487,-0.0,-0.0,-68.43309,-20.702447,-109.837984,-29.903535,-25.878059,-39.679691
55,2,8-Jan-13,3:30,0.03,575.054,0.0,575.054,0.0,575.054,-748.276949,Charge,1323.330949,1323.330949,68.576768,66.06,optimal,2786.84238,-57.386653,-35.444698,-38.257769,-25.880255,-89.455665,-87.205208,-89.455665,-37.13254,-0.0,-0.0,-66.951095,-20.254113,-107.459321,-29.255941,-25.317641,-38.820383
56,2,8-Jan-13,4:00,0.03,568.032,0.06,568.032,0.06,567.972,-755.359545,Charge,1323.331545,1323.331545,71.416465,68.86,optimal,2786.84238,-57.92983,-35.780189,-38.619887,-26.125217,-90.302382,-88.030624,-90.302382,-37.484007,-0.0,-0.0,-67.584801,-20.445822,-108.476446,-29.532854,-25.557278,-39.187826
57,2,8-Jan-13,4:30,0.03,571.316,0.108,571.316,0.108,571.208,-752.12419,Charge,1323.33219,1323.33219,74.244,71.7,optimal,2786.84238,-57.681705,-35.626935,-38.45447,-26.013318,-89.915599,-87.653571,-89.915599,-37.323456,-0.0,-0.0,-67.295322,-20.358249,-108.01182,-29.406359,-25.447811,-39.019977
58,2,8-Jan-13,5:00,0.03,560.216,0.44,560.216,0.44,559.776,-763.556872,Charge,1323.332872,1323.332872,77.114514,74.55,optimal,2786.84238,-58.558497,-36.168483,-39.038998,-26.408734,-91.282363,-88.985951,-91.282363,-37.890792,-0.0,-0.0,-68.318246,-20.667705,-109.653656,-29.853351,-25.834631,-39.613101
59,2,8-Jan-13,5:30,0.03,559.922,0.232,559.922,0.232,559.69,-763.643577,Charge,1323.333577,1323.333577,79.985355,77.44,optimal,2786.84238,-58.565147,-36.172591,-39.043431,-26.411733,-91.292728,-88.996056,-91.292728,-37.895095,-0.0,-0.0,-68.326004,-20.670052,-109.666108,-29.856741,-25.837565,-39.617599
60,2,8-Jan-13,6:00,0.03,587.524,0.228,587.524,0.228,587.296,-736.038292,Charge,1323.334292,1323.334292,82.752416,80.32,optimal,2786.84238,-56.448049,-34.864972,-37.632033,-25.456963,-87.992548,-85.778899,-87.992548,-36.525208,-0.0,-0.0,-65.856058,-19.922841,-105.70174,-28.777437,-24.903551,-38.185445
61,2,8-Jan-13,6:30,0.03,604.91,9.206,604.91,9.206,595.704,-727.631002,Charge,1323.335002,1323.335002,85.487871,83.07,optimal,2786.84238,-55.80328,-34.466732,-37.202187,-25.166185,-86.987466,-84.799102,-86.987466,-36.108005,-0.0,-0.0,-65.103826,-19.695275,-104.494377,-28.448731,-24.619094,-37.749278
62,2,8-Jan-13,7:00,0.03,661.894,64.44,661.894,64.44,597.454,-725.881693,Charge,1323.335693,1323.335693,88.21675,85.81,optimal,2786.84238,-55.669122,-34.38387,-37.112748,-25.105683,-86.778338,-84.595235,-86.778338,-36.021197,-0.0,-0.0,-64.947309,-19.647926,-104.24316,-28.380337,-24.559907,-37.658524
63,2,8-Jan-13,7:30,0.06,689.118,175.972,689.118,175.972,513.146,-23.522088,Charge,536.668088,536.668088,88.305178,88.29,optimal,2786.84238,-1.80395,-1.114204,-1.202633,-0.813546,-2.812039,-2.741296,-2.812039,-1.167262,-0.0,-0.0,-2.104608,-0.636688,-3.377984,-0.919661,-0.79586,-1.220319
64,2,8-Jan-13,8:00,0.06,743.098,314.808,743.098,314.808,428.29,-108.378382,Charge,536.668382,536.668382,88.712616,88.42,optimal,2786.84238,-8.311726,-5.133713,-5.54115,-3.748425,-12.956513,-12.630563,-12.956513,-5.378175,-0.0,-0.0,-9.697013,-2.93355,-15.564113,-4.23735,-3.666938,-5.622638
65,2,8-Jan-13,8:30,0.06,823.554,443.502,823.554,443.502,380.052,-156.616663,Charge,536.668663,536.668663,89.3014,88.83,optimal,2786.84238,-12.011203,-7.418684,-8.007468,-5.416817,-18.723345,-18.252318,-18.723345,-7.771955,-0.0,-0.0,-14.01307,-4.239248,-22.491566,-6.123358,-5.29906,-8.125225
66,2,8-Jan-13,9:00,0.06,851.35,595.642,851.35,595.642,255.708,-280.960927,Charge,536.668927,536.668927,90.357645,89.47,optimal,2786.84238,-21.547379,-13.308676,-14.36492,-9.717446,-33.588562,-32.743567,-33.588562,-13.942422,-0.0,-0.0,-25.138609,-7.604957,-40.348524,-10.984939,-9.506197,-14.576168
67,2,8-Jan-13,9:30,0.06,888.854,789.788,888.854,789.788,99.066,-437.603174,Charge,536.669174,536.669174,92.002769,90.61,optimal,2786.84238,-33.560544,-20.728571,-22.373696,-15.135147,-52.314966,-50.998866,-52.314966,-21.715646,-0.0,-0.0,-39.153968,-11.844898,-62.843764,-17.109297,-14.806122,-22.702721
68,2,8-Jan-13,10:00,0.06,993.1,982.948,993.1,982.948,10.152,-526.5174,Charge,536.6694,536.6694,93.982158,92.3,optimal,2786.84238,-40.37953,-24.940298,-26.919687,-18.210376,-62.944561,-61.36105,-62.944561,-26.127931,-0.0,-0.0,-47.109452,-14.251599,-75.612649,-20.585643,-17.814498,-27.315564
69,2,8-Jan-13,10:30,0.06,1218.084,1036.966,1218.084,1036.966,181.118,-355.551603,Charge,536.669603,536.669603,95.318818,94.2,optimal,2786.84238,-27.267867,-16.841918,-18.178578,-12.297273,-42.505793,-41.436465,-42.505793,-17.643914,-0.0,-0.0,-31.812512,-9.623953,-51.060418,-13.901266,-12.029941,-18.44591
70,2,8-Jan-13,11:00,0.06,1283.24,1090.962,1283.24,1090.962,192.278,-344.391781,Charge,536.669781,536.669781,96.613524,95.52,optimal,2786.84238,-26.412001,-16.313295,-17.608001,-11.911295,-41.171649,-40.135884,-41.171649,-17.090118,-0.0,-0.0,-30.814001,-9.321883,-49.457767,-13.464942,-11.652353,-17.866942
71,2,8-Jan-13,11:30,0.06,1446.28,1178.128,1446.28,1178.128,268.152,-268.517932,Charge,536.669932,536.669932,97.62299,96.77,optimal,2786.84238,-20.593105,-12.71927,-13.728736,-9.287086,-32.101016,-31.293443,-32.101016,-13.32495,-0.0,-0.0,-24.025289,-7.268155,-38.561598,-10.498445,-9.085193,-13.93063
72,2,8-Jan-13,12:00,0.06,1578.538,1355.272,1578.538,1355.272,223.266,-313.404055,Charge,536.670055,536.670055,98.801201,97.81,optimal,2786.84238,-24.035499,-14.845455,-16.023666,-10.839539,-37.467101,-36.524533,-37.467101,-15.552382,-0.0,-0.0,-28.041415,-8.483117,-45.00765,-12.253392,-10.603897,-16.259308
73,2,8-Jan-13,12:30,0.06,1841.69,1500.324,1841.69,1500.324,341.366,-195.304149,Charge,536.670149,536.670149,99.535427,98.95,optimal,2786.84238,-14.978213,-9.251249,-9.985475,-6.75488,-23.348391,-22.76101,-23.348391,-9.691785,-0.0,-0.0,-17.474582,-5.286428,-28.047438,-7.635952,-6.608035,-10.13232
74,2,8-Jan-13,13:00,0.06,1973.82,1516.364,1973.82,1516.364,457.456,-79.214212,Charge,536.670212,536.670212,99.833225,99.64,optimal,2786.84238,-6.075075,-3.752252,-4.05005,-2.73974,-9.46997,-9.231731,-9.46997,-3.930931,-0.0,-0.0,-7.087587,-2.144144,-11.375876,-3.097097,-2.68018,-4.109609
75,2,8-Jan-13,13:30,0.06,2069.084,1576.776,2069.084,1576.776,492.308,-44.362243,Charge,536.670243,536.670243,100.0,99.92,optimal,2786.84238,-3.402217,-2.101369,-2.268145,-1.534333,-5.303456,-5.170036,-5.303456,-2.201435,-0.0,-0.0,-3.969253,-1.200783,-6.370818,-1.734464,-1.500978,-2.3015
76,2,8-Jan-13,14:00,0.06,2252.562,1550.002,2252.562,1550.002,702.56,0.0,Idle,702.56,702.56,100.0,100.0,optimal,2786.84238,0.0,0.0,0.0,0.0,0.0,0.0,0.0,0.0,0.0,0.0,0.0,0.0,0.0,0.0,0.0,0.0
77,2,8-Jan-13,14:30,0.3,2376.652,1383.374,2376.652,1383.374,993.278,704.358918,Discharge,288.919082,288.919082,97.352034,99.73,optimal,2786.84238,54.018503,33.36437,36.012336,24.361286,84.205314,82.086942,84.205314,34.953149,0.0,0.0,63.021587,19.065354,101.152296,27.538845,23.831693,36.541929
78,2,8-Jan-13,15:00,0.3,2483.374,1253.08,2483.374,1253.08,1230.294,941.374918,Discharge,288.919082,288.919082,93.813031,96.99,optimal,2786.84238,72.19567,44.591443,48.130447,32.558832,112.54031,109.709107,112.54031,46.714846,0.0,0.0,84.228282,25.480825,135.189932,36.805636,31.851031,48.838248
79,2,8-Jan-13,15:30,0.3,2550.682,1185.186,2550.682,1185.186,1365.496,1076.576918,Discharge,288.919082,288.919082,89.765749,93.41,optimal,2786.84238,82.564546,50.995749,55.04303,37.234991,128.703556,125.465731,128.703556,53.424118,0.0,0.0,96.325303,29.140428,154.606159,42.091729,36.425535,55.852487
80,2,8-Jan-13,16:00,0.3,2615.23,1134.09,2615.23,1134.09,1481.14,1192.220918,Discharge,288.919082,288.919082,85.283716,89.3,optimal,2786.84238,91.433484,56.473622,60.955656,41.234708,142.528666,138.943039,142.528666,59.162843,0.0,0.0,106.672398,32.270641,171.213681,46.613149,40.338302,61.852063
81,2,8-Jan-13,16:30,0.3,2676.102,991.514,2676.102,991.514,1684.588,1395.668918,Discharge,288.919082,288.919082,80.03684,84.76,optimal,2786.84238,107.036263,66.110633,71.357509,48.271256,166.850645,162.653145,166.850645,69.258758,0.0,0.0,124.87564,37.777505,200.430649,54.567507,47.221881,72.406884
82,2,8-Jan-13,17:00,0.3,2840.86,774.424,2840.86,774.424,2066.436,1777.516918,Discharge,288.919082,288.919082,73.354445,79.37,optimal,2786.84238,136.320846,84.19817,90.880564,61.478029,212.500143,207.154227,212.500143,88.207606,0.0,0.0,159.040987,48.11324,255.267467,69.496902,60.14155,92.217043
83,2,8-Jan-13,17:30,0.3,2979.258,591.472,2979.258,591.472,2387.786,2098.866918,Discharge,288.919082,288.919082,65.463968,72.58,optimal,2786.84238,160.965734,99.420012,107.310489,72.59239,250.917173,244.604791,250.917173,104.154298,0.0,0.0,187.793356,56.811435,301.416227,82.060962,71.014294,108.888584
84,2,8-Jan-13,18:00,0.3,3124.774,388.886,3124.774,388.886,2735.888,2446.968917,Discharge,288.919083,288.919083,56.264837,64.56,optimal,2786.84238,187.662278,115.909054,125.108185,84.632008,292.532374,285.173069,292.532374,121.428533,0.0,0.0,218.939324,66.233745,351.406814,95.670965,82.792181,126.948012
85,2,8-Jan-13,18:30,0.3,3289.958,272.084,3289.958,272.084,3017.874,2728.954917,Discharge,288.919083,288.919083,46.005608,55.24,optimal,2786.84238,209.288272,129.266286,139.525515,94.384907,326.243483,318.036099,326.243483,135.421823,0.0,0.0,244.16965,73.866449,391.902548,106.695982,92.333061,141.57736
86,2,8-Jan-13,19:00,0.3,3254.864,165.43,3254.864,165.43,3089.434,2800.514917,Discharge,288.919083,288.919083,35.477356,44.96,optimal,2786.84238,214.776332,132.65597,143.184221,96.859914,334.7984,326.375799,334.7984,138.972921,0.0,0.0,250.572387,75.803411,402.17921,109.493816,94.754264,145.289872
87,2,8-Jan-13,19:30,0.3,3290.296,65.964,3290.296,65.964,3224.332,2935.412917,Discharge,288.919083,288.919083,24.44197,34.38,optimal,2786.84238,225.121893,139.045875,150.081262,101.52556,350.925304,342.096994,350.925304,145.667107,0.0,0.0,262.642208,79.454786,421.55178,114.768024,99.318482,152.288339
88,2,8-Jan-13,20:00,0.3,3289.316,13.89,3289.316,13.89,3275.426,2986.506917,Discharge,288.919083,288.919083,13.2145,23.32,optimal,2786.84238,229.04038,141.466117,152.693587,103.29272,357.033534,348.051558,357.033534,148.202599,0.0,0.0,267.213777,80.837781,428.889339,116.765684,101.047227,154.939081
89,2,8-Jan-13,20:30,0.06,3251.492,0.196,3251.492,0.196,3251.296,806.700585,Discharge,2444.595415,2444.595415,10.181791,12.92,optimal,2786.84238,61.867263,38.212133,41.244842,27.900922,96.440145,94.013978,96.440145,40.031758,0.0,0.0,72.178473,21.835505,115.849482,31.540173,27.294381,41.851384
90,2,8-Jan-13,21:00,0.06,3191.914,0.172,3191.914,0.172,3191.742,747.146584,Discharge,2444.595416,2444.595416,7.372969,9.9,optimal,2786.84238,57.299964,35.391154,38.199976,25.84116,89.320531,87.073474,89.320531,37.076447,0.0,0.0,66.849958,20.223517,107.296991,29.211746,25.279396,38.76174
91,2,8-Jan-13,21:30,0.06,2980.566,0.272,2980.566,0.272,2980.294,535.698583,Discharge,2444.595417,2444.595417,5.359065,7.19,optimal,2786.84238,41.083651,25.375196,27.3891,18.527921,64.042161,62.431038,64.042161,26.583539,0.0,0.0,47.930926,14.500112,76.93115,20.944606,18.12514,27.791881
92,2,8-Jan-13,22:00,0.06,2861.296,0.174,2861.296,0.174,2861.122,416.526582,Discharge,2444.595418,2444.595418,3.793175,5.22,optimal,2786.84238,31.944144,19.730207,21.296096,14.406183,49.795283,48.542572,49.795283,20.66974,0.0,0.0,37.268168,11.274404,59.816975,16.28525,14.093005,21.609274
93,2,8-Jan-13,22:30,0.03,2487.95,0.234,2487.95,0.234,2487.716,-2651.474838,Charge,5139.190838,5139.190838,13.761126,4.8,optimal,2786.84238,-203.346191,-125.596177,-135.564127,-91.705145,-316.980827,-309.006466,-316.980827,-131.576947,-0.0,-0.0,-237.237222,-71.769244,-380.77571,-103.666685,-89.711555,-137.557717
94,2,8-Jan-13,23:00,0.03,2227.222,0.124,2227.222,0.124,2227.098,-2912.09284,Charge,5139.19084,5139.19084,24.708843,14.86,optimal,2786.84238,-223.333436,-137.94124,-148.888957,-100.719,-348.137415,-339.379241,-348.137415,-144.50987,-0.0,-0.0,-260.555675,-78.823566,-418.202806,-113.856261,-98.529457,-151.078501
95,2,8-Jan-13,23:30,0.03,1848.324,0.16,1848.324,0.16,1848.164,-3291.026843,Charge,5139.190843,5139.190843,37.081125,25.93,optimal,2786.84238,-252.39454,-155.890745,-168.263027,-113.824989,-393.438547,-383.540722,-393.438547,-163.314114,-0.0,-0.0,-294.460296,-89.080426,-472.621148,-128.671726,-111.350532,-170.737483
96,2,9-Jan-13,0:00,0.03,1702.788,0.018,1702.788,0.018,1702.77,-3436.420844,Charge,5139.190844,5139.190844,50.0,38.34,optimal,2786.84238,-263.545057,-162.777829,-175.696705,-118.853653,-410.820236,-400.485136,-410.820236,-170.529155,-0.0,-0.0,-307.469233,-93.015903,-493.501039,-134.356304,-116.269878,-178.28048
97,3,9-Jan-13,0:30,0.03,1505.618,0.108,1505.618,0.108,1505.51,349.049352,Discharge,1156.460602,1156.460648,48.687785,49.86,optimal,247.506499,26.769198,16.533917,17.846132,12.072384,41.728456,40.678684,41.728456,17.321246,0.0,0.0,31.230731,9.447952,50.126636,13.647042,11.80994,18.108575
98,3,9-Jan-13,1:00,0.03,1455.584,0.126,1455.584,0.126,1455.458,298.997323,Discharge,1156.460638,1156.460677,47.563735,48.55,optimal,247.506499,22.930622,14.163031,15.287081,10.341261,35.744793,34.845553,35.744793,14.837461,0.0,0.0,26.752392,8.093161,42.938713,11.690121,10.116451,15.511891
99,3,9-Jan-13,1:30,0.03,1345.458,0.144,1345.458,0.144,1345.314,188.853296,Discharge,1156.460665,1156.460704,46.85376,47.47,optimal,247.506499,14.483486,8.945682,9.655657,6.531768,22.577199,22.009219,22.577199,9.371667,0.0,0.0,16.8974,5.111819,27.121037,7.383738,6.389773,9.797652
100,3,9-Jan-13,2:00,0.03,1233.96,0.18,1233.96,0.18,1233.78,77.319276,Discharge,1156.460691,1156.460724,46.563086,46.82,optimal,247.506499,5.929749,3.662492,3.953166,2.674201,9.243432,9.010893,9.243432,3.836896,0.0,0.0,6.91804,2.092853,11.103746,3.023009,2.616066,4.011301
101,3,9-Jan-13,2:30,0.03,1231.682,0.108,1231.682,0.108,1231.574,75.113269,Discharge,1156.460707,1156.460731,46.280705,46.53,optimal,247.506499,5.760566,3.557997,3.840378,2.597903,8.979707,8.753802,8.979707,3.727425,0.0,0.0,6.720661,2.033141,10.786943,2.936759,2.541426,3.896854
102,3,9-Jan-13,3:00,0.03,1217.866,0.382,1217.866,0.382,1217.484,61.023271,Discharge,1156.460716,1156.460729,46.051294,46.24,optimal,247.506499,4.67998,2.890576,3.119987,2.110579,7.295263,7.111735,7.295263,3.028222,0.0,0.0,5.459977,1.651758,8.763492,2.385872,2.064697,3.165869
103,3,9-Jan-13,3:30,0.03,1142.642,0.108,1142.642,0.108,1142.534,-13.926724,Charge,1156.460722,1156.460724,46.10365,46.02,optimal,247.506499,-1.068065,-0.659687,-0.712043,-0.481676,-1.664924,-1.623039,-1.664924,-0.691101,-0.0,-0.0,-1.246075,-0.376964,-2.000003,-0.544503,-0.471205,-0.722514
104,3,9-Jan-13,4:00,0.03,1068.226,0.404,1068.226,0.404,1067.822,-88.638719,Charge,1156.460729,1156.460719,46.436879,46.1,optimal,247.506499,-6.797857,-4.198676,-4.531904,-3.0657,-10.596659,-10.330076,-10.596659,-4.398613,-0.0,-0.0,-7.930833,-2.399244,-12.72932,-3.465574,-2.999054,-4.59855
105,3,9-Jan-13,4:30,0.03,1022.156,0.114,1022.156,0.114,1022.042,-134.418717,Charge,1156.460735,1156.460717,46.942212,46.46,optimal,247.506499,-10.308804,-6.367202,-6.872536,-4.649068,-16.069606,-15.665339,-16.069606,-6.670403,-0.0,-0.0,-12.026938,-3.638401,-19.303741,-5.255469,-4.548002,-6.973603
106,3,9-Jan-13,5:00,0.03,988.068,0.12,988.068,0.12,987.948,-168.512717,Charge,1156.460741,1156.460717,47.575719,46.97,optimal,247.506499,-12.923532,-7.982181,-8.615688,-5.828259,-20.145505,-19.6387,-20.145505,-8.362285,-0.0,-0.0,-15.077454,-4.561246,-24.199947,-6.588467,-5.701558,-8.742389
107,3,9-Jan-13,5:30,0.03,936.502,0.048,936.502,0.048,936.454,-220.006719,Charge,1156.460745,1156.460719,48.402812,47.62,optimal,247.506499,-16.872696,-10.421371,-11.248464,-7.609255,-26.301555,-25.639881,-26.301555,-10.917627,-0.0,-0.0,-19.684812,-5.955069,-31.59495,-8.601766,-7.443836,-11.413882
108,3,9-Jan-13,6:00,0.03,856.426,0.324,856.426,0.324,856.102,-300.358719,Charge,1156.460746,1156.460719,49.53198,48.48,optimal,247.506499,-23.03503,-14.227518,-15.356686,-10.388347,-35.907546,-35.004212,-35.907546,-14.905019,-0.0,-0.0,-26.874201,-8.13001,-43.134222,-11.743348,-10.162513,-15.58252
109,3,9-Jan-13,6:30,0.03,786.948,6.454,786.948,6.454,780.494,-375.966718,Charge,1156.460744,1156.460718,50.945388,49.64,optimal,247.506499,-28.833538,-17.80895,-19.222359,-13.00336,-44.946397,-43.81567,-44.946397,-18.656995,-0.0,-0.0,-33.639127,-10.176543,-53.992213,-14.699451,-12.720678,-19.50504
110,3,9-Jan-13,7:00,0.03,849.116,59.264,849.116,59.264,789.852,-366.608715,Charge,1156.46074,1156.460715,52.323616,51.06,optimal,247.506499,-28.115856,-17.365676,-18.743904,-12.6797,-43.827658,-42.725076,-43.827658,-18.192613,-0.0,-0.0,-32.801832,-9.923243,-52.648319,-14.333574,-12.404054,-19.01955
111,3,9-Jan-13,7:30,0.06,827.288,141.474,827.288,141.474,685.814,232.583659,Discharge,453.23036,453.230341,51.449242,52.21,optimal,247.506499,17.837243,11.017121,11.891495,8.044247,27.805114,27.105614,27.805114,11.541745,0.0,0.0,20.810117,6.295498,33.401112,9.093496,7.869372,12.06637
112,3,9-Jan-13,8:00,0.06,751.676,256.836,751.676,256.836,494.84,41.609659,Discharge,453.230353,453.230341,51.292814,51.4,optimal,247.506499,3.191117,1.970984,2.127411,1.439131,4.974388,4.849246,4.974388,2.06484,0.0,0.0,3.72297,1.126276,5.975522,1.626844,1.407846,2.158697
113,3,9-Jan-13,8:30,0.06,774.422,357.312,774.422,357.312,417.11,-36.120341,Charge,453.230344,453.230341,51.428605,51.28,optimal,247.506499,-2.770131,-1.710964,-1.846754,-1.249275,-4.318146,-4.209513,-4.318146,-1.792438,-0.0,-0.0,-3.23182,-0.977693,-5.187207,-1.412224,-1.222117,-1.873912
114,3,9-Jan-13,9:00,0.06,815.3,485.542,815.3,485.542,329.758,-123.472341,Charge,453.230335,453.230341,51.892787,51.46,optimal,247.506499,-9.469307,-5.84869,-6.312872,-4.270472,-14.760979,-14.389634,-14.760979,-6.127199,-0.0,-0.0,-11.047525,-3.342108,-17.731742,-4.82749,-4.177636,-6.405708
115,3,9-Jan-13,9:30,0.06,812.048,617.354,812.048,617.354,194.694,-258.536337,Charge,453.230323,453.230337,52.864728,51.95,optimal,247.506499,-19.827599,-12.246458,-13.218399,-8.941858,-30.907727,-30.130175,-30.907727,-12.829623,-0.0,-0.0,-23.132199,-6.997976,-37.128151,-10.108188,-8.74747,-13.412787
116,3,9-Jan-13,10:00,0.06,766.926,709.204,766.926,709.204,57.722,-395.50834,Charge,453.230318,453.23034,54.351601,52.98,optimal,247.506499,-30.332219,-18.734606,-20.221479,-13.679236,-47.282576,-46.093077,-47.282576,-19.62673,-0.0,-0.0,-35.387588,-10.705489,-56.798566,-15.463484,-13.381861,-20.518854
117,3,9-Jan-13,10:30,0.06,798.404,795.328,798.404,795.328,3.076,-450.154346,Charge,453.230317,453.230346,56.043911,54.48,optimal,247.506499,-34.523115,-21.323101,-23.01541,-15.569248,-53.815444,-52.461597,-53.815444,-22.338486,-0.0,-0.0,-40.276968,-12.184629,-64.646226,-17.60002,-15.230786,-23.353872
118,3,9-Jan-13,11:00,0.06,797.428,904.484,797.428,904.484,-107.056,-560.286354,Charge,453.230319,453.230354,58.150251,56.23,optimal,247.506499,-42.969329,-26.53988,-28.64622,-19.378325,-66.981602,-65.29653,-66.981602,-27.803684,-0.0,-0.0,-50.130884,-15.165646,-80.462176,-21.905933,-18.957057,-29.067488
119,3,9-Jan-13,11:30,0.06,796.616,971.204,796.616,971.204,-174.588,-627.818362,Charge,453.230324,453.230362,60.51047,58.36,optimal,247.506499,-48.148476,-29.738764,-32.098984,-21.714019,-75.054977,-73.166802,-75.054977,-31.154896,-0.0,-0.0,-56.173222,-16.99358,-90.160381,-24.546282,-21.241975,-32.571028
120,3,9-Jan-13,12:00,0.06,819.762,995.868,819.762,995.868,-176.106,-629.336369,Charge,453.230332,453.230369,62.876396,60.72,optimal,247.506499,-48.264894,-29.81067,-32.176596,-21.766521,-75.236453,-73.343712,-75.236453,-31.230226,-0.0,-0.0,-56.309044,-17.034669,-90.378381,-24.605632,-21.293336,-32.649782
121,3,9-Jan-13,12:30,0.06,854.308,1076.53,854.308,1076.53,-222.222,-675.452375,Charge,453.230341,453.230375,65.415691,63.09,optimal,247.506499,-51.801611,-31.995112,-34.534407,-23.361511,-80.74957,-78.718134,-80.74957,-33.518689,-0.0,-0.0,-60.435212,-18.282921,-97.001055,-26.408664,-22.853652,-35.042266
122,3,9-Jan-13,13:00,0.06,826.406,1136.318,826.406,1136.318,-309.912,-763.142379,Charge,453.230352,453.230379,68.284648,65.67,optimal,247.506499,-58.526709,-36.14885,-39.017806,-26.394398,-91.232811,-88.937646,-91.232811,-37.870223,-0.0,-0.0,-68.28116,-20.656485,-109.594131,-29.837146,-25.820607,-39.591597
123,3,9-Jan-13,13:30,0.06,788.852,1158.078,788.852,1158.078,-369.226,-822.456381,Charge,453.230361,453.230381,71.376589,68.58,optimal,247.506499,-63.075602,-38.95846,-42.050401,-28.44586,-98.323733,-95.85018,-98.323733,-40.813625,-0.0,-0.0,-73.588203,-22.261977,-118.112157,-32.156189,-27.827472,-42.66879
124,3,9-Jan-13,14:00,0.06,778.816,985.614,778.816,985.614,-206.798,-660.028381,Charge,453.230369,453.230381,73.857899,71.61,optimal,247.506499,-50.618718,-31.264502,-33.745812,-22.828049,-78.905649,-76.920601,-78.905649,-32.753288,-0.0,-0.0,-59.055171,-17.86543,-94.786031,-25.805621,-22.331787,-34.242074
125,3,9-Jan-13,14:30,0.3,757.296,1010.638,757.296,1010.638,-253.342,-143.988078,Charge,-109.353925,-109.353922,74.399207,73.92,optimal,247.506499,-11.042695,-6.820488,-7.361796,-4.980039,-17.213612,-16.780565,-17.213612,-7.145273,-0.0,-0.0,-12.883144,-3.897422,-20.677987,-5.629609,-4.871777,-7.470058
126,3,9-Jan-13,15:00,0.3,789.612,1031.416,789.612,1031.416,-241.804,-132.450071,Charge,-109.353925,-109.353929,74.89714,74.45,optimal,247.506499,-10.157825,-6.273951,-6.771883,-4.58098,-15.834257,-15.43591,-15.834257,-6.57271,-0.0,-0.0,-11.850796,-3.585115,-19.021025,-5.178499,-4.481393,-6.87147
127,3,9-Jan-13,15:30,0.3,808.372,944.736,808.372,944.736,-136.364,-27.010066,Charge,-109.353926,-109.353934,74.998681,74.9,optimal,247.506499,-2.071449,-1.279424,-1.380966,-0.934183,-3.229023,-3.14779,-3.229023,-1.340349,-0.0,-0.0,-2.41669,-0.7311,-3.878889,-1.056033,-0.913874,-1.401274
128,3,9-Jan-13,16:00,0.3,833.384,759.524,833.384,759.524,73.86,183.213934,Discharge,-109.353927,-109.353934,74.309907,74.92,optimal,247.506499,14.050993,8.678555,9.367329,6.336723,21.903019,21.352,21.903019,9.091819,0.0,0.0,16.392826,4.959174,26.311174,7.163252,6.198968,9.505084
129,3,9-Jan-13,16:30,0.3,795.028,649.704,795.028,649.704,145.324,254.677932,Discharge,-109.353928,-109.353932,73.352471,74.21,optimal,247.506499,19.531691,12.063691,13.021127,8.80841,30.446459,29.680511,30.446459,12.638153,0.0,0.0,22.786973,6.893538,36.574049,9.957333,8.616922,13.212614
130,3,9-Jan-13,17:00,0.3,858.284,605.774,858.284,605.774,252.51,361.863927,Discharge,-109.353928,-109.353927,71.992081,73.19,optimal,247.506499,27.75197,17.140923,18.501314,12.515594,43.260424,42.172112,43.260424,17.957157,0.0,0.0,32.377299,9.794813,51.966925,14.148063,12.243516,18.773392
131,3,9-Jan-13,17:30,0.3,879.684,491.478,879.684,491.478,388.206,497.559923,Discharge,-109.353929,-109.353923,70.121555,71.77,optimal,247.506499,38.158731,23.568628,25.439154,17.208839,59.482728,57.986307,59.482728,24.690944,0.0,0.0,44.518519,13.467787,71.454094,19.453471,16.834734,25.813259
132,3,9-Jan-13,18:00,0.3,936.972,292.128,936.972,292.128,644.844,754.197923,Discharge,-109.353929,-109.353923,67.286224,69.81,optimal,247.506499,57.840743,35.725165,38.560495,26.085041,90.163511,87.895247,90.163511,37.426363,0.0,0.0,67.480867,20.41438,108.309627,29.487438,25.517975,39.127561
133,3,9-Jan-13,18:30,0.3,1028.216,126.16,1028.216,126.16,902.056,1011.409928,Discharge,-109.353929,-109.353928,63.483931,66.86,optimal,247.506499,77.566776,47.908891,51.711184,34.981095,120.912916,117.871082,120.912916,50.190267,0.0,0.0,90.494573,27.376509,145.247591,39.543847,34.220637,52.471643
134,3,9-Jan-13,19:00,0.3,1019.526,50.478,1019.526,50.478,969.048,1078.401939,Discharge,-109.353929,-109.353939,59.429789,63.02,optimal,247.506499,82.70451,51.082197,55.13634,37.298112,128.921736,125.678422,128.921736,53.514683,0.0,0.0,96.488595,29.189827,154.868248,42.163083,36.487284,55.947168
135,3,9-Jan-13,19:30,0.3,949.052,12.596,949.052,12.596,936.456,1045.809954,Discharge,-109.35393,-109.353954,55.498172,58.96,optimal,247.506499,80.204974,49.538366,53.469983,36.170871,125.0254,121.880107,125.0254,51.897336,0.0,0.0,93.57247,28.307638,150.187745,40.88881,35.384547,54.256306
136,3,9-Jan-13,20:00,0.3,912.414,0.392,912.414,0.392,912.022,1021.375965,Discharge,-109.353931,-109.353965,51.658412,55.05,optimal,247.506499,78.331089,48.380967,52.220726,35.325785,122.104345,119.032537,122.104345,50.684822,0.0,0.0,91.386271,27.646267,146.678804,39.933496,34.557833,52.988678
137,3,9-Jan-13,20:30,0.06,952.766,0.452,952.766,0.452,952.314,499.083667,Discharge,453.230375,453.230333,49.782158,51.42,optimal,247.506499,38.275589,23.640805,25.51706,17.26154,59.664889,58.163886,59.664889,24.766558,0.0,0.0,44.654854,13.509032,71.672918,19.513046,16.886289,25.892311
138,3,9-Jan-13,21:00,0.06,956.926,0.296,956.926,0.296,956.63,503.399673,Discharge,453.230373,453.230327,47.889678,49.55,optimal,247.506499,38.606591,23.845248,25.737728,17.410816,60.180863,58.666879,60.180863,24.980736,0.0,0.0,45.041023,13.625856,72.292735,19.681792,17.03232,26.116224
139,3,9-Jan-13,21:30,0.06,930.438,0.276,930.438,0.276,930.162,476.931676,Discharge,453.230372,453.230324,46.096701,47.65,optimal,247.506499,36.576715,22.5915,24.384477,16.495381,57.016644,55.582263,57.016644,23.667286,0.0,0.0,42.672834,12.909429,68.491692,18.646953,16.136786,24.743072
140,3,9-Jan-13,22:00,0.06,862.72,0.272,862.72,0.272,862.448,409.217671,Discharge,453.230373,453.230329,44.558289,45.87,optimal,247.506499,31.383611,19.383995,20.922407,14.153393,48.921511,47.690781,48.921511,20.307042,0.0,0.0,36.614213,11.076569,58.76735,15.999488,13.845711,21.23009
141,3,9-Jan-13,22:30,0.03,869.446,0.166,869.446,0.166,869.28,-287.180719,Charge,1156.460758,1156.460719,45.637916,44.61,optimal,247.506499,-22.024386,-13.603297,-14.682924,-9.932566,-34.332131,-33.46843,-34.332131,-14.251073,-0.0,-0.0,-25.695117,-7.773313,-41.241742,-11.228118,-9.716641,-14.898849
142,3,9-Jan-13,23:00,0.03,839.256,0.144,839.256,0.144,839.112,-317.348738,Charge,1156.460764,1156.460738,46.830956,45.7,optimal,247.506499,-24.338024,-15.032309,-16.225349,-10.975971,-37.938684,-36.984251,-37.938684,-15.748133,-0.0,-0.0,-28.394361,-8.589891,-45.574142,-12.40762,-10.737363,-16.463957
143,3,9-Jan-13,23:30,0.03,763.136,0.06,763.136,0.06,763.076,-393.38476,Charge,1156.46077,1156.46076,48.309847,46.9,optimal,247.506499,-30.169358,-18.634015,-20.112905,-13.605789,-47.028704,-45.845592,-47.028704,-19.521349,-0.0,-0.0,-35.197584,-10.648009,-56.493601,-15.380457,-13.310011,-20.408683
144,3,10-Jan-13,0:00,0.03,707.032,0.152,707.032,0.152,706.88,-449.580784,Charge,1156.460788,1156.460784,50.0,48.39,optimal,247.506499,-34.479128,-21.295932,-22.986085,-15.549411,-53.746876,-52.394753,-53.746876,-22.310024,-0.0,-0.0,-40.225649,-12.169104,-64.563857,-17.577595,-15.21138,-23.324116
145,4,10-Jan-13,0:30,0.03,656.018,0.068,656.018,0.068,655.95,-345.617271,Charge,1001.567174,1001.567271,51.299315,50.02,optimal,-127.067888,-26.505986,-16.371344,-17.670657,-11.95368,-41.318155,-40.278704,-41.318155,-17.150932,-0.0,-0.0,-30.923651,-9.355054,-49.633758,-13.512856,-11.693817,-17.93052
146,4,10-Jan-13,1:00,0.03,617.168,0.24,617.168,0.24,616.928,-384.639326,Charge,1001.567248,1001.567326,52.745327,51.36,optimal,-127.067888,-29.498655,-18.219758,-19.66577,-13.303315,-45.983198,-44.826388,-45.983198,-19.087365,-0.0,-0.0,-34.415098,-10.41129,-55.237678,-15.03853,-13.014113,-19.954973
147,4,10-Jan-13,1:30,0.03,542.986,0.18,542.986,0.18,542.806,-458.761362,Charge,1001.567279,1001.567362,54.469993,52.81,optimal,-127.067888,-35.183202,-21.730801,-23.455468,-15.866934,-54.844403,-53.46467,-54.844403,-22.765601,-0.0,-0.0,-41.047069,-12.417601,-65.882271,-17.936534,-15.522001,-23.800401
148,4,10-Jan-13,2:00,0.03,524.002,0.186,524.002,0.186,523.816,-477.751404,Charge,1001.567349,1001.567404,56.266051,54.53,optimal,-127.067888,-36.639581,-22.63033,-24.426388,-16.523733,-57.114642,-55.677795,-57.114642,-23.707964,-0.0,-0.0,-42.746178,-12.931617,-68.609412,-18.679002,-16.164521,-24.785599
149,4,10-Jan-13,2:30,0.03,533.98,0.12,533.98,0.12,533.86,-467.707414,Charge,1001.567384,1001.567414,58.024349,56.34,optimal,-127.067888,-35.86929,-22.154562,-23.91286,-16.176347,-55.913894,-54.507255,-55.913894,-23.209541,-0.0,-0.0,-41.847506,-12.65975,-67.167005,-18.286305,-15.824687,-24.26452
150,4,10-Jan-13,3:00,0.03,491.246,0.06,491.246,0.06,491.186,-510.381404,Charge,1001.567397,1001.567404,59.943076,58.12,optimal,-127.067888,-39.142033,-24.175961,-26.094688,-17.652289,-61.015521,-59.48054,-61.015521,-25.327198,-0.0,-0.0,-45.665705,-13.814835,-73.295375,-19.954762,-17.268544,-26.478434
151,4,10-Jan-13,3:30,0.03,496.276,0.272,496.276,0.272,496.004,-505.563391,Charge,1001.567405,1001.567391,61.843691,60.04,optimal,-127.067888,-38.772531,-23.94774,-25.848354,-17.485651,-60.439533,-58.919042,-60.439533,-25.088108,-0.0,-0.0,-45.234619,-13.684423,-72.603464,-19.766388,-17.105528,-26.228477
152,4,10-Jan-13,4:00,0.03,476.466,0.108,476.466,0.108,476.358,-525.209383,Charge,1001.567412,1001.567383,63.818162,61.95,optimal,-127.067888,-40.279216,-24.878339,-26.852811,-18.165137,-62.788189,-61.208612,-62.788189,-26.063022,-0.0,-0.0,-46.992419,-14.216194,-75.424806,-20.534502,-17.770242,-27.247705
153,4,10-Jan-13,4:30,0.03,478.144,0.156,478.144,0.156,477.988,-523.579383,Charge,1001.567419,1001.567383,65.786506,63.91,optimal,-127.067888,-40.154208,-24.801129,-26.769472,-18.108761,-62.593325,-61.01865,-62.593325,-25.982135,-0.0,-0.0,-46.846576,-14.172074,-75.190723,-20.470773,-17.715092,-27.163141
154,4,10-Jan-13,5:00,0.03,453.054,0.168,453.054,0.168,452.886,-548.681387,Charge,1001.567424,1001.567387,67.849218,65.88,optimal,-127.067888,-42.079324,-25.990171,-28.052883,-18.97695,-65.594241,-63.944071,-65.594241,-27.227798,-0.0,-0.0,-49.092545,-14.851526,-78.795598,-21.452205,-18.564408,-28.465425
155,4,10-Jan-13,5:30,0.03,505.97,0.276,505.97,0.276,505.694,-495.873391,Charge,1001.567426,1001.567391,69.713403,67.92,optimal,-127.067888,-38.029388,-23.48874,-25.352925,-17.150508,-59.281105,-57.789756,-59.281105,-24.607251,-0.0,-0.0,-44.367619,-13.422137,-71.211893,-19.387531,-16.777671,-25.725762
156,4,10-Jan-13,6:00,0.03,527.978,0.284,527.978,0.284,527.694,-473.873391,Charge,1001.567422,1001.567391,71.494882,69.78,optimal,-127.067888,-36.34217,-22.446634,-24.228113,-16.389606,-56.651029,-55.225846,-56.651029,-23.515522,-0.0,-0.0,-42.399198,-12.826648,-68.052495,-18.527381,-16.03331,-24.584409
157,4,10-Jan-13,6:30,0.03,588.81,0.42,588.81,0.42,588.39,-413.177386,Charge,1001.567415,1001.567386,73.04818,71.52,optimal,-127.067888,-31.687288,-19.57156,-21.124859,-14.290346,-49.39489,-48.152252,-49.39489,-20.503539,-0.0,-0.0,-36.968503,-11.183749,-59.336,-16.154304,-13.979686,-21.435519
158,4,10-Jan-13,7:00,0.03,617.064,11.41,617.064,11.41,605.654,-395.913375,Charge,1001.567402,1001.567375,74.536576,73.08,optimal,-127.067888,-30.363281,-18.753791,-20.242188,-13.693245,-47.330997,-46.14028,-47.330997,-19.646829,-0.0,-0.0,-35.423828,-10.716452,-56.856733,-15.47932,-13.395565,-20.539867
159,4,10-Jan-13,7:30,0.06,664.798,47.038,664.798,47.038,617.76,241.976333,Discharge,375.783692,375.783667,73.626891,74.31,optimal,-127.067888,18.557583,11.462037,12.371722,8.369106,28.927998,28.200249,28.927998,12.007848,0.0,0.0,21.650514,6.549735,34.749985,9.460729,8.187169,12.553659
160,4,10-Jan-13,8:00,0.06,644.312,105.134,644.312,105.134,539.178,163.394341,Discharge,375.78368,375.783659,73.012626,73.41,optimal,-127.067888,12.530995,7.739732,8.353996,5.651233,19.533609,19.042198,19.533609,8.108291,0.0,0.0,14.619494,4.422704,23.464902,6.38835,5.52838,8.476849
161,4,10-Jan-13,8:30,0.06,668.77,195.638,668.77,195.638,473.132,97.348348,Discharge,375.783667,375.783652,72.646655,72.8,optimal,-127.067888,7.465813,4.611238,4.977209,3.366935,11.637885,11.345108,11.637885,4.83082,0.0,0.0,8.710115,2.634993,13.980101,3.806101,3.293741,5.050403
162,4,10-Jan-13,9:00,0.06,712.992,279.672,712.992,279.672,433.32,57.53635,Discharge,375.783656,375.78365,72.430353,72.47,optimal,-127.067888,4.412562,2.725406,2.941708,1.989979,6.878406,6.705364,6.878406,2.855187,0.0,0.0,5.147989,1.557375,8.262739,2.249542,1.946719,2.984969
163,4,10-Jan-13,9:30,0.06,739.104,306.064,739.104,306.064,433.04,57.256345,Discharge,375.783649,375.783655,72.215104,72.28,optimal,-127.067888,4.391088,2.712143,2.927392,1.980295,6.844932,6.672732,6.844932,2.841292,0.0,0.0,5.122936,1.549796,8.222528,2.238594,1.937245,2.970442
164,4,10-Jan-13,10:00,0.06,717.306,383.49,717.306,383.49,333.816,-41.967665,Charge,375.783646,375.783665,72.372877,72.11,optimal,-127.067888,-3.218573,-1.987942,-2.145715,-1.451513,-5.017187,-4.890968,-5.017187,-2.082606,-0.0,-0.0,-3.755002,-1.135967,-6.026935,-1.640841,-1.419959,-2.17727
165,4,10-Jan-13,10:30,0.06,705.586,506.788,705.586,506.788,198.798,-176.98568,Charge,375.783647,375.78368,73.038237,72.32,optimal,-127.067888,-13.573338,-8.383532,-9.048892,-6.121309,-21.158438,-20.626151,-21.158438,-8.782748,-0.0,-0.0,-15.835561,-4.79059,-25.41674,-6.919741,-5.988237,-9.181964
166,4,10-Jan-13,11:00,0.06,749.262,515.022,749.262,515.022,234.24,-141.543698,Charge,375.783655,375.783698,73.570356,72.99,optimal,-127.067888,-10.855231,-6.704701,-7.236821,-4.895496,-16.921389,-16.495694,-16.921389,-7.023973,-0.0,-0.0,-12.664436,-3.831258,-20.326952,-5.534039,-4.789072,-7.343244
167,4,10-Jan-13,11:30,0.06,703.894,538.398,703.894,538.398,165.496,-210.287713,Charge,375.783664,375.783713,74.360911,73.55,optimal,-127.067888,-16.127328,-9.960997,-10.751552,-7.273109,-25.139659,-24.507215,-25.139659,-10.43533,-0.0,-0.0,-18.815216,-5.691998,-30.199213,-8.221775,-7.114998,-10.909663
168,4,10-Jan-13,12:00,0.06,730.812,596.982,730.812,596.982,133.83,-241.953722,Charge,375.783674,375.783722,75.270512,74.35,optimal,-127.067888,-18.555849,-11.460966,-12.370566,-8.368324,-28.925295,-28.197614,-28.925295,-12.006726,-0.0,-0.0,-21.648491,-6.549123,-34.746737,-9.459845,-8.186404,-12.552486
169,4,10-Jan-13,12:30,0.06,717.972,690.526,717.972,690.526,27.446,-348.337723,Charge,375.783683,375.783723,76.580052,75.32,optimal,-127.067888,-26.714622,-16.500208,-17.809748,-12.047771,-41.643382,-40.59575,-41.643382,-17.285932,-0.0,-0.0,-31.167059,-9.42869,-50.02444,-13.619219,-11.785863,-18.071656
170,4,10-Jan-13,13:00,0.06,716.234,654.568,716.234,654.568,61.666,-314.117721,Charge,375.783693,375.783721,77.760946,76.63,optimal,-127.067888,-24.090231,-14.87926,-16.060154,-10.864222,-37.552419,-36.607704,-37.552419,-15.587797,-0.0,-0.0,-28.10527,-8.502435,-45.110139,-12.281294,-10.628043,-16.296333
171,4,10-Jan-13,13:30,0.06,705.898,595.466,705.898,595.466,110.432,-265.35172,Charge,375.783705,375.78372,78.758509,77.79,optimal,-127.067888,-20.350282,-12.569292,-13.566855,-9.177578,-31.722499,-30.924449,-31.722499,-13.16783,-0.0,-0.0,-23.741996,-7.182453,-38.106901,-10.374654,-8.978066,-13.766367
172,4,10-Jan-13,14:00,0.06,707.158,579.202,707.158,579.202,127.956,-247.827723,Charge,375.783724,375.783723,79.690192,78.76,optimal,-127.067888,-19.006337,-11.739208,-12.670891,-8.571485,-29.627525,-28.882178,-29.627525,-12.298218,-0.0,-0.0,-22.174059,-6.708119,-35.590297,-9.689505,-8.385149,-12.857228
173,4,10-Jan-13,14:30,0.3,675.83,626.078,675.83,626.078,49.752,174.595271,Discharge,-124.843257,-124.843271,79.033819,79.54,optimal,-127.067888,13.390013,8.270302,8.926675,6.038633,20.872668,20.347569,20.872668,8.664126,0.0,0.0,15.621682,4.725887,25.073456,6.826281,5.907359,9.05795
174,4,10-Jan-13,15:00,0.3,696.904,664.48,696.904,664.48,32.424,157.267283,Discharge,-124.843256,-124.843283,78.442589,78.9,optimal,-127.067888,12.0611,7.449503,8.040733,5.43932,18.801126,18.328142,18.801126,7.804241,0.0,0.0,14.071283,4.256859,22.585001,6.148796,5.321073,8.158979
175,4,10-Jan-13,15:30,0.3,667.316,640.572,667.316,640.572,26.744,151.587287,Discharge,-124.843255,-124.843287,77.872711,78.32,optimal,-127.067888,11.625491,7.18045,7.750327,5.242869,18.122089,17.666188,18.122089,7.522377,0.0,0.0,13.563073,4.103115,21.769302,5.926721,5.128893,7.864303
176,4,10-Jan-13,16:00,0.3,652.348,570.68,652.348,570.68,81.668,206.511285,Discharge,-124.843255,-124.843285,77.096353,77.71,optimal,-127.067888,15.837708,9.782113,10.558472,7.142496,24.688191,24.067105,24.688191,10.247928,0.0,0.0,18.477325,5.589779,29.656884,8.074125,6.987224,10.713743
177,4,10-Jan-13,16:30,0.3,677.366,560.218,677.366,560.218,117.148,241.991279,Discharge,-124.843255,-124.843279,76.186612,76.91,optimal,-127.067888,18.55873,11.462745,12.372486,8.369623,28.929784,28.201991,28.929784,12.00859,0.0,0.0,21.651851,6.55014,34.752131,9.461313,8.187675,12.554435
178,4,10-Jan-13,17:00,0.3,715.024,518.334,715.024,518.334,196.69,321.533273,Discharge,-124.843256,-124.843273,74.97784,75.95,optimal,-127.067888,24.658943,15.230523,16.439295,11.1207,38.43894,37.471923,38.43894,15.955786,0.0,0.0,28.768767,8.703156,46.175079,12.571226,10.878945,16.68105
179,4,10-Jan-13,17:30,0.3,806.808,382.334,806.808,382.334,424.474,549.31727,Discharge,-124.843257,-124.84327,72.912738,74.64,optimal,-127.067888,42.128091,26.020292,28.085394,18.998943,65.67026,64.018178,65.67026,27.259353,0.0,0.0,49.14944,14.868738,78.886916,21.477066,18.585923,28.498415
180,4,10-Jan-13,18:00,0.3,912.658,261.248,912.658,261.248,651.41,776.253273,Discharge,-124.843258,-124.843273,69.994493,72.49,optimal,-127.067888,59.532206,36.769892,39.688137,26.847858,92.800203,90.465607,92.800203,38.520839,0.0,0.0,69.45424,21.011367,111.476974,30.349752,26.264208,40.271786
181,4,10-Jan-13,18:30,0.3,926.796,186.884,926.796,186.884,739.912,864.755281,Discharge,-124.843259,-124.843281,66.743533,69.52,optimal,-127.067888,66.319578,40.962092,44.213052,29.908829,103.380519,100.779751,103.380519,42.912668,0.0,0.0,77.372841,23.40691,124.186661,33.809981,29.258637,44.863244
182,4,10-Jan-13,19:00,0.3,920.146,130.176,920.146,130.176,789.97,914.813295,Discharge,-124.843261,-124.843295,63.304385,66.27,optimal,-127.067888,70.158614,43.333261,46.772409,31.640159,109.364898,106.613579,109.364898,45.39675,0.0,0.0,81.851716,24.761864,131.375443,35.767136,30.95233,47.460239
183,4,10-Jan-13,19:30,0.3,931.584,64.894,931.584,64.894,866.69,991.533309,Discharge,-124.843262,-124.843309,59.576816,62.8,optimal,-127.067888,76.042404,46.967367,50.694936,34.293633,118.536689,115.554634,118.536689,49.203909,0.0,0.0,88.716138,26.838496,142.393129,38.766716,33.548119,51.44045
184,4,10-Jan-13,20:00,0.3,931.146,11.33,931.146,11.33,919.816,1044.659315,Discharge,-124.843264,-124.843315,55.649525,59.06,optimal,-127.067888,80.116729,49.483862,53.411153,36.131074,124.887843,121.74601,124.887843,51.840237,0.0,0.0,93.469518,28.276493,150.022503,40.843823,35.345616,54.196611
185,4,10-Jan-13,20:30,0.06,988.884,0.136,988.884,0.136,988.748,612.964342,Discharge,375.783711,375.783658,53.345148,55.3,optimal,-127.067888,47.009295,29.035153,31.33953,21.20027,73.279196,71.435694,73.279196,30.417779,0.0,0.0,54.844178,16.591516,88.02721,23.965523,20.739395,31.800406
186,4,10-Jan-13,21:00,0.06,984.83,0.332,984.83,0.332,984.498,608.714345,Discharge,375.783704,375.783655,51.056748,53.0,optimal,-127.067888,46.683356,28.833837,31.122237,21.053278,72.771113,70.940394,72.771113,30.206877,0.0,0.0,54.463915,16.476479,87.416872,23.799358,20.595598,31.579917
187,4,10-Jan-13,21:30,0.06,957.894,0.3,957.894,0.3,957.594,581.810338,Discharge,375.783706,375.783662,48.869491,50.7,optimal,-127.067888,44.620041,27.559437,29.746694,20.122764,69.55477,67.804964,69.55477,28.871791,0.0,0.0,52.056714,15.74825,83.553214,22.747472,19.685312,30.184145
188,4,10-Jan-13,22:00,0.06,882.052,0.156,882.052,0.156,881.896,506.112323,Discharge,375.783711,375.783677,46.966813,48.52,optimal,-127.067888,38.814629,23.973742,25.87642,17.504637,60.505157,58.983015,60.505157,25.115348,0.0,0.0,45.283734,13.699281,72.682296,19.78785,17.124101,26.256955
189,4,10-Jan-13,22:30,0.03,882.546,0.332,882.546,0.332,882.214,-119.353393,Charge,1001.567401,1001.567393,47.41551,46.85,optimal,-127.067888,-9.153418,-5.653582,-6.102279,-4.128012,-14.268564,-13.909606,-14.268564,-5.9228,-0.0,-0.0,-10.678988,-3.230618,-17.140224,-4.666448,-4.038273,-6.192018
190,4,10-Jan-13,23:00,0.03,860.55,0.07,860.55,0.07,860.48,-141.087425,Charge,1001.567436,1001.567425,47.945914,47.3,optimal,-127.067888,-10.820239,-6.683089,-7.213492,-4.879715,-16.866843,-16.442519,-16.866843,-7.001331,-0.0,-0.0,-12.623612,-3.818908,-20.261427,-5.5162,-4.773635,-7.319573
191,4,10-Jan-13,23:30,0.03,761.804,0.108,761.804,0.108,761.696,-239.871423,Charge,1001.567409,1001.567423,48.847686,47.87,optimal,-127.067888,-18.396154,-11.362331,-12.264103,-8.296305,-28.676358,-27.95494,-28.676358,-11.903394,-0.0,-0.0,-21.46218,-6.49276,-34.447701,-9.378432,-8.11595,-12.444457
192,4,11-Jan-13,0:00,0.03,695.12,0.068,695.12,0.068,695.052,-306.515435,Charge,1001.567415,1001.567435,50.0,48.78,optimal,-127.067888,-23.507199,-14.519152,-15.671466,-10.601286,-36.643575,-35.721724,-36.643575,-15.21054,-0.0,-0.0,-27.425065,-8.296658,-44.018382,-11.984062,-10.370823,-15.901929
193,5,11-Jan-13,0:30,0.03,629.392,0.156,629.392,0.156,629.236,-280.965096,Charge,910.201096,910.201096,51.05626,49.95,optimal,-385.540514,-21.547699,-13.308873,-14.365133,-9.71759,-33.58906,-32.744053,-33.58906,-13.942629,-0.0,-0.0,-25.138982,-7.60507,-40.349123,-10.985101,-9.506338,-14.576385
194,5,11-Jan-13,1:00,0.03,612.534,0.18,612.534,0.18,612.354,-297.847083,Charge,910.201083,910.201083,52.175986,51.03,optimal,-385.540514,-22.842408,-14.108546,-15.228272,-10.301478,-35.607283,-34.711502,-35.607283,-14.780382,-0.0,-0.0,-26.649476,-8.062026,-42.773529,-11.645149,-10.077533,-15.452217
195,5,11-Jan-13,1:30,0.03,551.462,0.268,551.462,0.268,551.194,-359.007058,Charge,910.201059,910.201058,53.525636,52.19,optimal,-385.540514,-27.532872,-17.005598,-18.355248,-12.416785,-42.918889,-41.839168,-42.918889,-17.815388,-0.0,-0.0,-32.121684,-9.717484,-51.556653,-14.036366,-12.146855,-18.625178
196,5,11-Jan-13,2:00,0.03,521.032,0.07,521.032,0.07,520.962,-389.239021,Charge,910.201022,910.201021,54.988941,53.57,optimal,-385.540514,-29.851414,-18.437638,-19.900942,-13.462402,-46.533086,-45.362442,-46.533086,-19.315621,-0.0,-0.0,-34.826649,-10.535793,-55.898235,-15.218368,-13.169741,-20.193603
197,5,11-Jan-13,2:30,0.03,499.568,0.264,499.568,0.264,499.304,-410.896972,Charge,910.200972,910.200972,56.533666,55.05,optimal,-385.540514,-31.512399,-19.463541,-21.008266,-14.211474,-49.12227,-47.886489,-49.12227,-20.390376,-0.0,-0.0,-36.764466,-11.122023,-59.008513,-16.065145,-13.902529,-21.317211
198,5,11-Jan-13,3:00,0.03,488.504,0.06,488.504,0.06,488.444,-421.75691,Charge,910.20091,910.20091,58.119218,56.62,optimal,-385.540514,-32.345267,-19.977959,-21.563511,-14.587081,-50.420563,-49.152121,-50.420563,-20.92929,-0.0,-0.0,-37.736145,-11.415977,-60.568098,-16.489744,-14.269971,-21.880622
199,5,11-Jan-13,3:30,0.03,511.488,0.144,511.488,0.144,511.344,-398.856836,Charge,910.200836,910.200836,59.61868,58.18,optimal,-385.540514,-30.589021,-18.893219,-20.39268,-13.795048,-47.682885,-46.483315,-47.682885,-19.792896,-0.0,-0.0,-35.687191,-10.796125,-57.27944,-15.594403,-13.495156,-20.692573
200,5,11-Jan-13,4:00,0.03,482.736,0.212,482.736,0.212,482.524,-427.67675,Charge,910.20075,910.20075,61.226488,59.71,optimal,-385.540514,-32.79927,-20.258372,-21.86618,-14.791827,-51.128273,-49.842027,-51.128273,-21.223057,-0.0,-0.0,-38.265814,-11.576213,-61.41824,-16.721196,-14.470266,-22.187741
201,5,11-Jan-13,4:30,0.03,468.922,0.216,468.922,0.216,468.706,-441.494652,Charge,910.200652,910.200652,62.886242,61.33,optimal,-385.540514,-33.858988,-20.912905,-22.572659,-15.26974,-52.780188,-51.452384,-52.780188,-21.908757,-0.0,-0.0,-39.502153,-11.950231,-63.402615,-17.261445,-14.937789,-22.90461
202,5,11-Jan-13,5:00,0.03,467.622,0.168,467.622,0.168,467.454,-442.746542,Charge,910.200542,910.200542,64.550703,63.0,optimal,-385.540514,-33.954998,-20.972205,-22.636665,-15.313038,-52.92985,-51.598281,-52.92985,-21.970881,-0.0,-0.0,-39.614164,-11.984117,-63.582398,-17.310391,-14.980146,-22.969557
203,5,11-Jan-13,5:30,0.03,508.934,0.18,508.934,0.18,508.754,-401.44642,Charge,910.20042,910.20042,66.0599,64.65,optimal,-385.540514,-30.78762,-19.015883,-20.52508,-13.884613,-47.992467,-46.785109,-47.992467,-19.921401,-0.0,-0.0,-35.91889,-10.866219,-57.651328,-15.695649,-13.582774,-20.82692
204,5,11-Jan-13,6:00,0.03,517.744,0.048,517.744,0.048,517.696,-392.504286,Charge,910.200286,910.200286,67.53548,66.17,optimal,-385.540514,-30.101832,-18.592308,-20.067888,-13.575336,-46.923445,-45.742981,-46.923445,-19.477656,-0.0,-0.0,-35.118805,-10.624176,-56.367157,-15.346032,-13.28022,-20.363004
205,5,11-Jan-13,6:30,0.03,550.676,2.318,550.676,2.318,548.358,-361.842141,Charge,910.200141,910.200141,68.895788,67.63,optimal,-385.540514,-27.7503,-17.139891,-18.5002,-12.514841,-43.25782,-42.169573,-43.25782,-17.956076,-0.0,-0.0,-32.375349,-9.794223,-51.963796,-14.147212,-12.242779,-18.772261
206,5,11-Jan-13,7:00,0.03,587.486,29.35,587.486,29.35,558.136,-352.063984,Charge,910.199984,910.199984,70.219337,69.0,optimal,-385.540514,-27.000396,-16.676715,-18.000264,-12.176649,-42.088852,-41.030013,-42.088852,-17.470844,-0.0,-0.0,-31.500462,-9.529551,-50.559565,-13.764908,-11.911939,-18.264974
207,5,11-Jan-13,7:30,0.06,610.37,109.538,610.37,109.538,500.832,170.732103,Discharge,330.099897,330.099897,69.577487,70.12,optimal,-385.540514,13.09374,8.08731,8.72916,5.90502,20.41083,19.89735,20.41083,8.47242,0.0,0.0,15.27603,4.62132,24.51867,6.67524,5.77665,8.85753
208,5,11-Jan-13,8:00,0.06,666.526,248.216,666.526,248.216,418.31,88.21019,Discharge,330.09981,330.09981,69.24587,69.52,optimal,-385.540514,6.764992,4.178377,4.509995,3.050879,10.545429,10.280135,10.545429,4.377348,0.0,0.0,7.892491,2.387644,12.667779,3.448819,2.984555,4.576318
209,5,11-Jan-13,8:30,0.06,657.222,441.996,657.222,441.996,215.226,-114.87372,Charge,330.099721,330.09972,69.677726,69.25,optimal,-385.540514,-8.809864,-5.441387,-5.873243,-3.973076,-13.733024,-13.387539,-13.733024,-5.7005,-0.0,-0.0,-10.278175,-3.109364,-16.496903,-4.491303,-3.886705,-5.959614
210,5,11-Jan-13,9:00,0.06,731.04,666.11,731.04,666.11,64.93,-265.169628,Charge,330.099628,330.099628,70.674604,69.75,optimal,-385.540514,-20.336317,-12.560667,-13.557545,-9.17128,-31.70073,-30.903227,-31.70073,-13.158794,-0.0,-0.0,-23.725704,-7.177524,-38.080751,-10.367534,-8.971905,-13.756921
211,5,11-Jan-13,9:30,0.06,785.292,883.094,785.292,883.094,-97.802,-427.901534,Charge,330.099534,330.099534,72.283257,70.79,optimal,-385.540514,-32.816509,-20.26902,-21.877672,-14.799602,-51.155146,-49.868224,-51.155146,-21.234211,-0.0,-0.0,-38.285927,-11.582297,-61.450521,-16.729985,-14.477871,-22.199403
212,5,11-Jan-13,10:00,0.06,765.574,1068.38,765.574,1068.38,-302.806,-632.905436,Charge,330.099436,330.099436,74.662601,72.49,optimal,-385.540514,-48.538612,-29.979731,-32.359075,-21.889962,-75.663131,-73.759656,-75.663131,-31.407337,-0.0,-0.0,-56.628381,-17.131275,-90.890931,-24.745175,-21.414094,-32.834944
213,5,11-Jan-13,10:30,0.06,738.922,1245.158,738.922,1245.158,-506.236,-836.335336,Charge,330.099336,330.099336,77.806718,74.96,optimal,-385.540514,-64.140003,-39.615884,-42.760002,-28.925884,-99.982946,-97.467652,-99.982946,-41.502355,-0.0,-0.0,-74.830004,-22.637648,-120.1053,-32.698825,-28.29706,-43.388826
214,5,11-Jan-13,11:00,0.06,778.774,1387.002,778.774,1387.002,-608.228,-938.327234,Charge,330.099234,330.099234,81.334264,78.14,optimal,-385.540514,-71.961938,-44.447079,-47.974625,-32.453423,-112.175963,-109.353926,-112.175963,-46.563607,-0.0,-0.0,-83.955595,-25.398331,-134.752257,-36.686478,-31.747914,-48.680135
215,5,11-Jan-13,11:30,0.06,923.732,1506.37,923.732,1506.37,-582.638,-912.737129,Charge,330.099129,330.099129,84.765607,81.66,optimal,-385.540514,-69.999389,-43.234917,-46.666259,-31.568352,-109.116694,-106.37162,-109.116694,-45.293722,-0.0,-0.0,-81.665954,-24.705667,-131.077287,-35.685963,-30.882083,-47.352528
216,5,11-Jan-13,12:00,0.06,1023.496,1589.92,1023.496,1589.92,-566.424,-896.523021,Charge,330.099022,330.099021,88.135994,85.09,optimal,-385.540514,-68.755901,-42.46688,-45.837267,-31.007563,-107.178316,-104.482006,-107.178316,-44.489112,-0.0,-0.0,-80.215218,-24.266789,-128.748795,-35.052028,-30.333486,-46.511345
217,5,11-Jan-13,12:30,0.06,1128.824,1528.404,1128.824,1528.404,-399.58,-729.678912,Charge,330.098912,330.098912,90.879148,88.41,optimal,-385.540514,-55.960338,-34.563738,-37.306892,-25.237015,-87.232291,-85.037768,-87.232291,-36.20963,-0.0,-0.0,-65.287061,-19.750707,-104.788475,-28.5288,-24.688384,-37.855522
218,5,11-Jan-13,13:00,0.06,1148.574,1624.634,1148.574,1624.634,-476.06,-806.1588,Charge,330.0988,330.0988,93.90982,91.18,optimal,-385.540514,-61.825712,-38.186469,-41.217142,-27.882184,-96.375375,-93.950838,-96.375375,-40.004873,-0.0,-0.0,-72.129998,-21.82084,-115.771677,-31.518991,-27.27605,-41.823276
219,5,11-Jan-13,13:30,0.06,1191.026,1661.932,1191.026,1661.932,-470.906,-801.004686,Charge,330.098686,330.098686,96.921116,94.21,optimal,-385.540514,-61.430435,-37.942327,-40.953623,-27.703921,-95.759207,-93.35017,-95.759207,-39.749105,-0.0,-0.0,-71.66884,-21.68133,-115.0315,-31.317476,-27.101662,-41.555882
220,5,11-Jan-13,14:00,0.06,1160.956,1591.582,1160.956,1591.582,-430.626,-760.724569,Charge,330.098569,330.098569,99.780983,97.19,optimal,-385.540514,-58.341283,-36.034322,-38.894188,-26.310775,-90.943764,-88.655871,-90.943764,-37.750242,-0.0,-0.0,-68.06483,-20.591041,-109.246912,-29.742615,-25.738801,-39.466162
221,5,11-Jan-13,14:30,0.3,1312.84,1505.326,1312.84,1505.326,-192.486,-58.505689,Charge,-133.980311,-133.980311,100.000929,99.77,optimal,-385.540514,-4.486902,-2.771322,-2.991268,-2.023505,-6.994289,-6.818332,-6.994289,-2.90329,-0.0,-0.0,-5.23472,-1.583613,-8.401945,-2.28744,-1.979516,-3.035258
222,5,11-Jan-13,15:00,0.3,1351.022,1383.514,1351.022,1383.514,-32.492,0.495668,Idle,-32.98773,-32.987668,99.999066,99.95,optimal,-385.540514,0.038014,0.023479,0.025342,0.017143,0.059257,0.057766,0.059257,0.024597,0.0,0.0,0.044349,0.013417,0.071182,0.01938,0.016771,0.025715
223,5,11-Jan-13,15:30,0.3,1403.594,1211.68,1403.594,1211.68,191.914,224.837489,Discharge,-32.923489,-32.923489,99.153813,99.86,optimal,-385.540514,17.243176,10.650197,11.495451,7.776334,26.879068,26.202865,26.879068,11.157349,0.0,0.0,20.117038,6.085827,32.288692,8.790639,7.607283,11.664501
224,5,11-Jan-13,16:00,0.3,1492.73,1250.638,1492.73,1250.638,242.092,275.015466,Discharge,-32.923465,-32.923466,98.11992,99.01,optimal,-385.540514,21.091412,13.027048,14.060941,9.511813,32.877789,32.050675,32.877789,13.647384,0.0,0.0,24.606647,7.444028,39.494702,10.752484,9.305035,14.26772
225,5,11-Jan-13,16:30,0.3,1449.684,1138.992,1449.684,1138.992,310.692,343.615442,Discharge,-32.923442,-32.923442,96.828133,97.95,optimal,-385.540514,26.352462,16.276521,17.568308,11.884444,41.078839,40.045409,41.078839,17.051593,0.0,0.0,30.74454,9.300869,49.346278,13.434589,11.626086,17.826666
226,5,11-Jan-13,17:00,0.3,1618.772,944.804,1618.772,944.804,673.968,706.891419,Discharge,-32.923419,-32.923419,94.170646,96.54,optimal,-385.540514,54.212725,33.48433,36.141817,24.448876,84.508072,82.382083,84.508072,35.078822,0.0,0.0,63.24818,19.133903,101.515986,27.63786,23.917379,36.673314
227,5,11-Jan-13,17:30,0.3,1714.354,735.012,1714.354,735.012,979.342,1012.265397,Discharge,-32.923396,-32.923397,90.365137,93.78,optimal,-385.540514,77.632384,47.949414,51.754923,35.010683,121.015187,117.970779,121.015187,50.232719,0.0,0.0,90.571114,27.399665,145.370444,39.577294,34.249581,52.516024
228,5,11-Jan-13,18:00,0.3,1762.644,521.758,1762.644,521.758,1240.886,1273.809374,Discharge,-32.923374,-32.923374,85.57638,89.86,optimal,-385.540514,97.690644,60.338339,65.127096,44.056565,152.282474,148.451468,152.282474,63.211593,0.0,0.0,113.972418,34.479051,182.930519,49.803073,43.098813,66.084847
229,5,11-Jan-13,18:30,0.3,1871.918,324.028,1871.918,324.028,1547.89,1580.813353,Discharge,-32.923352,-32.923353,79.633473,84.94,optimal,-385.540514,121.23531,74.880632,80.82354,54.674748,188.984453,184.230128,188.984453,78.446377,0.0,0.0,141.441195,42.788933,227.01906,61.806236,53.486166,82.012121
230,5,11-Jan-13,19:00,0.3,1936.316,160.252,1936.316,160.252,1776.064,1808.987331,Discharge,-32.92333,-32.923331,72.832768,78.92,optimal,-385.540514,138.734367,85.688874,92.489578,62.566479,216.262395,210.821832,216.262395,89.769296,0.0,0.0,161.856761,48.965071,259.786902,70.727324,61.206338,93.849719
231,5,11-Jan-13,19:30,0.3,1998.146,62.792,1998.146,62.792,1935.354,1968.27731,Discharge,-32.923309,-32.92331,65.43323,72.05,optimal,-385.540514,150.950591,93.234188,100.633727,68.075757,235.305333,229.385701,235.305333,97.673912,0.0,0.0,176.109022,53.276679,282.662381,76.955203,66.595849,102.113635
232,5,11-Jan-13,20:00,0.3,1955.402,11.368,1955.402,11.368,1944.034,1976.957289,Discharge,-32.923288,-32.923289,58.001059,64.64,optimal,-385.540514,151.616273,93.645345,101.077516,68.375966,236.343014,230.397278,236.343014,98.104647,0.0,0.0,176.885652,53.511626,283.908904,77.294571,66.889532,102.56395
233,5,11-Jan-13,20:30,0.06,1932.538,0.212,1932.538,0.212,1932.326,1096.942311,Discharge,835.383689,835.383689,53.877216,57.52,optimal,-385.540514,84.126403,51.960425,56.084269,37.939358,131.138216,127.839142,131.138216,54.434731,0.0,0.0,98.14747,29.691672,157.530813,42.88797,37.114589,56.909037
234,5,11-Jan-13,21:00,0.06,1973.416,0.252,1973.416,0.252,1973.164,1137.780217,Discharge,835.383784,835.383783,49.599847,53.39,optimal,-385.540514,87.258332,53.894852,58.172222,39.351797,136.020342,132.598446,136.020342,56.461274,0.0,0.0,101.801388,30.797058,163.395505,44.48464,38.496323,59.027695
235,5,11-Jan-13,21:30,0.06,1850.426,0.104,1850.426,0.104,1850.322,1014.93813,Discharge,835.38387,835.38387,45.78429,49.17,optimal,-385.540514,77.83736,48.076017,51.891574,35.103123,121.334709,118.282263,121.334709,50.365351,0.0,0.0,90.810254,27.47201,145.754273,39.681792,34.340012,52.654685
236,5,11-Jan-13,22:00,0.06,1708.18,0.168,1708.18,0.168,1708.012,872.628052,Discharge,835.383948,835.383948,42.503733,45.4,optimal,-385.540514,66.923354,41.335013,44.61557,30.181121,104.321699,101.697254,104.321699,43.303347,0.0,0.0,78.077247,23.620007,125.317262,34.117789,29.525009,45.271681
237,5,11-Jan-13,22:30,0.03,1560.41,0.348,1560.41,0.348,1560.062,-360.706103,Charge,1920.768104,1920.768103,43.859771,42.58,optimal,-385.540514,-27.663175,-17.086079,-18.442117,-12.475549,-43.122008,-42.037177,-43.122008,-17.899701,-0.0,-0.0,-32.273704,-9.763473,-51.800651,-14.102795,-12.204342,-18.713324
238,5,11-Jan-13,23:00,0.03,1479.18,0.152,1479.18,0.152,1479.028,-441.740208,Charge,1920.768208,1920.768208,45.520449,43.98,optimal,-385.540514,-33.87782,-20.924536,-22.585214,-15.278233,-52.809544,-51.481002,-52.809544,-21.920943,-0.0,-0.0,-39.524124,-11.956878,-63.437879,-17.271046,-14.946097,-22.917349
239,5,11-Jan-13,23:30,0.03,1418.988,0.564,1418.988,0.564,1418.424,-502.344277,Charge,1920.768277,1920.768277,47.408961,45.67,optimal,-385.540514,-38.525651,-23.795255,-25.683768,-17.374313,-60.054692,-58.543882,-60.054692,-24.928363,-0.0,-0.0,-44.946593,-13.597289,-72.141171,-19.640528,-16.996611,-26.06147
240,5,12-Jan-13,0:00,0.03,1231.666,0.114,1231.666,0.114,1231.552,-689.216312,Charge,1920.768312,1920.768312,50.0,47.65,optimal,-385.540514,-52.857191,-32.647088,-35.238127,-23.837557,-82.395033,-80.322202,-82.395033,-34.201712,-0.0,-0.0,-61.666723,-18.655479,-98.977681,-26.946803,-23.319349,-35.756335
